INFO: Start RISCV Compliance Testsuite
PID: 6308
INFO: Found compiled programs, execute ./run -C to rebuild from scratch
Start testsuite execution
INFO: Check design changes
INFO: Sources didn't change, will not compile the testbench
[0;34mINFO: Execute ./tests/rv32um-p-div.v[0m
  - Config file:      config.cfg
  - BOOT_ADDR:        65536
  - TIMEOUT:          100000
  - MIN_PC:           65908
  - TB_CHOICE:        1 (0=CORE, 1=PLATFORM)
  - TCNAME:           rv32um-p-div
  - SIMULATOR:        icarus
  - NO_VCD:           1
  - INTERACTIVE:      0
  - RAM_MODE:         compliance

       ______    ____  ________
      / ___/ |  / / / / /_  __/
      \__ \| | / / / / / / /  
     ___/ /| |/ / /_/ / / /   
    /____/ |___/\____/ /_/

    v1.10.0

SVUT (@ 18:38:57) Run with Icarus Verilog

SVUT (@ 18:38:57) Start friscv_testbench.sv

SVUT (@ 18:38:57) vvp svut.out 
WARNING: ../common/axi4l_ram.sv:112: $readmemh(test.v): Not enough words in the file for the requested range [0:268435455].
[0;34mINFO: No VCD trace will be created (@ 0) (friscv_testbench.sv:769)[0m
[0;34mINFO: Boot address: 0x00010000 (@ 0.0ns) (friscv_testbench.sv:794)[0m

[0;34mINFO: Start testsuite << FRISCV Testbench >> (@ 0.0ns) (friscv_testbench.sv:896)[0m

[0;34mINFO: Starting << Test 0: rv32ui-p-add >> (@ 0.0ns) (friscv_testbench.sv:898)[0m
[0;34mControlUnit: INFO: (@ 1037.0ns) IDLE -> Boot the processor [0m
[0;34mControlUnit: INFO: (@ 1065.0ns) JAL [0m
[0;37mControlUnit: DEBUG: (@ 1065.0ns) PC=00010000 - 0480006f / Imm20: 00024 / rd: 00  / JAL / J-type [0m
[0;37mControlUnit: DEBUG: (@ 1093.0ns) PC=00010048 - 00000093 / Imm12: 000 / Rs1: 00 / Funct3: 0 / Rd: 01 / ARITH / I-type [0m
[0;37mControlUnit: DEBUG: (@ 1095.0ns) PC=0001004c - 00000113 / Imm12: 000 / Rs1: 00 / Funct3: 0 / Rd: 02 / ARITH / I-type [0m
[0;37mControlUnit: DEBUG: (@ 1113.0ns) PC=00010050 - 00000193 / Imm12: 000 / Rs1: 00 / Funct3: 0 / Rd: 03 / ARITH / I-type [0m
[0;37mControlUnit: DEBUG: (@ 1115.0ns) PC=00010054 - 00000213 / Imm12: 000 / Rs1: 00 / Funct3: 0 / Rd: 04 / ARITH / I-type [0m
[0;37mControlUnit: DEBUG: (@ 1117.0ns) PC=00010058 - 00000293 / Imm12: 000 / Rs1: 00 / Funct3: 0 / Rd: 05 / ARITH / I-type [0m
[0;37mControlUnit: DEBUG: (@ 1119.0ns) PC=0001005c - 00000313 / Imm12: 000 / Rs1: 00 / Funct3: 0 / Rd: 06 / ARITH / I-type [0m
[0;37mControlUnit: DEBUG: (@ 1137.0ns) PC=00010060 - 00000393 / Imm12: 000 / Rs1: 00 / Funct3: 0 / Rd: 07 / ARITH / I-type [0m
[0;37mControlUnit: DEBUG: (@ 1139.0ns) PC=00010064 - 00000413 / Imm12: 000 / Rs1: 00 / Funct3: 0 / Rd: 08 / ARITH / I-type [0m
[0;37mControlUnit: DEBUG: (@ 1141.0ns) PC=00010068 - 00000493 / Imm12: 000 / Rs1: 00 / Funct3: 0 / Rd: 09 / ARITH / I-type [0m
[0;37mControlUnit: DEBUG: (@ 1143.0ns) PC=0001006c - 00000513 / Imm12: 000 / Rs1: 00 / Funct3: 0 / Rd: 0a / ARITH / I-type [0m
[0;37mControlUnit: DEBUG: (@ 1161.0ns) PC=00010070 - 00000593 / Imm12: 000 / Rs1: 00 / Funct3: 0 / Rd: 0b / ARITH / I-type [0m
[0;37mControlUnit: DEBUG: (@ 1163.0ns) PC=00010074 - 00000613 / Imm12: 000 / Rs1: 00 / Funct3: 0 / Rd: 0c / ARITH / I-type [0m
[0;37mControlUnit: DEBUG: (@ 1165.0ns) PC=00010078 - 00000693 / Imm12: 000 / Rs1: 00 / Funct3: 0 / Rd: 0d / ARITH / I-type [0m
[0;37mControlUnit: DEBUG: (@ 1167.0ns) PC=0001007c - 00000713 / Imm12: 000 / Rs1: 00 / Funct3: 0 / Rd: 0e / ARITH / I-type [0m
[0;37mControlUnit: DEBUG: (@ 1185.0ns) PC=00010080 - 00000793 / Imm12: 000 / Rs1: 00 / Funct3: 0 / Rd: 0f / ARITH / I-type [0m
[0;37mControlUnit: DEBUG: (@ 1187.0ns) PC=00010084 - 00000813 / Imm12: 000 / Rs1: 00 / Funct3: 0 / Rd: 10 / ARITH / I-type [0m
[0;37mControlUnit: DEBUG: (@ 1189.0ns) PC=00010088 - 00000893 / Imm12: 000 / Rs1: 00 / Funct3: 0 / Rd: 11 / ARITH / I-type [0m
[0;37mControlUnit: DEBUG: (@ 1191.0ns) PC=0001008c - 00000913 / Imm12: 000 / Rs1: 00 / Funct3: 0 / Rd: 12 / ARITH / I-type [0m
[0;37mControlUnit: DEBUG: (@ 1209.0ns) PC=00010090 - 00000993 / Imm12: 000 / Rs1: 00 / Funct3: 0 / Rd: 13 / ARITH / I-type [0m
[0;37mControlUnit: DEBUG: (@ 1211.0ns) PC=00010094 - 00000a13 / Imm12: 000 / Rs1: 00 / Funct3: 0 / Rd: 14 / ARITH / I-type [0m
[0;37mControlUnit: DEBUG: (@ 1213.0ns) PC=00010098 - 00000a93 / Imm12: 000 / Rs1: 00 / Funct3: 0 / Rd: 15 / ARITH / I-type [0m
[0;37mControlUnit: DEBUG: (@ 1215.0ns) PC=0001009c - 00000b13 / Imm12: 000 / Rs1: 00 / Funct3: 0 / Rd: 16 / ARITH / I-type [0m
[0;37mControlUnit: DEBUG: (@ 1235.0ns) PC=000100a0 - 00000b93 / Imm12: 000 / Rs1: 00 / Funct3: 0 / Rd: 17 / ARITH / I-type [0m
[0;37mControlUnit: DEBUG: (@ 1237.0ns) PC=000100a4 - 00000c13 / Imm12: 000 / Rs1: 00 / Funct3: 0 / Rd: 18 / ARITH / I-type [0m
[0;37mControlUnit: DEBUG: (@ 1239.0ns) PC=000100a8 - 00000c93 / Imm12: 000 / Rs1: 00 / Funct3: 0 / Rd: 19 / ARITH / I-type [0m
[0;37mControlUnit: DEBUG: (@ 1241.0ns) PC=000100ac - 00000d13 / Imm12: 000 / Rs1: 00 / Funct3: 0 / Rd: 1a / ARITH / I-type [0m
[0;37mControlUnit: DEBUG: (@ 1263.0ns) PC=000100b0 - 00000d93 / Imm12: 000 / Rs1: 00 / Funct3: 0 / Rd: 1b / ARITH / I-type [0m
[0;37mControlUnit: DEBUG: (@ 1265.0ns) PC=000100b4 - 00000e13 / Imm12: 000 / Rs1: 00 / Funct3: 0 / Rd: 1c / ARITH / I-type [0m
[0;37mControlUnit: DEBUG: (@ 1267.0ns) PC=000100b8 - 00000e93 / Imm12: 000 / Rs1: 00 / Funct3: 0 / Rd: 1d / ARITH / I-type [0m
[0;37mControlUnit: DEBUG: (@ 1269.0ns) PC=000100bc - 00000f13 / Imm12: 000 / Rs1: 00 / Funct3: 0 / Rd: 1e / ARITH / I-type [0m
[0;37mControlUnit: DEBUG: (@ 1287.0ns) PC=000100c0 - 00000f93 / Imm12: 000 / Rs1: 00 / Funct3: 0 / Rd: 1f / ARITH / I-type [0m
[0;37mControlUnit: DEBUG: (@ 1293.0ns) PC=000100c4 - f1402573 / Csr: f14 / Rs1: 00 / Funct3: 2 / Rd: 0a / CSR / I-type [0m
[0;37mControlUnit: DEBUG: (@ 1295.0ns) PC=000100c8 - 00051063 / Imm12: 000 / Rs2: 00 / Rs1: 0a / Funct3: 1 / BRANCH / B-type [0m
[0;37mControlUnit: DEBUG: (@ 1297.0ns) PC=000100cc - 00000297 / Imm20: 00000 / Rd: 05 / AUIPC / U-type [0m
[0;37mControlUnit: DEBUG: (@ 1311.0ns) PC=000100d0 - 01028293 / Imm12: 010 / Rs1: 05 / Funct3: 0 / Rd: 05 / ARITH / I-type [0m
[0;37mControlUnit: DEBUG: (@ 1317.0ns) PC=000100d4 - 30529073 / Csr: 305 / Rs1: 05 / Funct3: 1 / Rd: 00 / CSR / I-type [0m
[0;37mControlUnit: DEBUG: (@ 1319.0ns) PC=000100d8 - 18005073 / Csr: 180 / Rs1: 00 / Funct3: 5 / Rd: 00 / CSR / I-type [0m
[0;37mControlUnit: DEBUG: (@ 1321.0ns) PC=000100dc - 00000297 / Imm20: 00000 / Rd: 05 / AUIPC / U-type [0m
[0;37mControlUnit: DEBUG: (@ 1337.0ns) PC=000100e0 - 02028293 / Imm12: 020 / Rs1: 05 / Funct3: 0 / Rd: 05 / ARITH / I-type [0m
[0;37mControlUnit: DEBUG: (@ 1343.0ns) PC=000100e4 - 30529073 / Csr: 305 / Rs1: 05 / Funct3: 1 / Rd: 00 / CSR / I-type [0m
[0;37mControlUnit: DEBUG: (@ 1345.0ns) PC=000100e8 - 800002b7 / Imm20: 80000 / Rd: 05 / LUI / U-type [0m
[0;37mControlUnit: DEBUG: (@ 1347.0ns) PC=000100ec - fff28293 / Imm12: fff / Rs1: 05 / Funct3: 0 / Rd: 05 / ARITH / I-type [0m
[0;37mControlUnit: DEBUG: (@ 1365.0ns) PC=000100f0 - 3b029073 / Csr: 3b0 / Rs1: 05 / Funct3: 1 / Rd: 00 / CSR / I-type [0m
[0;37mControlUnit: DEBUG: (@ 1367.0ns) PC=000100f4 - 01f00293 / Imm12: 01f / Rs1: 00 / Funct3: 0 / Rd: 05 / ARITH / I-type [0m
[0;37mControlUnit: DEBUG: (@ 1373.0ns) PC=000100f8 - 3a029073 / Csr: 3a0 / Rs1: 05 / Funct3: 1 / Rd: 00 / CSR / I-type [0m
[0;37mControlUnit: DEBUG: (@ 1375.0ns) PC=000100fc - 30405073 / Csr: 304 / Rs1: 00 / Funct3: 5 / Rd: 00 / CSR / I-type [0m
[0;37mControlUnit: DEBUG: (@ 1395.0ns) PC=00010100 - 00000297 / Imm20: 00000 / Rd: 05 / AUIPC / U-type [0m
[0;37mControlUnit: DEBUG: (@ 1397.0ns) PC=00010104 - 01428293 / Imm12: 014 / Rs1: 05 / Funct3: 0 / Rd: 05 / ARITH / I-type [0m
[0;37mControlUnit: DEBUG: (@ 1403.0ns) PC=00010108 - 30529073 / Csr: 305 / Rs1: 05 / Funct3: 1 / Rd: 00 / CSR / I-type [0m
[0;37mControlUnit: DEBUG: (@ 1405.0ns) PC=0001010c - 30205073 / Csr: 302 / Rs1: 00 / Funct3: 5 / Rd: 00 / CSR / I-type [0m
[0;37mControlUnit: DEBUG: (@ 1427.0ns) PC=00010110 - 30305073 / Csr: 303 / Rs1: 00 / Funct3: 5 / Rd: 00 / CSR / I-type [0m
[0;37mControlUnit: DEBUG: (@ 1429.0ns) PC=00010114 - 00000193 / Imm12: 000 / Rs1: 00 / Funct3: 0 / Rd: 03 / ARITH / I-type [0m
[0;37mControlUnit: DEBUG: (@ 1435.0ns) PC=00010118 - 00000297 / Imm20: 00000 / Rd: 05 / AUIPC / U-type [0m
[0;37mControlUnit: DEBUG: (@ 1437.0ns) PC=0001011c - eec28293 / Imm12: eec / Rs1: 05 / Funct3: 0 / Rd: 05 / ARITH / I-type [0m
[0;37mControlUnit: DEBUG: (@ 1461.0ns) PC=00010120 - 30529073 / Csr: 305 / Rs1: 05 / Funct3: 1 / Rd: 00 / CSR / I-type [0m
[0;37mControlUnit: DEBUG: (@ 1463.0ns) PC=00010124 - 00100513 / Imm12: 001 / Rs1: 00 / Funct3: 0 / Rd: 0a / ARITH / I-type [0m
[0;37mControlUnit: DEBUG: (@ 1465.0ns) PC=00010128 - 01f51513 / Imm12: 01f / Rs1: 0a / Funct3: 1 / Rd: 0a / ARITH / I-type [0m
[0;37mControlUnit: DEBUG: (@ 1471.0ns) PC=0001012c - 00054c63 / Imm12: 00c / Rs2: 00 / Rs1: 0a / Funct3: 4 / BRANCH / B-type [0m
[0;34mControlUnit: INFO: (@ 1471.0ns) Branching [0m
[0;37mControlUnit: DEBUG: (@ 1535.0ns) PC=00010144 - 00000293 / Imm12: 000 / Rs1: 00 / Funct3: 0 / Rd: 05 / ARITH / I-type [0m
[0;37mControlUnit: DEBUG: (@ 1541.0ns) PC=00010148 - 00028a63 / Imm12: 00a / Rs2: 00 / Rs1: 05 / Funct3: 0 / BRANCH / B-type [0m
[0;34mControlUnit: INFO: (@ 1541.0ns) Branching [0m
[0;37mControlUnit: DEBUG: (@ 1575.0ns) PC=0001015c - 30005073 / Csr: 300 / Rs1: 00 / Funct3: 5 / Rd: 00 / CSR / I-type [0m
[0;37mControlUnit: DEBUG: (@ 1617.0ns) PC=00010160 - 00000297 / Imm20: 00000 / Rd: 05 / AUIPC / U-type [0m
[0;37mControlUnit: DEBUG: (@ 1619.0ns) PC=00010164 - 01428293 / Imm12: 014 / Rs1: 05 / Funct3: 0 / Rd: 05 / ARITH / I-type [0m
[0;37mControlUnit: DEBUG: (@ 1625.0ns) PC=00010168 - 34129073 / Csr: 341 / Rs1: 05 / Funct3: 1 / Rd: 00 / CSR / I-type [0m
[0;37mControlUnit: DEBUG: (@ 1627.0ns) PC=0001016c - f1402573 / Csr: f14 / Rs1: 00 / Funct3: 2 / Rd: 0a / CSR / I-type [0m
[0;37mControlUnit: DEBUG: (@ 1661.0ns) PC=00010170 - 30200073 / Csr: 302 / Rs1: 00 / Funct3: 0 / Rd: 00 / MRET - I-type [0m
[0;34mControlUnit: INFO: (@ 1661.0ns) MRET -> Machine Return [0m
[0;37mControlUnit: DEBUG: (@ 1667.0ns) PC=00010174 - 01400093 / Imm12: 014 / Rs1: 00 / Funct3: 0 / Rd: 01 / ARITH / I-type [0m
[0;37mControlUnit: DEBUG: (@ 1669.0ns) PC=00010178 - 00600113 / Imm12: 006 / Rs1: 00 / Funct3: 0 / Rd: 02 / ARITH / I-type [0m
[0;37mControlUnit: DEBUG: (@ 1671.0ns) PC=0001017c - 0220c733 / Funct7: 01 / Rs2: 02 / Rs1: 01 / Funct3: 4 / Rd: 0e / MULDIV / R-type [0m
[0;37mControlUnit: DEBUG: (@ 1707.0ns) PC=00010180 - 00300393 / Imm12: 003 / Rs1: 00 / Funct3: 0 / Rd: 07 / ARITH / I-type [0m
[0;37mControlUnit: DEBUG: (@ 1709.0ns) PC=00010184 - 00200193 / Imm12: 002 / Rs1: 00 / Funct3: 0 / Rd: 03 / ARITH / I-type [0m
[0;37mControlUnit: DEBUG: (@ 1743.0ns) PC=00010188 - 0c771463 / Imm12: 064 / Rs2: 07 / Rs1: 0e / Funct3: 1 / BRANCH / B-type [0m
[0;37mControlUnit: DEBUG: (@ 1745.0ns) PC=0001018c - fec00093 / Imm12: fec / Rs1: 00 / Funct3: 0 / Rd: 01 / ARITH / I-type [0m
[0;37mControlUnit: DEBUG: (@ 1755.0ns) PC=00010190 - 00600113 / Imm12: 006 / Rs1: 00 / Funct3: 0 / Rd: 02 / ARITH / I-type [0m
[0;37mControlUnit: DEBUG: (@ 1757.0ns) PC=00010194 - 0220c733 / Funct7: 01 / Rs2: 02 / Rs1: 01 / Funct3: 4 / Rd: 0e / MULDIV / R-type [0m
[0;37mControlUnit: DEBUG: (@ 1759.0ns) PC=00010198 - ffd00393 / Imm12: ffd / Rs1: 00 / Funct3: 0 / Rd: 07 / ARITH / I-type [0m
[0;37mControlUnit: DEBUG: (@ 1761.0ns) PC=0001019c - 00300193 / Imm12: 003 / Rs1: 00 / Funct3: 0 / Rd: 03 / ARITH / I-type [0m
[0;37mControlUnit: DEBUG: (@ 1829.0ns) PC=000101a0 - 0a771863 / Imm12: 058 / Rs2: 07 / Rs1: 0e / Funct3: 1 / BRANCH / B-type [0m
[0;37mControlUnit: DEBUG: (@ 1831.0ns) PC=000101a4 - 01400093 / Imm12: 014 / Rs1: 00 / Funct3: 0 / Rd: 01 / ARITH / I-type [0m
[0;37mControlUnit: DEBUG: (@ 1833.0ns) PC=000101a8 - ffa00113 / Imm12: ffa / Rs1: 00 / Funct3: 0 / Rd: 02 / ARITH / I-type [0m
[0;37mControlUnit: DEBUG: (@ 1835.0ns) PC=000101ac - 0220c733 / Funct7: 01 / Rs2: 02 / Rs1: 01 / Funct3: 4 / Rd: 0e / MULDIV / R-type [0m
[0;37mControlUnit: DEBUG: (@ 1837.0ns) PC=000101b0 - ffd00393 / Imm12: ffd / Rs1: 00 / Funct3: 0 / Rd: 07 / ARITH / I-type [0m
[0;37mControlUnit: DEBUG: (@ 1839.0ns) PC=000101b4 - 00400193 / Imm12: 004 / Rs1: 00 / Funct3: 0 / Rd: 03 / ARITH / I-type [0m
[0;37mControlUnit: DEBUG: (@ 1907.0ns) PC=000101b8 - 08771c63 / Imm12: 04c / Rs2: 07 / Rs1: 0e / Funct3: 1 / BRANCH / B-type [0m
[0;37mControlUnit: DEBUG: (@ 1909.0ns) PC=000101bc - fec00093 / Imm12: fec / Rs1: 00 / Funct3: 0 / Rd: 01 / ARITH / I-type [0m
[0;37mControlUnit: DEBUG: (@ 1911.0ns) PC=000101c0 - ffa00113 / Imm12: ffa / Rs1: 00 / Funct3: 0 / Rd: 02 / ARITH / I-type [0m
[0;37mControlUnit: DEBUG: (@ 1913.0ns) PC=000101c4 - 0220c733 / Funct7: 01 / Rs2: 02 / Rs1: 01 / Funct3: 4 / Rd: 0e / MULDIV / R-type [0m
[0;37mControlUnit: DEBUG: (@ 1915.0ns) PC=000101c8 - 00300393 / Imm12: 003 / Rs1: 00 / Funct3: 0 / Rd: 07 / ARITH / I-type [0m
[0;37mControlUnit: DEBUG: (@ 1917.0ns) PC=000101cc - 00500193 / Imm12: 005 / Rs1: 00 / Funct3: 0 / Rd: 03 / ARITH / I-type [0m
[0;37mControlUnit: DEBUG: (@ 1985.0ns) PC=000101d0 - 08771063 / Imm12: 040 / Rs2: 07 / Rs1: 0e / Funct3: 1 / BRANCH / B-type [0m
[0;37mControlUnit: DEBUG: (@ 1987.0ns) PC=000101d4 - 800000b7 / Imm20: 80000 / Rd: 01 / LUI / U-type [0m
[0;37mControlUnit: DEBUG: (@ 1989.0ns) PC=000101d8 - 00100113 / Imm12: 001 / Rs1: 00 / Funct3: 0 / Rd: 02 / ARITH / I-type [0m
[0;37mControlUnit: DEBUG: (@ 1991.0ns) PC=000101dc - 0220c733 / Funct7: 01 / Rs2: 02 / Rs1: 01 / Funct3: 4 / Rd: 0e / MULDIV / R-type [0m
[0;37mControlUnit: DEBUG: (@ 2063.0ns) PC=000101e0 - 800003b7 / Imm20: 80000 / Rd: 07 / LUI / U-type [0m
[0;37mControlUnit: DEBUG: (@ 2065.0ns) PC=000101e4 - 00600193 / Imm12: 006 / Rs1: 00 / Funct3: 0 / Rd: 03 / ARITH / I-type [0m
[0;37mControlUnit: DEBUG: (@ 2071.0ns) PC=000101e8 - 06771463 / Imm12: 034 / Rs2: 07 / Rs1: 0e / Funct3: 1 / BRANCH / B-type [0m
[0;37mControlUnit: DEBUG: (@ 2073.0ns) PC=000101ec - 800000b7 / Imm20: 80000 / Rd: 01 / LUI / U-type [0m
[0;37mControlUnit: DEBUG: (@ 2075.0ns) PC=000101f0 - fff00113 / Imm12: fff / Rs1: 00 / Funct3: 0 / Rd: 02 / ARITH / I-type [0m
[0;37mControlUnit: DEBUG: (@ 2077.0ns) PC=000101f4 - 0220c733 / Funct7: 01 / Rs2: 02 / Rs1: 01 / Funct3: 4 / Rd: 0e / MULDIV / R-type [0m
[0;37mControlUnit: DEBUG: (@ 2149.0ns) PC=000101f8 - 800003b7 / Imm20: 80000 / Rd: 07 / LUI / U-type [0m
[0;37mControlUnit: DEBUG: (@ 2151.0ns) PC=000101fc - 00700193 / Imm12: 007 / Rs1: 00 / Funct3: 0 / Rd: 03 / ARITH / I-type [0m
[0;37mControlUnit: DEBUG: (@ 2157.0ns) PC=00010200 - 04771863 / Imm12: 028 / Rs2: 07 / Rs1: 0e / Funct3: 1 / BRANCH / B-type [0m
[0;37mControlUnit: DEBUG: (@ 2159.0ns) PC=00010204 - 800000b7 / Imm20: 80000 / Rd: 01 / LUI / U-type [0m
[0;37mControlUnit: DEBUG: (@ 2161.0ns) PC=00010208 - 00000113 / Imm12: 000 / Rs1: 00 / Funct3: 0 / Rd: 02 / ARITH / I-type [0m
[0;37mControlUnit: DEBUG: (@ 2163.0ns) PC=0001020c - 0220c733 / Funct7: 01 / Rs2: 02 / Rs1: 01 / Funct3: 4 / Rd: 0e / MULDIV / R-type [0m
[0;37mControlUnit: DEBUG: (@ 2165.0ns) PC=00010210 - fff00393 / Imm12: fff / Rs1: 00 / Funct3: 0 / Rd: 07 / ARITH / I-type [0m
[0;37mControlUnit: DEBUG: (@ 2167.0ns) PC=00010214 - 00800193 / Imm12: 008 / Rs1: 00 / Funct3: 0 / Rd: 03 / ARITH / I-type [0m
[0;37mControlUnit: DEBUG: (@ 2173.0ns) PC=00010218 - 02771c63 / Imm12: 01c / Rs2: 07 / Rs1: 0e / Funct3: 1 / BRANCH / B-type [0m
[0;37mControlUnit: DEBUG: (@ 2175.0ns) PC=0001021c - 00100093 / Imm12: 001 / Rs1: 00 / Funct3: 0 / Rd: 01 / ARITH / I-type [0m
[0;37mControlUnit: DEBUG: (@ 2183.0ns) PC=00010220 - 00000113 / Imm12: 000 / Rs1: 00 / Funct3: 0 / Rd: 02 / ARITH / I-type [0m
[0;37mControlUnit: DEBUG: (@ 2185.0ns) PC=00010224 - 0220c733 / Funct7: 01 / Rs2: 02 / Rs1: 01 / Funct3: 4 / Rd: 0e / MULDIV / R-type [0m
[0;37mControlUnit: DEBUG: (@ 2187.0ns) PC=00010228 - fff00393 / Imm12: fff / Rs1: 00 / Funct3: 0 / Rd: 07 / ARITH / I-type [0m
[0;37mControlUnit: DEBUG: (@ 2189.0ns) PC=0001022c - 00900193 / Imm12: 009 / Rs1: 00 / Funct3: 0 / Rd: 03 / ARITH / I-type [0m
[0;37mControlUnit: DEBUG: (@ 2213.0ns) PC=00010230 - 02771063 / Imm12: 010 / Rs2: 07 / Rs1: 0e / Funct3: 1 / BRANCH / B-type [0m
[0;37mControlUnit: DEBUG: (@ 2215.0ns) PC=00010234 - 00000093 / Imm12: 000 / Rs1: 00 / Funct3: 0 / Rd: 01 / ARITH / I-type [0m
[0;37mControlUnit: DEBUG: (@ 2217.0ns) PC=00010238 - 00000113 / Imm12: 000 / Rs1: 00 / Funct3: 0 / Rd: 02 / ARITH / I-type [0m
[0;37mControlUnit: DEBUG: (@ 2219.0ns) PC=0001023c - 0220c733 / Funct7: 01 / Rs2: 02 / Rs1: 01 / Funct3: 4 / Rd: 0e / MULDIV / R-type [0m
[0;37mControlUnit: DEBUG: (@ 2237.0ns) PC=00010240 - fff00393 / Imm12: fff / Rs1: 00 / Funct3: 0 / Rd: 07 / ARITH / I-type [0m
[0;37mControlUnit: DEBUG: (@ 2239.0ns) PC=00010244 - 00a00193 / Imm12: 00a / Rs1: 00 / Funct3: 0 / Rd: 03 / ARITH / I-type [0m
[0;37mControlUnit: DEBUG: (@ 2245.0ns) PC=00010248 - 00771463 / Imm12: 004 / Rs2: 07 / Rs1: 0e / Funct3: 1 / BRANCH / B-type [0m
[0;37mControlUnit: DEBUG: (@ 2247.0ns) PC=0001024c - 02301263 / Imm12: 012 / Rs2: 03 / Rs1: 00 / Funct3: 1 / BRANCH / B-type [0m
[0;34mControlUnit: INFO: (@ 2247.0ns) Branching [0m
[0;37mControlUnit: DEBUG: (@ 2279.0ns) PC=00010270 - 0ff0000f / Imm12: 000 / Rs1: 00 / Funct3: 0 / Rd: 00 / FENCE / I-type [0m
[0;37mControlUnit: DEBUG: (@ 2281.0ns) PC=00010274 - 00100193 / Imm12: 001 / Rs1: 00 / Funct3: 0 / Rd: 03 / ARITH / I-type [0m
[0;37mControlUnit: DEBUG: (@ 2283.0ns) PC=00010278 - 05d00893 / Imm12: 05d / Rs1: 00 / Funct3: 0 / Rd: 11 / ARITH / I-type [0m
[0;37mControlUnit: DEBUG: (@ 2285.0ns) PC=0001027c - 00000513 / Imm12: 000 / Rs1: 00 / Funct3: 0 / Rd: 0a / ARITH / I-type [0m
[0;37mControlUnit: DEBUG: (@ 2309.0ns) PC=00010280 - 00100073 / Imm12: 001 / Rs1: 00 / Funct3: 0 / Rd: 00 / EBREAK - I-type [0m
[0;34mControlUnit: INFO: (@ 2309.0ns) EBREAK -> Stop the processor [0m

[0;34mINFO: PC=0x10280 (@ 2311.0ns) (friscv_testbench.sv:803)[0m
[0;34mINFO: X31=0x0 (@ 2311.0ns) (friscv_testbench.sv:809)[0m
[0;34mINFO: Halt on EBREAK (@ 2311.0ns) (friscv_testbench.sv:816)[0m
[0;34mINFO: Halt on MRET (@ 2311.0ns) (friscv_testbench.sv:817)[0m
pc:       00010280	x16/a6:   00000000
x1/ra:    00000000	x17/a7:   0000005d
x2/sp:    00000000	x18/s2:   00000000
x3/gp:    00000001	x19/s3:   00000000
x4/tp:    00000000	x20/s4:   00000000
x5/t0:    00010174	x21/s5:   00000000
x6/t1:    00000000	x22/s6:   00000000
x7/t2:    ffffffff	x23/s7:   00000000
x8/s0/fp: 00000000	x24/s8:   00000000
x9/s1:    00000000	x25/s9:   00000000
x10/a0:   00000000	x26/s10:  00000000
x11/a1:   00000000	x27/s11:  00000000
x12/a2:   00000000	x28/t3:   00000000
x13/a3:   00000000	x29/t4:   00000000
x14/a4:   ffffffff	x30/t5:   00000000
x15/a5:   00000000	x31/t6:   00000000
[0;32mSUCCESS: << Test 0: rv32ui-p-add >> pass (@ 2311.0ns) (friscv_testbench.sv:906)[0m

[0;34mINFO: Stop testsuite 'FRISCV Testbench' (@ 2311.0ns) (friscv_testbench.sv:908)[0m
  [1;33m- Warning number:  0[0m
  [1;35m- Critical number: 0[0m
  [1;31m- Error number:    0[0m
  [0;32m- STATUS: 1/1 test(s) passed[0m

friscv_testbench.sv:930: $finish called at 2311000 (1ps)

SVUT (@ 18:39:06) Stop friscv_testbench.sv

SVUT (@ 18:39:06) Elapsed time: 0:00:08.644741


[0;34mINFO: Execute ./tests/rv32um-p-divu.v[0m
Sources didn't change, will not compile the testbench
  - Config file:      config.cfg
  - BOOT_ADDR:        65536
  - TIMEOUT:          100000
  - MIN_PC:           65908
  - TB_CHOICE:        1 (0=CORE, 1=PLATFORM)
  - TCNAME:           rv32um-p-divu
  - SIMULATOR:        icarus
  - NO_VCD:           1
  - INTERACTIVE:      0
  - RAM_MODE:         compliance

       ______    ____  ________
      / ___/ |  / / / / /_  __/
      \__ \| | / / / / / / /  
     ___/ /| |/ / /_/ / / /   
    /____/ |___/\____/ /_/

    v1.10.0

SVUT (@ 18:39:06) Run with Icarus Verilog

SVUT (@ 18:39:06) Start friscv_testbench.sv

SVUT (@ 18:39:06) vvp svut.out 
WARNING: ../common/axi4l_ram.sv:112: $readmemh(test.v): Not enough words in the file for the requested range [0:268435455].
[0;34mINFO: No VCD trace will be created (@ 0) (friscv_testbench.sv:769)[0m
[0;34mINFO: Boot address: 0x00010000 (@ 0.0ns) (friscv_testbench.sv:794)[0m

[0;34mINFO: Start testsuite << FRISCV Testbench >> (@ 0.0ns) (friscv_testbench.sv:896)[0m

[0;34mINFO: Starting << Test 0: rv32ui-p-add >> (@ 0.0ns) (friscv_testbench.sv:898)[0m
[0;34mControlUnit: INFO: (@ 1037.0ns) IDLE -> Boot the processor [0m
[0;34mControlUnit: INFO: (@ 1065.0ns) JAL [0m
[0;37mControlUnit: DEBUG: (@ 1065.0ns) PC=00010000 - 0480006f / Imm20: 00024 / rd: 00  / JAL / J-type [0m
[0;37mControlUnit: DEBUG: (@ 1093.0ns) PC=00010048 - 00000093 / Imm12: 000 / Rs1: 00 / Funct3: 0 / Rd: 01 / ARITH / I-type [0m
[0;37mControlUnit: DEBUG: (@ 1095.0ns) PC=0001004c - 00000113 / Imm12: 000 / Rs1: 00 / Funct3: 0 / Rd: 02 / ARITH / I-type [0m
[0;37mControlUnit: DEBUG: (@ 1113.0ns) PC=00010050 - 00000193 / Imm12: 000 / Rs1: 00 / Funct3: 0 / Rd: 03 / ARITH / I-type [0m
[0;37mControlUnit: DEBUG: (@ 1115.0ns) PC=00010054 - 00000213 / Imm12: 000 / Rs1: 00 / Funct3: 0 / Rd: 04 / ARITH / I-type [0m
[0;37mControlUnit: DEBUG: (@ 1117.0ns) PC=00010058 - 00000293 / Imm12: 000 / Rs1: 00 / Funct3: 0 / Rd: 05 / ARITH / I-type [0m
[0;37mControlUnit: DEBUG: (@ 1119.0ns) PC=0001005c - 00000313 / Imm12: 000 / Rs1: 00 / Funct3: 0 / Rd: 06 / ARITH / I-type [0m
[0;37mControlUnit: DEBUG: (@ 1137.0ns) PC=00010060 - 00000393 / Imm12: 000 / Rs1: 00 / Funct3: 0 / Rd: 07 / ARITH / I-type [0m
[0;37mControlUnit: DEBUG: (@ 1139.0ns) PC=00010064 - 00000413 / Imm12: 000 / Rs1: 00 / Funct3: 0 / Rd: 08 / ARITH / I-type [0m
[0;37mControlUnit: DEBUG: (@ 1141.0ns) PC=00010068 - 00000493 / Imm12: 000 / Rs1: 00 / Funct3: 0 / Rd: 09 / ARITH / I-type [0m
[0;37mControlUnit: DEBUG: (@ 1143.0ns) PC=0001006c - 00000513 / Imm12: 000 / Rs1: 00 / Funct3: 0 / Rd: 0a / ARITH / I-type [0m
[0;37mControlUnit: DEBUG: (@ 1161.0ns) PC=00010070 - 00000593 / Imm12: 000 / Rs1: 00 / Funct3: 0 / Rd: 0b / ARITH / I-type [0m
[0;37mControlUnit: DEBUG: (@ 1163.0ns) PC=00010074 - 00000613 / Imm12: 000 / Rs1: 00 / Funct3: 0 / Rd: 0c / ARITH / I-type [0m
[0;37mControlUnit: DEBUG: (@ 1165.0ns) PC=00010078 - 00000693 / Imm12: 000 / Rs1: 00 / Funct3: 0 / Rd: 0d / ARITH / I-type [0m
[0;37mControlUnit: DEBUG: (@ 1167.0ns) PC=0001007c - 00000713 / Imm12: 000 / Rs1: 00 / Funct3: 0 / Rd: 0e / ARITH / I-type [0m
[0;37mControlUnit: DEBUG: (@ 1185.0ns) PC=00010080 - 00000793 / Imm12: 000 / Rs1: 00 / Funct3: 0 / Rd: 0f / ARITH / I-type [0m
[0;37mControlUnit: DEBUG: (@ 1187.0ns) PC=00010084 - 00000813 / Imm12: 000 / Rs1: 00 / Funct3: 0 / Rd: 10 / ARITH / I-type [0m
[0;37mControlUnit: DEBUG: (@ 1189.0ns) PC=00010088 - 00000893 / Imm12: 000 / Rs1: 00 / Funct3: 0 / Rd: 11 / ARITH / I-type [0m
[0;37mControlUnit: DEBUG: (@ 1191.0ns) PC=0001008c - 00000913 / Imm12: 000 / Rs1: 00 / Funct3: 0 / Rd: 12 / ARITH / I-type [0m
[0;37mControlUnit: DEBUG: (@ 1209.0ns) PC=00010090 - 00000993 / Imm12: 000 / Rs1: 00 / Funct3: 0 / Rd: 13 / ARITH / I-type [0m
[0;37mControlUnit: DEBUG: (@ 1211.0ns) PC=00010094 - 00000a13 / Imm12: 000 / Rs1: 00 / Funct3: 0 / Rd: 14 / ARITH / I-type [0m
[0;37mControlUnit: DEBUG: (@ 1213.0ns) PC=00010098 - 00000a93 / Imm12: 000 / Rs1: 00 / Funct3: 0 / Rd: 15 / ARITH / I-type [0m
[0;37mControlUnit: DEBUG: (@ 1215.0ns) PC=0001009c - 00000b13 / Imm12: 000 / Rs1: 00 / Funct3: 0 / Rd: 16 / ARITH / I-type [0m
[0;37mControlUnit: DEBUG: (@ 1235.0ns) PC=000100a0 - 00000b93 / Imm12: 000 / Rs1: 00 / Funct3: 0 / Rd: 17 / ARITH / I-type [0m
[0;37mControlUnit: DEBUG: (@ 1237.0ns) PC=000100a4 - 00000c13 / Imm12: 000 / Rs1: 00 / Funct3: 0 / Rd: 18 / ARITH / I-type [0m
[0;37mControlUnit: DEBUG: (@ 1239.0ns) PC=000100a8 - 00000c93 / Imm12: 000 / Rs1: 00 / Funct3: 0 / Rd: 19 / ARITH / I-type [0m
[0;37mControlUnit: DEBUG: (@ 1241.0ns) PC=000100ac - 00000d13 / Imm12: 000 / Rs1: 00 / Funct3: 0 / Rd: 1a / ARITH / I-type [0m
[0;37mControlUnit: DEBUG: (@ 1263.0ns) PC=000100b0 - 00000d93 / Imm12: 000 / Rs1: 00 / Funct3: 0 / Rd: 1b / ARITH / I-type [0m
[0;37mControlUnit: DEBUG: (@ 1265.0ns) PC=000100b4 - 00000e13 / Imm12: 000 / Rs1: 00 / Funct3: 0 / Rd: 1c / ARITH / I-type [0m
[0;37mControlUnit: DEBUG: (@ 1267.0ns) PC=000100b8 - 00000e93 / Imm12: 000 / Rs1: 00 / Funct3: 0 / Rd: 1d / ARITH / I-type [0m
[0;37mControlUnit: DEBUG: (@ 1269.0ns) PC=000100bc - 00000f13 / Imm12: 000 / Rs1: 00 / Funct3: 0 / Rd: 1e / ARITH / I-type [0m
[0;37mControlUnit: DEBUG: (@ 1287.0ns) PC=000100c0 - 00000f93 / Imm12: 000 / Rs1: 00 / Funct3: 0 / Rd: 1f / ARITH / I-type [0m
[0;37mControlUnit: DEBUG: (@ 1293.0ns) PC=000100c4 - f1402573 / Csr: f14 / Rs1: 00 / Funct3: 2 / Rd: 0a / CSR / I-type [0m
[0;37mControlUnit: DEBUG: (@ 1295.0ns) PC=000100c8 - 00051063 / Imm12: 000 / Rs2: 00 / Rs1: 0a / Funct3: 1 / BRANCH / B-type [0m
[0;37mControlUnit: DEBUG: (@ 1297.0ns) PC=000100cc - 00000297 / Imm20: 00000 / Rd: 05 / AUIPC / U-type [0m
[0;37mControlUnit: DEBUG: (@ 1311.0ns) PC=000100d0 - 01028293 / Imm12: 010 / Rs1: 05 / Funct3: 0 / Rd: 05 / ARITH / I-type [0m
[0;37mControlUnit: DEBUG: (@ 1317.0ns) PC=000100d4 - 30529073 / Csr: 305 / Rs1: 05 / Funct3: 1 / Rd: 00 / CSR / I-type [0m
[0;37mControlUnit: DEBUG: (@ 1319.0ns) PC=000100d8 - 18005073 / Csr: 180 / Rs1: 00 / Funct3: 5 / Rd: 00 / CSR / I-type [0m
[0;37mControlUnit: DEBUG: (@ 1321.0ns) PC=000100dc - 00000297 / Imm20: 00000 / Rd: 05 / AUIPC / U-type [0m
[0;37mControlUnit: DEBUG: (@ 1337.0ns) PC=000100e0 - 02028293 / Imm12: 020 / Rs1: 05 / Funct3: 0 / Rd: 05 / ARITH / I-type [0m
[0;37mControlUnit: DEBUG: (@ 1343.0ns) PC=000100e4 - 30529073 / Csr: 305 / Rs1: 05 / Funct3: 1 / Rd: 00 / CSR / I-type [0m
[0;37mControlUnit: DEBUG: (@ 1345.0ns) PC=000100e8 - 800002b7 / Imm20: 80000 / Rd: 05 / LUI / U-type [0m
[0;37mControlUnit: DEBUG: (@ 1347.0ns) PC=000100ec - fff28293 / Imm12: fff / Rs1: 05 / Funct3: 0 / Rd: 05 / ARITH / I-type [0m
[0;37mControlUnit: DEBUG: (@ 1365.0ns) PC=000100f0 - 3b029073 / Csr: 3b0 / Rs1: 05 / Funct3: 1 / Rd: 00 / CSR / I-type [0m
[0;37mControlUnit: DEBUG: (@ 1367.0ns) PC=000100f4 - 01f00293 / Imm12: 01f / Rs1: 00 / Funct3: 0 / Rd: 05 / ARITH / I-type [0m
[0;37mControlUnit: DEBUG: (@ 1373.0ns) PC=000100f8 - 3a029073 / Csr: 3a0 / Rs1: 05 / Funct3: 1 / Rd: 00 / CSR / I-type [0m
[0;37mControlUnit: DEBUG: (@ 1375.0ns) PC=000100fc - 30405073 / Csr: 304 / Rs1: 00 / Funct3: 5 / Rd: 00 / CSR / I-type [0m
[0;37mControlUnit: DEBUG: (@ 1395.0ns) PC=00010100 - 00000297 / Imm20: 00000 / Rd: 05 / AUIPC / U-type [0m
[0;37mControlUnit: DEBUG: (@ 1397.0ns) PC=00010104 - 01428293 / Imm12: 014 / Rs1: 05 / Funct3: 0 / Rd: 05 / ARITH / I-type [0m
[0;37mControlUnit: DEBUG: (@ 1403.0ns) PC=00010108 - 30529073 / Csr: 305 / Rs1: 05 / Funct3: 1 / Rd: 00 / CSR / I-type [0m
[0;37mControlUnit: DEBUG: (@ 1405.0ns) PC=0001010c - 30205073 / Csr: 302 / Rs1: 00 / Funct3: 5 / Rd: 00 / CSR / I-type [0m
[0;37mControlUnit: DEBUG: (@ 1427.0ns) PC=00010110 - 30305073 / Csr: 303 / Rs1: 00 / Funct3: 5 / Rd: 00 / CSR / I-type [0m
[0;37mControlUnit: DEBUG: (@ 1429.0ns) PC=00010114 - 00000193 / Imm12: 000 / Rs1: 00 / Funct3: 0 / Rd: 03 / ARITH / I-type [0m
[0;37mControlUnit: DEBUG: (@ 1435.0ns) PC=00010118 - 00000297 / Imm20: 00000 / Rd: 05 / AUIPC / U-type [0m
[0;37mControlUnit: DEBUG: (@ 1437.0ns) PC=0001011c - eec28293 / Imm12: eec / Rs1: 05 / Funct3: 0 / Rd: 05 / ARITH / I-type [0m
[0;37mControlUnit: DEBUG: (@ 1461.0ns) PC=00010120 - 30529073 / Csr: 305 / Rs1: 05 / Funct3: 1 / Rd: 00 / CSR / I-type [0m
[0;37mControlUnit: DEBUG: (@ 1463.0ns) PC=00010124 - 00100513 / Imm12: 001 / Rs1: 00 / Funct3: 0 / Rd: 0a / ARITH / I-type [0m
[0;37mControlUnit: DEBUG: (@ 1465.0ns) PC=00010128 - 01f51513 / Imm12: 01f / Rs1: 0a / Funct3: 1 / Rd: 0a / ARITH / I-type [0m
[0;37mControlUnit: DEBUG: (@ 1471.0ns) PC=0001012c - 00054c63 / Imm12: 00c / Rs2: 00 / Rs1: 0a / Funct3: 4 / BRANCH / B-type [0m
[0;34mControlUnit: INFO: (@ 1471.0ns) Branching [0m
[0;37mControlUnit: DEBUG: (@ 1535.0ns) PC=00010144 - 00000293 / Imm12: 000 / Rs1: 00 / Funct3: 0 / Rd: 05 / ARITH / I-type [0m
[0;37mControlUnit: DEBUG: (@ 1541.0ns) PC=00010148 - 00028a63 / Imm12: 00a / Rs2: 00 / Rs1: 05 / Funct3: 0 / BRANCH / B-type [0m
[0;34mControlUnit: INFO: (@ 1541.0ns) Branching [0m
[0;37mControlUnit: DEBUG: (@ 1575.0ns) PC=0001015c - 30005073 / Csr: 300 / Rs1: 00 / Funct3: 5 / Rd: 00 / CSR / I-type [0m
[0;37mControlUnit: DEBUG: (@ 1617.0ns) PC=00010160 - 00000297 / Imm20: 00000 / Rd: 05 / AUIPC / U-type [0m
[0;37mControlUnit: DEBUG: (@ 1619.0ns) PC=00010164 - 01428293 / Imm12: 014 / Rs1: 05 / Funct3: 0 / Rd: 05 / ARITH / I-type [0m
[0;37mControlUnit: DEBUG: (@ 1625.0ns) PC=00010168 - 34129073 / Csr: 341 / Rs1: 05 / Funct3: 1 / Rd: 00 / CSR / I-type [0m
[0;37mControlUnit: DEBUG: (@ 1627.0ns) PC=0001016c - f1402573 / Csr: f14 / Rs1: 00 / Funct3: 2 / Rd: 0a / CSR / I-type [0m
[0;37mControlUnit: DEBUG: (@ 1661.0ns) PC=00010170 - 30200073 / Csr: 302 / Rs1: 00 / Funct3: 0 / Rd: 00 / MRET - I-type [0m
[0;34mControlUnit: INFO: (@ 1661.0ns) MRET -> Machine Return [0m
[0;37mControlUnit: DEBUG: (@ 1667.0ns) PC=00010174 - 01400093 / Imm12: 014 / Rs1: 00 / Funct3: 0 / Rd: 01 / ARITH / I-type [0m
[0;37mControlUnit: DEBUG: (@ 1669.0ns) PC=00010178 - 00600113 / Imm12: 006 / Rs1: 00 / Funct3: 0 / Rd: 02 / ARITH / I-type [0m
[0;37mControlUnit: DEBUG: (@ 1671.0ns) PC=0001017c - 0220d733 / Funct7: 01 / Rs2: 02 / Rs1: 01 / Funct3: 5 / Rd: 0e / MULDIV / R-type [0m
[0;37mControlUnit: DEBUG: (@ 1707.0ns) PC=00010180 - 00300393 / Imm12: 003 / Rs1: 00 / Funct3: 0 / Rd: 07 / ARITH / I-type [0m
[0;37mControlUnit: DEBUG: (@ 1709.0ns) PC=00010184 - 00200193 / Imm12: 002 / Rs1: 00 / Funct3: 0 / Rd: 03 / ARITH / I-type [0m
[0;37mControlUnit: DEBUG: (@ 1743.0ns) PC=00010188 - 0c771663 / Imm12: 066 / Rs2: 07 / Rs1: 0e / Funct3: 1 / BRANCH / B-type [0m
[0;37mControlUnit: DEBUG: (@ 1745.0ns) PC=0001018c - fec00093 / Imm12: fec / Rs1: 00 / Funct3: 0 / Rd: 01 / ARITH / I-type [0m
[0;37mControlUnit: DEBUG: (@ 1755.0ns) PC=00010190 - 00600113 / Imm12: 006 / Rs1: 00 / Funct3: 0 / Rd: 02 / ARITH / I-type [0m
[0;37mControlUnit: DEBUG: (@ 1757.0ns) PC=00010194 - 0220d733 / Funct7: 01 / Rs2: 02 / Rs1: 01 / Funct3: 5 / Rd: 0e / MULDIV / R-type [0m
[0;37mControlUnit: DEBUG: (@ 1829.0ns) PC=00010198 - 2aaab3b7 / Imm20: 2aaab / Rd: 07 / LUI / U-type [0m
[0;37mControlUnit: DEBUG: (@ 1831.0ns) PC=0001019c - aa738393 / Imm12: aa7 / Rs1: 07 / Funct3: 0 / Rd: 07 / ARITH / I-type [0m
[0;37mControlUnit: DEBUG: (@ 1833.0ns) PC=000101a0 - 00300193 / Imm12: 003 / Rs1: 00 / Funct3: 0 / Rd: 03 / ARITH / I-type [0m
[0;37mControlUnit: DEBUG: (@ 1839.0ns) PC=000101a4 - 0a771863 / Imm12: 058 / Rs2: 07 / Rs1: 0e / Funct3: 1 / BRANCH / B-type [0m
[0;37mControlUnit: DEBUG: (@ 1841.0ns) PC=000101a8 - 01400093 / Imm12: 014 / Rs1: 00 / Funct3: 0 / Rd: 01 / ARITH / I-type [0m
[0;37mControlUnit: DEBUG: (@ 1843.0ns) PC=000101ac - ffa00113 / Imm12: ffa / Rs1: 00 / Funct3: 0 / Rd: 02 / ARITH / I-type [0m
[0;37mControlUnit: DEBUG: (@ 1845.0ns) PC=000101b0 - 0220d733 / Funct7: 01 / Rs2: 02 / Rs1: 01 / Funct3: 5 / Rd: 0e / MULDIV / R-type [0m
[0;37mControlUnit: DEBUG: (@ 1847.0ns) PC=000101b4 - 00000393 / Imm12: 000 / Rs1: 00 / Funct3: 0 / Rd: 07 / ARITH / I-type [0m
[0;37mControlUnit: DEBUG: (@ 1849.0ns) PC=000101b8 - 00400193 / Imm12: 004 / Rs1: 00 / Funct3: 0 / Rd: 03 / ARITH / I-type [0m
[0;37mControlUnit: DEBUG: (@ 1917.0ns) PC=000101bc - 08771c63 / Imm12: 04c / Rs2: 07 / Rs1: 0e / Funct3: 1 / BRANCH / B-type [0m
[0;37mControlUnit: DEBUG: (@ 1919.0ns) PC=000101c0 - fec00093 / Imm12: fec / Rs1: 00 / Funct3: 0 / Rd: 01 / ARITH / I-type [0m
[0;37mControlUnit: DEBUG: (@ 1921.0ns) PC=000101c4 - ffa00113 / Imm12: ffa / Rs1: 00 / Funct3: 0 / Rd: 02 / ARITH / I-type [0m
[0;37mControlUnit: DEBUG: (@ 1923.0ns) PC=000101c8 - 0220d733 / Funct7: 01 / Rs2: 02 / Rs1: 01 / Funct3: 5 / Rd: 0e / MULDIV / R-type [0m
[0;37mControlUnit: DEBUG: (@ 1925.0ns) PC=000101cc - 00000393 / Imm12: 000 / Rs1: 00 / Funct3: 0 / Rd: 07 / ARITH / I-type [0m
[0;37mControlUnit: DEBUG: (@ 1927.0ns) PC=000101d0 - 00500193 / Imm12: 005 / Rs1: 00 / Funct3: 0 / Rd: 03 / ARITH / I-type [0m
[0;37mControlUnit: DEBUG: (@ 1995.0ns) PC=000101d4 - 08771063 / Imm12: 040 / Rs2: 07 / Rs1: 0e / Funct3: 1 / BRANCH / B-type [0m
[0;37mControlUnit: DEBUG: (@ 1997.0ns) PC=000101d8 - 800000b7 / Imm20: 80000 / Rd: 01 / LUI / U-type [0m
[0;37mControlUnit: DEBUG: (@ 1999.0ns) PC=000101dc - 00100113 / Imm12: 001 / Rs1: 00 / Funct3: 0 / Rd: 02 / ARITH / I-type [0m
[0;37mControlUnit: DEBUG: (@ 2001.0ns) PC=000101e0 - 0220d733 / Funct7: 01 / Rs2: 02 / Rs1: 01 / Funct3: 5 / Rd: 0e / MULDIV / R-type [0m
[0;37mControlUnit: DEBUG: (@ 2073.0ns) PC=000101e4 - 800003b7 / Imm20: 80000 / Rd: 07 / LUI / U-type [0m
[0;37mControlUnit: DEBUG: (@ 2075.0ns) PC=000101e8 - 00600193 / Imm12: 006 / Rs1: 00 / Funct3: 0 / Rd: 03 / ARITH / I-type [0m
[0;37mControlUnit: DEBUG: (@ 2081.0ns) PC=000101ec - 06771463 / Imm12: 034 / Rs2: 07 / Rs1: 0e / Funct3: 1 / BRANCH / B-type [0m
[0;37mControlUnit: DEBUG: (@ 2083.0ns) PC=000101f0 - 800000b7 / Imm20: 80000 / Rd: 01 / LUI / U-type [0m
[0;37mControlUnit: DEBUG: (@ 2085.0ns) PC=000101f4 - fff00113 / Imm12: fff / Rs1: 00 / Funct3: 0 / Rd: 02 / ARITH / I-type [0m
[0;37mControlUnit: DEBUG: (@ 2087.0ns) PC=000101f8 - 0220d733 / Funct7: 01 / Rs2: 02 / Rs1: 01 / Funct3: 5 / Rd: 0e / MULDIV / R-type [0m
[0;37mControlUnit: DEBUG: (@ 2089.0ns) PC=000101fc - 00000393 / Imm12: 000 / Rs1: 00 / Funct3: 0 / Rd: 07 / ARITH / I-type [0m
[0;37mControlUnit: DEBUG: (@ 2091.0ns) PC=00010200 - 00700193 / Imm12: 007 / Rs1: 00 / Funct3: 0 / Rd: 03 / ARITH / I-type [0m
[0;37mControlUnit: DEBUG: (@ 2159.0ns) PC=00010204 - 04771863 / Imm12: 028 / Rs2: 07 / Rs1: 0e / Funct3: 1 / BRANCH / B-type [0m
[0;37mControlUnit: DEBUG: (@ 2161.0ns) PC=00010208 - 800000b7 / Imm20: 80000 / Rd: 01 / LUI / U-type [0m
[0;37mControlUnit: DEBUG: (@ 2163.0ns) PC=0001020c - 00000113 / Imm12: 000 / Rs1: 00 / Funct3: 0 / Rd: 02 / ARITH / I-type [0m
[0;37mControlUnit: DEBUG: (@ 2165.0ns) PC=00010210 - 0220d733 / Funct7: 01 / Rs2: 02 / Rs1: 01 / Funct3: 5 / Rd: 0e / MULDIV / R-type [0m
[0;37mControlUnit: DEBUG: (@ 2167.0ns) PC=00010214 - fff00393 / Imm12: fff / Rs1: 00 / Funct3: 0 / Rd: 07 / ARITH / I-type [0m
[0;37mControlUnit: DEBUG: (@ 2169.0ns) PC=00010218 - 00800193 / Imm12: 008 / Rs1: 00 / Funct3: 0 / Rd: 03 / ARITH / I-type [0m
[0;37mControlUnit: DEBUG: (@ 2175.0ns) PC=0001021c - 02771c63 / Imm12: 01c / Rs2: 07 / Rs1: 0e / Funct3: 1 / BRANCH / B-type [0m
[0;37mControlUnit: DEBUG: (@ 2177.0ns) PC=00010220 - 00100093 / Imm12: 001 / Rs1: 00 / Funct3: 0 / Rd: 01 / ARITH / I-type [0m
[0;37mControlUnit: DEBUG: (@ 2179.0ns) PC=00010224 - 00000113 / Imm12: 000 / Rs1: 00 / Funct3: 0 / Rd: 02 / ARITH / I-type [0m
[0;37mControlUnit: DEBUG: (@ 2181.0ns) PC=00010228 - 0220d733 / Funct7: 01 / Rs2: 02 / Rs1: 01 / Funct3: 5 / Rd: 0e / MULDIV / R-type [0m
[0;37mControlUnit: DEBUG: (@ 2183.0ns) PC=0001022c - fff00393 / Imm12: fff / Rs1: 00 / Funct3: 0 / Rd: 07 / ARITH / I-type [0m
[0;37mControlUnit: DEBUG: (@ 2189.0ns) PC=00010230 - 00900193 / Imm12: 009 / Rs1: 00 / Funct3: 0 / Rd: 03 / ARITH / I-type [0m
[0;37mControlUnit: DEBUG: (@ 2195.0ns) PC=00010234 - 02771063 / Imm12: 010 / Rs2: 07 / Rs1: 0e / Funct3: 1 / BRANCH / B-type [0m
[0;37mControlUnit: DEBUG: (@ 2197.0ns) PC=00010238 - 00000093 / Imm12: 000 / Rs1: 00 / Funct3: 0 / Rd: 01 / ARITH / I-type [0m
[0;37mControlUnit: DEBUG: (@ 2199.0ns) PC=0001023c - 00000113 / Imm12: 000 / Rs1: 00 / Funct3: 0 / Rd: 02 / ARITH / I-type [0m
[0;37mControlUnit: DEBUG: (@ 2213.0ns) PC=00010240 - 0220d733 / Funct7: 01 / Rs2: 02 / Rs1: 01 / Funct3: 5 / Rd: 0e / MULDIV / R-type [0m
[0;37mControlUnit: DEBUG: (@ 2215.0ns) PC=00010244 - fff00393 / Imm12: fff / Rs1: 00 / Funct3: 0 / Rd: 07 / ARITH / I-type [0m
[0;37mControlUnit: DEBUG: (@ 2217.0ns) PC=00010248 - 00a00193 / Imm12: 00a / Rs1: 00 / Funct3: 0 / Rd: 03 / ARITH / I-type [0m
[0;37mControlUnit: DEBUG: (@ 2223.0ns) PC=0001024c - 00771463 / Imm12: 004 / Rs2: 07 / Rs1: 0e / Funct3: 1 / BRANCH / B-type [0m
[0;37mControlUnit: DEBUG: (@ 2239.0ns) PC=00010250 - 02301263 / Imm12: 012 / Rs2: 03 / Rs1: 00 / Funct3: 1 / BRANCH / B-type [0m
[0;34mControlUnit: INFO: (@ 2239.0ns) Branching [0m
[0;37mControlUnit: DEBUG: (@ 2267.0ns) PC=00010274 - 0ff0000f / Imm12: 000 / Rs1: 00 / Funct3: 0 / Rd: 00 / FENCE / I-type [0m
[0;37mControlUnit: DEBUG: (@ 2269.0ns) PC=00010278 - 00100193 / Imm12: 001 / Rs1: 00 / Funct3: 0 / Rd: 03 / ARITH / I-type [0m
[0;37mControlUnit: DEBUG: (@ 2271.0ns) PC=0001027c - 05d00893 / Imm12: 05d / Rs1: 00 / Funct3: 0 / Rd: 11 / ARITH / I-type [0m
[0;37mControlUnit: DEBUG: (@ 2289.0ns) PC=00010280 - 00000513 / Imm12: 000 / Rs1: 00 / Funct3: 0 / Rd: 0a / ARITH / I-type [0m
[0;37mControlUnit: DEBUG: (@ 2295.0ns) PC=00010284 - 00100073 / Imm12: 001 / Rs1: 00 / Funct3: 0 / Rd: 00 / EBREAK - I-type [0m
[0;34mControlUnit: INFO: (@ 2295.0ns) EBREAK -> Stop the processor [0m

[0;34mINFO: PC=0x10284 (@ 2297.0ns) (friscv_testbench.sv:803)[0m
[0;34mINFO: X31=0x0 (@ 2297.0ns) (friscv_testbench.sv:809)[0m
[0;34mINFO: Halt on EBREAK (@ 2297.0ns) (friscv_testbench.sv:816)[0m
[0;34mINFO: Halt on MRET (@ 2297.0ns) (friscv_testbench.sv:817)[0m
pc:       00010284	x16/a6:   00000000
x1/ra:    00000000	x17/a7:   0000005d
x2/sp:    00000000	x18/s2:   00000000
x3/gp:    00000001	x19/s3:   00000000
x4/tp:    00000000	x20/s4:   00000000
x5/t0:    00010174	x21/s5:   00000000
x6/t1:    00000000	x22/s6:   00000000
x7/t2:    ffffffff	x23/s7:   00000000
x8/s0/fp: 00000000	x24/s8:   00000000
x9/s1:    00000000	x25/s9:   00000000
x10/a0:   00000000	x26/s10:  00000000
x11/a1:   00000000	x27/s11:  00000000
x12/a2:   00000000	x28/t3:   00000000
x13/a3:   00000000	x29/t4:   00000000
x14/a4:   ffffffff	x30/t5:   00000000
x15/a5:   00000000	x31/t6:   00000000
[0;32mSUCCESS: << Test 0: rv32ui-p-add >> pass (@ 2297.0ns) (friscv_testbench.sv:906)[0m

[0;34mINFO: Stop testsuite 'FRISCV Testbench' (@ 2297.0ns) (friscv_testbench.sv:908)[0m
  [1;33m- Warning number:  0[0m
  [1;35m- Critical number: 0[0m
  [1;31m- Error number:    0[0m
  [0;32m- STATUS: 1/1 test(s) passed[0m

friscv_testbench.sv:930: $finish called at 2297000 (1ps)

SVUT (@ 18:39:15) Stop friscv_testbench.sv

SVUT (@ 18:39:15) Elapsed time: 0:00:08.212589


[0;34mINFO: Execute ./tests/rv32um-p-mul.v[0m
Sources didn't change, will not compile the testbench
  - Config file:      config.cfg
  - BOOT_ADDR:        65536
  - TIMEOUT:          100000
  - MIN_PC:           65908
  - TB_CHOICE:        1 (0=CORE, 1=PLATFORM)
  - TCNAME:           rv32um-p-mul
  - SIMULATOR:        icarus
  - NO_VCD:           1
  - INTERACTIVE:      0
  - RAM_MODE:         compliance

       ______    ____  ________
      / ___/ |  / / / / /_  __/
      \__ \| | / / / / / / /  
     ___/ /| |/ / /_/ / / /   
    /____/ |___/\____/ /_/

    v1.10.0

SVUT (@ 18:39:15) Run with Icarus Verilog

SVUT (@ 18:39:15) Start friscv_testbench.sv

SVUT (@ 18:39:15) vvp svut.out 
WARNING: ../common/axi4l_ram.sv:112: $readmemh(test.v): Not enough words in the file for the requested range [0:268435455].
[0;34mINFO: No VCD trace will be created (@ 0) (friscv_testbench.sv:769)[0m
[0;34mINFO: Boot address: 0x00010000 (@ 0.0ns) (friscv_testbench.sv:794)[0m

[0;34mINFO: Start testsuite << FRISCV Testbench >> (@ 0.0ns) (friscv_testbench.sv:896)[0m

[0;34mINFO: Starting << Test 0: rv32ui-p-add >> (@ 0.0ns) (friscv_testbench.sv:898)[0m
[0;34mControlUnit: INFO: (@ 1037.0ns) IDLE -> Boot the processor [0m
[0;34mControlUnit: INFO: (@ 1065.0ns) JAL [0m
[0;37mControlUnit: DEBUG: (@ 1065.0ns) PC=00010000 - 0480006f / Imm20: 00024 / rd: 00  / JAL / J-type [0m
[0;37mControlUnit: DEBUG: (@ 1093.0ns) PC=00010048 - 00000093 / Imm12: 000 / Rs1: 00 / Funct3: 0 / Rd: 01 / ARITH / I-type [0m
[0;37mControlUnit: DEBUG: (@ 1095.0ns) PC=0001004c - 00000113 / Imm12: 000 / Rs1: 00 / Funct3: 0 / Rd: 02 / ARITH / I-type [0m
[0;37mControlUnit: DEBUG: (@ 1113.0ns) PC=00010050 - 00000193 / Imm12: 000 / Rs1: 00 / Funct3: 0 / Rd: 03 / ARITH / I-type [0m
[0;37mControlUnit: DEBUG: (@ 1115.0ns) PC=00010054 - 00000213 / Imm12: 000 / Rs1: 00 / Funct3: 0 / Rd: 04 / ARITH / I-type [0m
[0;37mControlUnit: DEBUG: (@ 1117.0ns) PC=00010058 - 00000293 / Imm12: 000 / Rs1: 00 / Funct3: 0 / Rd: 05 / ARITH / I-type [0m
[0;37mControlUnit: DEBUG: (@ 1119.0ns) PC=0001005c - 00000313 / Imm12: 000 / Rs1: 00 / Funct3: 0 / Rd: 06 / ARITH / I-type [0m
[0;37mControlUnit: DEBUG: (@ 1137.0ns) PC=00010060 - 00000393 / Imm12: 000 / Rs1: 00 / Funct3: 0 / Rd: 07 / ARITH / I-type [0m
[0;37mControlUnit: DEBUG: (@ 1139.0ns) PC=00010064 - 00000413 / Imm12: 000 / Rs1: 00 / Funct3: 0 / Rd: 08 / ARITH / I-type [0m
[0;37mControlUnit: DEBUG: (@ 1141.0ns) PC=00010068 - 00000493 / Imm12: 000 / Rs1: 00 / Funct3: 0 / Rd: 09 / ARITH / I-type [0m
[0;37mControlUnit: DEBUG: (@ 1143.0ns) PC=0001006c - 00000513 / Imm12: 000 / Rs1: 00 / Funct3: 0 / Rd: 0a / ARITH / I-type [0m
[0;37mControlUnit: DEBUG: (@ 1161.0ns) PC=00010070 - 00000593 / Imm12: 000 / Rs1: 00 / Funct3: 0 / Rd: 0b / ARITH / I-type [0m
[0;37mControlUnit: DEBUG: (@ 1163.0ns) PC=00010074 - 00000613 / Imm12: 000 / Rs1: 00 / Funct3: 0 / Rd: 0c / ARITH / I-type [0m
[0;37mControlUnit: DEBUG: (@ 1165.0ns) PC=00010078 - 00000693 / Imm12: 000 / Rs1: 00 / Funct3: 0 / Rd: 0d / ARITH / I-type [0m
[0;37mControlUnit: DEBUG: (@ 1167.0ns) PC=0001007c - 00000713 / Imm12: 000 / Rs1: 00 / Funct3: 0 / Rd: 0e / ARITH / I-type [0m
[0;37mControlUnit: DEBUG: (@ 1185.0ns) PC=00010080 - 00000793 / Imm12: 000 / Rs1: 00 / Funct3: 0 / Rd: 0f / ARITH / I-type [0m
[0;37mControlUnit: DEBUG: (@ 1187.0ns) PC=00010084 - 00000813 / Imm12: 000 / Rs1: 00 / Funct3: 0 / Rd: 10 / ARITH / I-type [0m
[0;37mControlUnit: DEBUG: (@ 1189.0ns) PC=00010088 - 00000893 / Imm12: 000 / Rs1: 00 / Funct3: 0 / Rd: 11 / ARITH / I-type [0m
[0;37mControlUnit: DEBUG: (@ 1191.0ns) PC=0001008c - 00000913 / Imm12: 000 / Rs1: 00 / Funct3: 0 / Rd: 12 / ARITH / I-type [0m
[0;37mControlUnit: DEBUG: (@ 1209.0ns) PC=00010090 - 00000993 / Imm12: 000 / Rs1: 00 / Funct3: 0 / Rd: 13 / ARITH / I-type [0m
[0;37mControlUnit: DEBUG: (@ 1211.0ns) PC=00010094 - 00000a13 / Imm12: 000 / Rs1: 00 / Funct3: 0 / Rd: 14 / ARITH / I-type [0m
[0;37mControlUnit: DEBUG: (@ 1213.0ns) PC=00010098 - 00000a93 / Imm12: 000 / Rs1: 00 / Funct3: 0 / Rd: 15 / ARITH / I-type [0m
[0;37mControlUnit: DEBUG: (@ 1215.0ns) PC=0001009c - 00000b13 / Imm12: 000 / Rs1: 00 / Funct3: 0 / Rd: 16 / ARITH / I-type [0m
[0;37mControlUnit: DEBUG: (@ 1235.0ns) PC=000100a0 - 00000b93 / Imm12: 000 / Rs1: 00 / Funct3: 0 / Rd: 17 / ARITH / I-type [0m
[0;37mControlUnit: DEBUG: (@ 1237.0ns) PC=000100a4 - 00000c13 / Imm12: 000 / Rs1: 00 / Funct3: 0 / Rd: 18 / ARITH / I-type [0m
[0;37mControlUnit: DEBUG: (@ 1239.0ns) PC=000100a8 - 00000c93 / Imm12: 000 / Rs1: 00 / Funct3: 0 / Rd: 19 / ARITH / I-type [0m
[0;37mControlUnit: DEBUG: (@ 1241.0ns) PC=000100ac - 00000d13 / Imm12: 000 / Rs1: 00 / Funct3: 0 / Rd: 1a / ARITH / I-type [0m
[0;37mControlUnit: DEBUG: (@ 1263.0ns) PC=000100b0 - 00000d93 / Imm12: 000 / Rs1: 00 / Funct3: 0 / Rd: 1b / ARITH / I-type [0m
[0;37mControlUnit: DEBUG: (@ 1265.0ns) PC=000100b4 - 00000e13 / Imm12: 000 / Rs1: 00 / Funct3: 0 / Rd: 1c / ARITH / I-type [0m
[0;37mControlUnit: DEBUG: (@ 1267.0ns) PC=000100b8 - 00000e93 / Imm12: 000 / Rs1: 00 / Funct3: 0 / Rd: 1d / ARITH / I-type [0m
[0;37mControlUnit: DEBUG: (@ 1269.0ns) PC=000100bc - 00000f13 / Imm12: 000 / Rs1: 00 / Funct3: 0 / Rd: 1e / ARITH / I-type [0m
[0;37mControlUnit: DEBUG: (@ 1287.0ns) PC=000100c0 - 00000f93 / Imm12: 000 / Rs1: 00 / Funct3: 0 / Rd: 1f / ARITH / I-type [0m
[0;37mControlUnit: DEBUG: (@ 1293.0ns) PC=000100c4 - f1402573 / Csr: f14 / Rs1: 00 / Funct3: 2 / Rd: 0a / CSR / I-type [0m
[0;37mControlUnit: DEBUG: (@ 1295.0ns) PC=000100c8 - 00051063 / Imm12: 000 / Rs2: 00 / Rs1: 0a / Funct3: 1 / BRANCH / B-type [0m
[0;37mControlUnit: DEBUG: (@ 1297.0ns) PC=000100cc - 00000297 / Imm20: 00000 / Rd: 05 / AUIPC / U-type [0m
[0;37mControlUnit: DEBUG: (@ 1311.0ns) PC=000100d0 - 01028293 / Imm12: 010 / Rs1: 05 / Funct3: 0 / Rd: 05 / ARITH / I-type [0m
[0;37mControlUnit: DEBUG: (@ 1317.0ns) PC=000100d4 - 30529073 / Csr: 305 / Rs1: 05 / Funct3: 1 / Rd: 00 / CSR / I-type [0m
[0;37mControlUnit: DEBUG: (@ 1319.0ns) PC=000100d8 - 18005073 / Csr: 180 / Rs1: 00 / Funct3: 5 / Rd: 00 / CSR / I-type [0m
[0;37mControlUnit: DEBUG: (@ 1321.0ns) PC=000100dc - 00000297 / Imm20: 00000 / Rd: 05 / AUIPC / U-type [0m
[0;37mControlUnit: DEBUG: (@ 1337.0ns) PC=000100e0 - 02028293 / Imm12: 020 / Rs1: 05 / Funct3: 0 / Rd: 05 / ARITH / I-type [0m
[0;37mControlUnit: DEBUG: (@ 1343.0ns) PC=000100e4 - 30529073 / Csr: 305 / Rs1: 05 / Funct3: 1 / Rd: 00 / CSR / I-type [0m
[0;37mControlUnit: DEBUG: (@ 1345.0ns) PC=000100e8 - 800002b7 / Imm20: 80000 / Rd: 05 / LUI / U-type [0m
[0;37mControlUnit: DEBUG: (@ 1347.0ns) PC=000100ec - fff28293 / Imm12: fff / Rs1: 05 / Funct3: 0 / Rd: 05 / ARITH / I-type [0m
[0;37mControlUnit: DEBUG: (@ 1365.0ns) PC=000100f0 - 3b029073 / Csr: 3b0 / Rs1: 05 / Funct3: 1 / Rd: 00 / CSR / I-type [0m
[0;37mControlUnit: DEBUG: (@ 1367.0ns) PC=000100f4 - 01f00293 / Imm12: 01f / Rs1: 00 / Funct3: 0 / Rd: 05 / ARITH / I-type [0m
[0;37mControlUnit: DEBUG: (@ 1373.0ns) PC=000100f8 - 3a029073 / Csr: 3a0 / Rs1: 05 / Funct3: 1 / Rd: 00 / CSR / I-type [0m
[0;37mControlUnit: DEBUG: (@ 1375.0ns) PC=000100fc - 30405073 / Csr: 304 / Rs1: 00 / Funct3: 5 / Rd: 00 / CSR / I-type [0m
[0;37mControlUnit: DEBUG: (@ 1395.0ns) PC=00010100 - 00000297 / Imm20: 00000 / Rd: 05 / AUIPC / U-type [0m
[0;37mControlUnit: DEBUG: (@ 1397.0ns) PC=00010104 - 01428293 / Imm12: 014 / Rs1: 05 / Funct3: 0 / Rd: 05 / ARITH / I-type [0m
[0;37mControlUnit: DEBUG: (@ 1403.0ns) PC=00010108 - 30529073 / Csr: 305 / Rs1: 05 / Funct3: 1 / Rd: 00 / CSR / I-type [0m
[0;37mControlUnit: DEBUG: (@ 1405.0ns) PC=0001010c - 30205073 / Csr: 302 / Rs1: 00 / Funct3: 5 / Rd: 00 / CSR / I-type [0m
[0;37mControlUnit: DEBUG: (@ 1427.0ns) PC=00010110 - 30305073 / Csr: 303 / Rs1: 00 / Funct3: 5 / Rd: 00 / CSR / I-type [0m
[0;37mControlUnit: DEBUG: (@ 1429.0ns) PC=00010114 - 00000193 / Imm12: 000 / Rs1: 00 / Funct3: 0 / Rd: 03 / ARITH / I-type [0m
[0;37mControlUnit: DEBUG: (@ 1435.0ns) PC=00010118 - 00000297 / Imm20: 00000 / Rd: 05 / AUIPC / U-type [0m
[0;37mControlUnit: DEBUG: (@ 1437.0ns) PC=0001011c - eec28293 / Imm12: eec / Rs1: 05 / Funct3: 0 / Rd: 05 / ARITH / I-type [0m
[0;37mControlUnit: DEBUG: (@ 1461.0ns) PC=00010120 - 30529073 / Csr: 305 / Rs1: 05 / Funct3: 1 / Rd: 00 / CSR / I-type [0m
[0;37mControlUnit: DEBUG: (@ 1463.0ns) PC=00010124 - 00100513 / Imm12: 001 / Rs1: 00 / Funct3: 0 / Rd: 0a / ARITH / I-type [0m
[0;37mControlUnit: DEBUG: (@ 1465.0ns) PC=00010128 - 01f51513 / Imm12: 01f / Rs1: 0a / Funct3: 1 / Rd: 0a / ARITH / I-type [0m
[0;37mControlUnit: DEBUG: (@ 1471.0ns) PC=0001012c - 00054c63 / Imm12: 00c / Rs2: 00 / Rs1: 0a / Funct3: 4 / BRANCH / B-type [0m
[0;34mControlUnit: INFO: (@ 1471.0ns) Branching [0m
[0;37mControlUnit: DEBUG: (@ 1535.0ns) PC=00010144 - 00000293 / Imm12: 000 / Rs1: 00 / Funct3: 0 / Rd: 05 / ARITH / I-type [0m
[0;37mControlUnit: DEBUG: (@ 1541.0ns) PC=00010148 - 00028a63 / Imm12: 00a / Rs2: 00 / Rs1: 05 / Funct3: 0 / BRANCH / B-type [0m
[0;34mControlUnit: INFO: (@ 1541.0ns) Branching [0m
[0;37mControlUnit: DEBUG: (@ 1575.0ns) PC=0001015c - 30005073 / Csr: 300 / Rs1: 00 / Funct3: 5 / Rd: 00 / CSR / I-type [0m
[0;37mControlUnit: DEBUG: (@ 1617.0ns) PC=00010160 - 00000297 / Imm20: 00000 / Rd: 05 / AUIPC / U-type [0m
[0;37mControlUnit: DEBUG: (@ 1619.0ns) PC=00010164 - 01428293 / Imm12: 014 / Rs1: 05 / Funct3: 0 / Rd: 05 / ARITH / I-type [0m
[0;37mControlUnit: DEBUG: (@ 1625.0ns) PC=00010168 - 34129073 / Csr: 341 / Rs1: 05 / Funct3: 1 / Rd: 00 / CSR / I-type [0m
[0;37mControlUnit: DEBUG: (@ 1627.0ns) PC=0001016c - f1402573 / Csr: f14 / Rs1: 00 / Funct3: 2 / Rd: 0a / CSR / I-type [0m
[0;37mControlUnit: DEBUG: (@ 1661.0ns) PC=00010170 - 30200073 / Csr: 302 / Rs1: 00 / Funct3: 0 / Rd: 00 / MRET - I-type [0m
[0;34mControlUnit: INFO: (@ 1661.0ns) MRET -> Machine Return [0m
[0;37mControlUnit: DEBUG: (@ 1667.0ns) PC=00010174 - 000080b7 / Imm20: 00008 / Rd: 01 / LUI / U-type [0m
[0;37mControlUnit: DEBUG: (@ 1669.0ns) PC=00010178 - e0008093 / Imm12: e00 / Rs1: 01 / Funct3: 0 / Rd: 01 / ARITH / I-type [0m
[0;37mControlUnit: DEBUG: (@ 1675.0ns) PC=0001017c - b6db7137 / Imm20: b6db7 / Rd: 02 / LUI / U-type [0m
[0;37mControlUnit: DEBUG: (@ 1707.0ns) PC=00010180 - db710113 / Imm12: db7 / Rs1: 02 / Funct3: 0 / Rd: 02 / ARITH / I-type [0m
[0;37mControlUnit: DEBUG: (@ 1709.0ns) PC=00010184 - 02208733 / Funct7: 01 / Rs2: 02 / Rs1: 01 / Funct3: 0 / Rd: 0e / MULDIV / R-type [0m
[0;37mControlUnit: DEBUG: (@ 1715.0ns) PC=00010188 - 000013b7 / Imm20: 00001 / Rd: 07 / LUI / U-type [0m
[0;37mControlUnit: DEBUG: (@ 1717.0ns) PC=0001018c - 20038393 / Imm12: 200 / Rs1: 07 / Funct3: 0 / Rd: 07 / ARITH / I-type [0m
[0;37mControlUnit: DEBUG: (@ 1755.0ns) PC=00010190 - 02000193 / Imm12: 020 / Rs1: 00 / Funct3: 0 / Rd: 03 / ARITH / I-type [0m
[0;37mControlUnit: DEBUG: (@ 1761.0ns) PC=00010194 - 4a771463 / Imm12: 254 / Rs2: 07 / Rs1: 0e / Funct3: 1 / BRANCH / B-type [0m
[0;37mControlUnit: DEBUG: (@ 1763.0ns) PC=00010198 - 000080b7 / Imm20: 00008 / Rd: 01 / LUI / U-type [0m
[0;37mControlUnit: DEBUG: (@ 1765.0ns) PC=0001019c - fc008093 / Imm12: fc0 / Rs1: 01 / Funct3: 0 / Rd: 01 / ARITH / I-type [0m
[0;37mControlUnit: DEBUG: (@ 1805.0ns) PC=000101a0 - b6db7137 / Imm20: b6db7 / Rd: 02 / LUI / U-type [0m
[0;37mControlUnit: DEBUG: (@ 1807.0ns) PC=000101a4 - db710113 / Imm12: db7 / Rs1: 02 / Funct3: 0 / Rd: 02 / ARITH / I-type [0m
[0;37mControlUnit: DEBUG: (@ 1809.0ns) PC=000101a8 - 02208733 / Funct7: 01 / Rs2: 02 / Rs1: 01 / Funct3: 0 / Rd: 0e / MULDIV / R-type [0m
[0;37mControlUnit: DEBUG: (@ 1815.0ns) PC=000101ac - 000013b7 / Imm20: 00001 / Rd: 07 / LUI / U-type [0m
[0;37mControlUnit: DEBUG: (@ 1829.0ns) PC=000101b0 - 24038393 / Imm12: 240 / Rs1: 07 / Funct3: 0 / Rd: 07 / ARITH / I-type [0m
[0;37mControlUnit: DEBUG: (@ 1831.0ns) PC=000101b4 - 02100193 / Imm12: 021 / Rs1: 00 / Funct3: 0 / Rd: 03 / ARITH / I-type [0m
[0;37mControlUnit: DEBUG: (@ 1837.0ns) PC=000101b8 - 48771263 / Imm12: 242 / Rs2: 07 / Rs1: 0e / Funct3: 1 / BRANCH / B-type [0m
[0;37mControlUnit: DEBUG: (@ 1839.0ns) PC=000101bc - 00000093 / Imm12: 000 / Rs1: 00 / Funct3: 0 / Rd: 01 / ARITH / I-type [0m
[0;37mControlUnit: DEBUG: (@ 1853.0ns) PC=000101c0 - 00000113 / Imm12: 000 / Rs1: 00 / Funct3: 0 / Rd: 02 / ARITH / I-type [0m
[0;37mControlUnit: DEBUG: (@ 1855.0ns) PC=000101c4 - 02208733 / Funct7: 01 / Rs2: 02 / Rs1: 01 / Funct3: 0 / Rd: 0e / MULDIV / R-type [0m
[0;37mControlUnit: DEBUG: (@ 1857.0ns) PC=000101c8 - 00000393 / Imm12: 000 / Rs1: 00 / Funct3: 0 / Rd: 07 / ARITH / I-type [0m
[0;37mControlUnit: DEBUG: (@ 1859.0ns) PC=000101cc - 00200193 / Imm12: 002 / Rs1: 00 / Funct3: 0 / Rd: 03 / ARITH / I-type [0m
[0;37mControlUnit: DEBUG: (@ 1879.0ns) PC=000101d0 - 46771663 / Imm12: 236 / Rs2: 07 / Rs1: 0e / Funct3: 1 / BRANCH / B-type [0m
[0;37mControlUnit: DEBUG: (@ 1881.0ns) PC=000101d4 - 00100093 / Imm12: 001 / Rs1: 00 / Funct3: 0 / Rd: 01 / ARITH / I-type [0m
[0;37mControlUnit: DEBUG: (@ 1883.0ns) PC=000101d8 - 00100113 / Imm12: 001 / Rs1: 00 / Funct3: 0 / Rd: 02 / ARITH / I-type [0m
[0;37mControlUnit: DEBUG: (@ 1885.0ns) PC=000101dc - 02208733 / Funct7: 01 / Rs2: 02 / Rs1: 01 / Funct3: 0 / Rd: 0e / MULDIV / R-type [0m
[0;37mControlUnit: DEBUG: (@ 1907.0ns) PC=000101e0 - 00100393 / Imm12: 001 / Rs1: 00 / Funct3: 0 / Rd: 07 / ARITH / I-type [0m
[0;37mControlUnit: DEBUG: (@ 1909.0ns) PC=000101e4 - 00300193 / Imm12: 003 / Rs1: 00 / Funct3: 0 / Rd: 03 / ARITH / I-type [0m
[0;37mControlUnit: DEBUG: (@ 1915.0ns) PC=000101e8 - 44771a63 / Imm12: 22a / Rs2: 07 / Rs1: 0e / Funct3: 1 / BRANCH / B-type [0m
[0;37mControlUnit: DEBUG: (@ 1917.0ns) PC=000101ec - 00300093 / Imm12: 003 / Rs1: 00 / Funct3: 0 / Rd: 01 / ARITH / I-type [0m
[0;37mControlUnit: DEBUG: (@ 1937.0ns) PC=000101f0 - 00700113 / Imm12: 007 / Rs1: 00 / Funct3: 0 / Rd: 02 / ARITH / I-type [0m
[0;37mControlUnit: DEBUG: (@ 1939.0ns) PC=000101f4 - 02208733 / Funct7: 01 / Rs2: 02 / Rs1: 01 / Funct3: 0 / Rd: 0e / MULDIV / R-type [0m
[0;37mControlUnit: DEBUG: (@ 1941.0ns) PC=000101f8 - 01500393 / Imm12: 015 / Rs1: 00 / Funct3: 0 / Rd: 07 / ARITH / I-type [0m
[0;37mControlUnit: DEBUG: (@ 1943.0ns) PC=000101fc - 00400193 / Imm12: 004 / Rs1: 00 / Funct3: 0 / Rd: 03 / ARITH / I-type [0m
[0;37mControlUnit: DEBUG: (@ 1961.0ns) PC=00010200 - 42771e63 / Imm12: 21e / Rs2: 07 / Rs1: 0e / Funct3: 1 / BRANCH / B-type [0m
[0;37mControlUnit: DEBUG: (@ 1963.0ns) PC=00010204 - 00000093 / Imm12: 000 / Rs1: 00 / Funct3: 0 / Rd: 01 / ARITH / I-type [0m
[0;37mControlUnit: DEBUG: (@ 1969.0ns) PC=00010208 - ffff8137 / Imm20: ffff8 / Rd: 02 / LUI / U-type [0m
[0;37mControlUnit: DEBUG: (@ 1971.0ns) PC=0001020c - 02208733 / Funct7: 01 / Rs2: 02 / Rs1: 01 / Funct3: 0 / Rd: 0e / MULDIV / R-type [0m
[0;37mControlUnit: DEBUG: (@ 1987.0ns) PC=00010210 - 00000393 / Imm12: 000 / Rs1: 00 / Funct3: 0 / Rd: 07 / ARITH / I-type [0m
[0;37mControlUnit: DEBUG: (@ 1989.0ns) PC=00010214 - 00500193 / Imm12: 005 / Rs1: 00 / Funct3: 0 / Rd: 03 / ARITH / I-type [0m
[0;37mControlUnit: DEBUG: (@ 1995.0ns) PC=00010218 - 42771263 / Imm12: 212 / Rs2: 07 / Rs1: 0e / Funct3: 1 / BRANCH / B-type [0m
[0;37mControlUnit: DEBUG: (@ 1997.0ns) PC=0001021c - 800000b7 / Imm20: 80000 / Rd: 01 / LUI / U-type [0m
[0;37mControlUnit: DEBUG: (@ 2015.0ns) PC=00010220 - 00000113 / Imm12: 000 / Rs1: 00 / Funct3: 0 / Rd: 02 / ARITH / I-type [0m
[0;37mControlUnit: DEBUG: (@ 2017.0ns) PC=00010224 - 02208733 / Funct7: 01 / Rs2: 02 / Rs1: 01 / Funct3: 0 / Rd: 0e / MULDIV / R-type [0m
[0;37mControlUnit: DEBUG: (@ 2019.0ns) PC=00010228 - 00000393 / Imm12: 000 / Rs1: 00 / Funct3: 0 / Rd: 07 / ARITH / I-type [0m
[0;37mControlUnit: DEBUG: (@ 2021.0ns) PC=0001022c - 00600193 / Imm12: 006 / Rs1: 00 / Funct3: 0 / Rd: 03 / ARITH / I-type [0m
[0;37mControlUnit: DEBUG: (@ 2045.0ns) PC=00010230 - 40771663 / Imm12: 206 / Rs2: 07 / Rs1: 0e / Funct3: 1 / BRANCH / B-type [0m
[0;37mControlUnit: DEBUG: (@ 2047.0ns) PC=00010234 - 800000b7 / Imm20: 80000 / Rd: 01 / LUI / U-type [0m
[0;37mControlUnit: DEBUG: (@ 2049.0ns) PC=00010238 - ffff8137 / Imm20: ffff8 / Rd: 02 / LUI / U-type [0m
[0;37mControlUnit: DEBUG: (@ 2051.0ns) PC=0001023c - 02208733 / Funct7: 01 / Rs2: 02 / Rs1: 01 / Funct3: 0 / Rd: 0e / MULDIV / R-type [0m
[0;37mControlUnit: DEBUG: (@ 2069.0ns) PC=00010240 - 00000393 / Imm12: 000 / Rs1: 00 / Funct3: 0 / Rd: 07 / ARITH / I-type [0m
[0;37mControlUnit: DEBUG: (@ 2071.0ns) PC=00010244 - 00700193 / Imm12: 007 / Rs1: 00 / Funct3: 0 / Rd: 03 / ARITH / I-type [0m
[0;37mControlUnit: DEBUG: (@ 2077.0ns) PC=00010248 - 3e771a63 / Imm12: 1fa / Rs2: 07 / Rs1: 0e / Funct3: 1 / BRANCH / B-type [0m
[0;37mControlUnit: DEBUG: (@ 2079.0ns) PC=0001024c - aaaab0b7 / Imm20: aaaab / Rd: 01 / LUI / U-type [0m
[0;37mControlUnit: DEBUG: (@ 2095.0ns) PC=00010250 - aab08093 / Imm12: aab / Rs1: 01 / Funct3: 0 / Rd: 01 / ARITH / I-type [0m
[0;37mControlUnit: DEBUG: (@ 2101.0ns) PC=00010254 - 00030137 / Imm20: 00030 / Rd: 02 / LUI / U-type [0m
[0;37mControlUnit: DEBUG: (@ 2103.0ns) PC=00010258 - e7d10113 / Imm12: e7d / Rs1: 02 / Funct3: 0 / Rd: 02 / ARITH / I-type [0m
[0;37mControlUnit: DEBUG: (@ 2105.0ns) PC=0001025c - 02208733 / Funct7: 01 / Rs2: 02 / Rs1: 01 / Funct3: 0 / Rd: 0e / MULDIV / R-type [0m
[0;37mControlUnit: DEBUG: (@ 2123.0ns) PC=00010260 - 000103b7 / Imm20: 00010 / Rd: 07 / LUI / U-type [0m
[0;37mControlUnit: DEBUG: (@ 2125.0ns) PC=00010264 - f7f38393 / Imm12: f7f / Rs1: 07 / Funct3: 0 / Rd: 07 / ARITH / I-type [0m
[0;37mControlUnit: DEBUG: (@ 2127.0ns) PC=00010268 - 01e00193 / Imm12: 01e / Rs1: 00 / Funct3: 0 / Rd: 03 / ARITH / I-type [0m
[0;37mControlUnit: DEBUG: (@ 2133.0ns) PC=0001026c - 3c771863 / Imm12: 1e8 / Rs2: 07 / Rs1: 0e / Funct3: 1 / BRANCH / B-type [0m
[0;37mControlUnit: DEBUG: (@ 2153.0ns) PC=00010270 - 000300b7 / Imm20: 00030 / Rd: 01 / LUI / U-type [0m
[0;37mControlUnit: DEBUG: (@ 2155.0ns) PC=00010274 - e7d08093 / Imm12: e7d / Rs1: 01 / Funct3: 0 / Rd: 01 / ARITH / I-type [0m
[0;37mControlUnit: DEBUG: (@ 2161.0ns) PC=00010278 - aaaab137 / Imm20: aaaab / Rd: 02 / LUI / U-type [0m
[0;37mControlUnit: DEBUG: (@ 2163.0ns) PC=0001027c - aab10113 / Imm12: aab / Rs1: 02 / Funct3: 0 / Rd: 02 / ARITH / I-type [0m
[0;37mControlUnit: DEBUG: (@ 2177.0ns) PC=00010280 - 02208733 / Funct7: 01 / Rs2: 02 / Rs1: 01 / Funct3: 0 / Rd: 0e / MULDIV / R-type [0m
[0;37mControlUnit: DEBUG: (@ 2183.0ns) PC=00010284 - 000103b7 / Imm20: 00010 / Rd: 07 / LUI / U-type [0m
[0;37mControlUnit: DEBUG: (@ 2185.0ns) PC=00010288 - f7f38393 / Imm12: f7f / Rs1: 07 / Funct3: 0 / Rd: 07 / ARITH / I-type [0m
[0;37mControlUnit: DEBUG: (@ 2187.0ns) PC=0001028c - 01f00193 / Imm12: 01f / Rs1: 00 / Funct3: 0 / Rd: 03 / ARITH / I-type [0m
[0;37mControlUnit: DEBUG: (@ 2203.0ns) PC=00010290 - 3a771663 / Imm12: 1d6 / Rs2: 07 / Rs1: 0e / Funct3: 1 / BRANCH / B-type [0m
[0;37mControlUnit: DEBUG: (@ 2205.0ns) PC=00010294 - ff0000b7 / Imm20: ff000 / Rd: 01 / LUI / U-type [0m
[0;37mControlUnit: DEBUG: (@ 2207.0ns) PC=00010298 - ff000137 / Imm20: ff000 / Rd: 02 / LUI / U-type [0m
[0;37mControlUnit: DEBUG: (@ 2209.0ns) PC=0001029c - 02208733 / Funct7: 01 / Rs2: 02 / Rs1: 01 / Funct3: 0 / Rd: 0e / MULDIV / R-type [0m
[0;37mControlUnit: DEBUG: (@ 2227.0ns) PC=000102a0 - 00000393 / Imm12: 000 / Rs1: 00 / Funct3: 0 / Rd: 07 / ARITH / I-type [0m
[0;37mControlUnit: DEBUG: (@ 2229.0ns) PC=000102a4 - 02200193 / Imm12: 022 / Rs1: 00 / Funct3: 0 / Rd: 03 / ARITH / I-type [0m
[0;37mControlUnit: DEBUG: (@ 2235.0ns) PC=000102a8 - 38771a63 / Imm12: 1ca / Rs2: 07 / Rs1: 0e / Funct3: 1 / BRANCH / B-type [0m
[0;37mControlUnit: DEBUG: (@ 2237.0ns) PC=000102ac - fff00093 / Imm12: fff / Rs1: 00 / Funct3: 0 / Rd: 01 / ARITH / I-type [0m
[0;37mControlUnit: DEBUG: (@ 2251.0ns) PC=000102b0 - fff00113 / Imm12: fff / Rs1: 00 / Funct3: 0 / Rd: 02 / ARITH / I-type [0m
[0;37mControlUnit: DEBUG: (@ 2253.0ns) PC=000102b4 - 02208733 / Funct7: 01 / Rs2: 02 / Rs1: 01 / Funct3: 0 / Rd: 0e / MULDIV / R-type [0m
[0;37mControlUnit: DEBUG: (@ 2255.0ns) PC=000102b8 - 00100393 / Imm12: 001 / Rs1: 00 / Funct3: 0 / Rd: 07 / ARITH / I-type [0m
[0;37mControlUnit: DEBUG: (@ 2257.0ns) PC=000102bc - 02300193 / Imm12: 023 / Rs1: 00 / Funct3: 0 / Rd: 03 / ARITH / I-type [0m
[0;37mControlUnit: DEBUG: (@ 2275.0ns) PC=000102c0 - 36771e63 / Imm12: 1be / Rs2: 07 / Rs1: 0e / Funct3: 1 / BRANCH / B-type [0m
[0;37mControlUnit: DEBUG: (@ 2277.0ns) PC=000102c4 - fff00093 / Imm12: fff / Rs1: 00 / Funct3: 0 / Rd: 01 / ARITH / I-type [0m
[0;37mControlUnit: DEBUG: (@ 2279.0ns) PC=000102c8 - 00100113 / Imm12: 001 / Rs1: 00 / Funct3: 0 / Rd: 02 / ARITH / I-type [0m
[0;37mControlUnit: DEBUG: (@ 2281.0ns) PC=000102cc - 02208733 / Funct7: 01 / Rs2: 02 / Rs1: 01 / Funct3: 0 / Rd: 0e / MULDIV / R-type [0m
[0;37mControlUnit: DEBUG: (@ 2299.0ns) PC=000102d0 - fff00393 / Imm12: fff / Rs1: 00 / Funct3: 0 / Rd: 07 / ARITH / I-type [0m
[0;37mControlUnit: DEBUG: (@ 2301.0ns) PC=000102d4 - 02400193 / Imm12: 024 / Rs1: 00 / Funct3: 0 / Rd: 03 / ARITH / I-type [0m
[0;37mControlUnit: DEBUG: (@ 2307.0ns) PC=000102d8 - 36771263 / Imm12: 1b2 / Rs2: 07 / Rs1: 0e / Funct3: 1 / BRANCH / B-type [0m
[0;37mControlUnit: DEBUG: (@ 2309.0ns) PC=000102dc - 00100093 / Imm12: 001 / Rs1: 00 / Funct3: 0 / Rd: 01 / ARITH / I-type [0m
[0;37mControlUnit: DEBUG: (@ 2323.0ns) PC=000102e0 - fff00113 / Imm12: fff / Rs1: 00 / Funct3: 0 / Rd: 02 / ARITH / I-type [0m
[0;37mControlUnit: DEBUG: (@ 2325.0ns) PC=000102e4 - 02208733 / Funct7: 01 / Rs2: 02 / Rs1: 01 / Funct3: 0 / Rd: 0e / MULDIV / R-type [0m
[0;37mControlUnit: DEBUG: (@ 2327.0ns) PC=000102e8 - fff00393 / Imm12: fff / Rs1: 00 / Funct3: 0 / Rd: 07 / ARITH / I-type [0m
[0;37mControlUnit: DEBUG: (@ 2329.0ns) PC=000102ec - 02500193 / Imm12: 025 / Rs1: 00 / Funct3: 0 / Rd: 03 / ARITH / I-type [0m
[0;37mControlUnit: DEBUG: (@ 2349.0ns) PC=000102f0 - 34771663 / Imm12: 1a6 / Rs2: 07 / Rs1: 0e / Funct3: 1 / BRANCH / B-type [0m
[0;37mControlUnit: DEBUG: (@ 2351.0ns) PC=000102f4 - 00d00093 / Imm12: 00d / Rs1: 00 / Funct3: 0 / Rd: 01 / ARITH / I-type [0m
[0;37mControlUnit: DEBUG: (@ 2353.0ns) PC=000102f8 - 00b00113 / Imm12: 00b / Rs1: 00 / Funct3: 0 / Rd: 02 / ARITH / I-type [0m
[0;37mControlUnit: DEBUG: (@ 2355.0ns) PC=000102fc - 022080b3 / Funct7: 01 / Rs2: 02 / Rs1: 01 / Funct3: 0 / Rd: 01 / MULDIV / R-type [0m
[0;37mControlUnit: DEBUG: (@ 2377.0ns) PC=00010300 - 08f00393 / Imm12: 08f / Rs1: 00 / Funct3: 0 / Rd: 07 / ARITH / I-type [0m
[0;37mControlUnit: DEBUG: (@ 2379.0ns) PC=00010304 - 00800193 / Imm12: 008 / Rs1: 00 / Funct3: 0 / Rd: 03 / ARITH / I-type [0m
[0;37mControlUnit: DEBUG: (@ 2385.0ns) PC=00010308 - 32709a63 / Imm12: 19a / Rs2: 07 / Rs1: 01 / Funct3: 1 / BRANCH / B-type [0m
[0;37mControlUnit: DEBUG: (@ 2387.0ns) PC=0001030c - 00e00093 / Imm12: 00e / Rs1: 00 / Funct3: 0 / Rd: 01 / ARITH / I-type [0m
[0;37mControlUnit: DEBUG: (@ 2407.0ns) PC=00010310 - 00b00113 / Imm12: 00b / Rs1: 00 / Funct3: 0 / Rd: 02 / ARITH / I-type [0m
[0;37mControlUnit: DEBUG: (@ 2409.0ns) PC=00010314 - 02208133 / Funct7: 01 / Rs2: 02 / Rs1: 01 / Funct3: 0 / Rd: 02 / MULDIV / R-type [0m
[0;37mControlUnit: DEBUG: (@ 2411.0ns) PC=00010318 - 09a00393 / Imm12: 09a / Rs1: 00 / Funct3: 0 / Rd: 07 / ARITH / I-type [0m
[0;37mControlUnit: DEBUG: (@ 2413.0ns) PC=0001031c - 00900193 / Imm12: 009 / Rs1: 00 / Funct3: 0 / Rd: 03 / ARITH / I-type [0m
[0;37mControlUnit: DEBUG: (@ 2431.0ns) PC=00010320 - 30711e63 / Imm12: 18e / Rs2: 07 / Rs1: 02 / Funct3: 1 / BRANCH / B-type [0m
[0;37mControlUnit: DEBUG: (@ 2433.0ns) PC=00010324 - 00d00093 / Imm12: 00d / Rs1: 00 / Funct3: 0 / Rd: 01 / ARITH / I-type [0m
[0;37mControlUnit: DEBUG: (@ 2435.0ns) PC=00010328 - 021080b3 / Funct7: 01 / Rs2: 01 / Rs1: 01 / Funct3: 0 / Rd: 01 / MULDIV / R-type [0m
[0;37mControlUnit: DEBUG: (@ 2437.0ns) PC=0001032c - 0a900393 / Imm12: 0a9 / Rs1: 00 / Funct3: 0 / Rd: 07 / ARITH / I-type [0m
[0;37mControlUnit: DEBUG: (@ 2455.0ns) PC=00010330 - 00a00193 / Imm12: 00a / Rs1: 00 / Funct3: 0 / Rd: 03 / ARITH / I-type [0m
[0;37mControlUnit: DEBUG: (@ 2461.0ns) PC=00010334 - 30709463 / Imm12: 184 / Rs2: 07 / Rs1: 01 / Funct3: 1 / BRANCH / B-type [0m
[0;37mControlUnit: DEBUG: (@ 2463.0ns) PC=00010338 - 00000213 / Imm12: 000 / Rs1: 00 / Funct3: 0 / Rd: 04 / ARITH / I-type [0m
[0;37mControlUnit: DEBUG: (@ 2465.0ns) PC=0001033c - 00d00093 / Imm12: 00d / Rs1: 00 / Funct3: 0 / Rd: 01 / ARITH / I-type [0m
[0;37mControlUnit: DEBUG: (@ 2481.0ns) PC=00010340 - 00b00113 / Imm12: 00b / Rs1: 00 / Funct3: 0 / Rd: 02 / ARITH / I-type [0m
[0;37mControlUnit: DEBUG: (@ 2483.0ns) PC=00010344 - 02208733 / Funct7: 01 / Rs2: 02 / Rs1: 01 / Funct3: 0 / Rd: 0e / MULDIV / R-type [0m
[0;37mControlUnit: DEBUG: (@ 2485.0ns) PC=00010348 - 00070313 / Imm12: 000 / Rs1: 0e / Funct3: 0 / Rd: 06 / ARITH / I-type [0m
[0;37mControlUnit: DEBUG: (@ 2489.0ns) PC=0001034c - 00120213 / Imm12: 001 / Rs1: 04 / Funct3: 0 / Rd: 04 / ARITH / I-type [0m
[0;37mControlUnit: DEBUG: (@ 2505.0ns) PC=00010350 - 00200293 / Imm12: 002 / Rs1: 00 / Funct3: 0 / Rd: 05 / ARITH / I-type [0m
[0;37mControlUnit: DEBUG: (@ 2511.0ns) PC=00010354 - fe5214e3 / Imm12: ff4 / Rs2: 05 / Rs1: 04 / Funct3: 1 / BRANCH / B-type [0m
[0;34mControlUnit: INFO: (@ 2511.0ns) Branching [0m
[0;37mControlUnit: DEBUG: (@ 2517.0ns) PC=0001033c - 00d00093 / Imm12: 00d / Rs1: 00 / Funct3: 0 / Rd: 01 / ARITH / I-type [0m
[0;37mControlUnit: DEBUG: (@ 2519.0ns) PC=00010340 - 00b00113 / Imm12: 00b / Rs1: 00 / Funct3: 0 / Rd: 02 / ARITH / I-type [0m
[0;37mControlUnit: DEBUG: (@ 2521.0ns) PC=00010344 - 02208733 / Funct7: 01 / Rs2: 02 / Rs1: 01 / Funct3: 0 / Rd: 0e / MULDIV / R-type [0m
[0;37mControlUnit: DEBUG: (@ 2523.0ns) PC=00010348 - 00070313 / Imm12: 000 / Rs1: 0e / Funct3: 0 / Rd: 06 / ARITH / I-type [0m
[0;37mControlUnit: DEBUG: (@ 2527.0ns) PC=0001034c - 00120213 / Imm12: 001 / Rs1: 04 / Funct3: 0 / Rd: 04 / ARITH / I-type [0m
[0;37mControlUnit: DEBUG: (@ 2529.0ns) PC=00010350 - 00200293 / Imm12: 002 / Rs1: 00 / Funct3: 0 / Rd: 05 / ARITH / I-type [0m
[0;37mControlUnit: DEBUG: (@ 2535.0ns) PC=00010354 - fe5214e3 / Imm12: ff4 / Rs2: 05 / Rs1: 04 / Funct3: 1 / BRANCH / B-type [0m
[0;37mControlUnit: DEBUG: (@ 2537.0ns) PC=00010358 - 08f00393 / Imm12: 08f / Rs1: 00 / Funct3: 0 / Rd: 07 / ARITH / I-type [0m
[0;37mControlUnit: DEBUG: (@ 2539.0ns) PC=0001035c - 00b00193 / Imm12: 00b / Rs1: 00 / Funct3: 0 / Rd: 03 / ARITH / I-type [0m
[0;37mControlUnit: DEBUG: (@ 2545.0ns) PC=00010360 - 2c731e63 / Imm12: 16e / Rs2: 07 / Rs1: 06 / Funct3: 1 / BRANCH / B-type [0m
[0;37mControlUnit: DEBUG: (@ 2547.0ns) PC=00010364 - 00000213 / Imm12: 000 / Rs1: 00 / Funct3: 0 / Rd: 04 / ARITH / I-type [0m
[0;37mControlUnit: DEBUG: (@ 2549.0ns) PC=00010368 - 00e00093 / Imm12: 00e / Rs1: 00 / Funct3: 0 / Rd: 01 / ARITH / I-type [0m
[0;37mControlUnit: DEBUG: (@ 2551.0ns) PC=0001036c - 00b00113 / Imm12: 00b / Rs1: 00 / Funct3: 0 / Rd: 02 / ARITH / I-type [0m
[0;37mControlUnit: DEBUG: (@ 2559.0ns) PC=00010370 - 02208733 / Funct7: 01 / Rs2: 02 / Rs1: 01 / Funct3: 0 / Rd: 0e / MULDIV / R-type [0m
[0;37mControlUnit: DEBUG: (@ 2561.0ns) PC=00010374 - 00000013 / Imm12: 000 / Rs1: 00 / Funct3: 0 / Rd: 00 / ARITH / I-type [0m
[0;37mControlUnit: DEBUG: (@ 2563.0ns) PC=00010378 - 00070313 / Imm12: 000 / Rs1: 0e / Funct3: 0 / Rd: 06 / ARITH / I-type [0m
[0;37mControlUnit: DEBUG: (@ 2565.0ns) PC=0001037c - 00120213 / Imm12: 001 / Rs1: 04 / Funct3: 0 / Rd: 04 / ARITH / I-type [0m
[0;37mControlUnit: DEBUG: (@ 2585.0ns) PC=00010380 - 00200293 / Imm12: 002 / Rs1: 00 / Funct3: 0 / Rd: 05 / ARITH / I-type [0m
[0;37mControlUnit: DEBUG: (@ 2591.0ns) PC=00010384 - fe5212e3 / Imm12: ff2 / Rs2: 05 / Rs1: 04 / Funct3: 1 / BRANCH / B-type [0m
[0;34mControlUnit: INFO: (@ 2591.0ns) Branching [0m
[0;37mControlUnit: DEBUG: (@ 2597.0ns) PC=00010368 - 00e00093 / Imm12: 00e / Rs1: 00 / Funct3: 0 / Rd: 01 / ARITH / I-type [0m
[0;37mControlUnit: DEBUG: (@ 2599.0ns) PC=0001036c - 00b00113 / Imm12: 00b / Rs1: 00 / Funct3: 0 / Rd: 02 / ARITH / I-type [0m
[0;37mControlUnit: DEBUG: (@ 2601.0ns) PC=00010370 - 02208733 / Funct7: 01 / Rs2: 02 / Rs1: 01 / Funct3: 0 / Rd: 0e / MULDIV / R-type [0m
[0;37mControlUnit: DEBUG: (@ 2603.0ns) PC=00010374 - 00000013 / Imm12: 000 / Rs1: 00 / Funct3: 0 / Rd: 00 / ARITH / I-type [0m
[0;37mControlUnit: DEBUG: (@ 2605.0ns) PC=00010378 - 00070313 / Imm12: 000 / Rs1: 0e / Funct3: 0 / Rd: 06 / ARITH / I-type [0m
[0;37mControlUnit: DEBUG: (@ 2607.0ns) PC=0001037c - 00120213 / Imm12: 001 / Rs1: 04 / Funct3: 0 / Rd: 04 / ARITH / I-type [0m
[0;37mControlUnit: DEBUG: (@ 2609.0ns) PC=00010380 - 00200293 / Imm12: 002 / Rs1: 00 / Funct3: 0 / Rd: 05 / ARITH / I-type [0m
[0;37mControlUnit: DEBUG: (@ 2615.0ns) PC=00010384 - fe5212e3 / Imm12: ff2 / Rs2: 05 / Rs1: 04 / Funct3: 1 / BRANCH / B-type [0m
[0;37mControlUnit: DEBUG: (@ 2617.0ns) PC=00010388 - 09a00393 / Imm12: 09a / Rs1: 00 / Funct3: 0 / Rd: 07 / ARITH / I-type [0m
[0;37mControlUnit: DEBUG: (@ 2619.0ns) PC=0001038c - 00c00193 / Imm12: 00c / Rs1: 00 / Funct3: 0 / Rd: 03 / ARITH / I-type [0m
[0;37mControlUnit: DEBUG: (@ 2625.0ns) PC=00010390 - 2a731663 / Imm12: 156 / Rs2: 07 / Rs1: 06 / Funct3: 1 / BRANCH / B-type [0m
[0;37mControlUnit: DEBUG: (@ 2627.0ns) PC=00010394 - 00000213 / Imm12: 000 / Rs1: 00 / Funct3: 0 / Rd: 04 / ARITH / I-type [0m
[0;37mControlUnit: DEBUG: (@ 2629.0ns) PC=00010398 - 00f00093 / Imm12: 00f / Rs1: 00 / Funct3: 0 / Rd: 01 / ARITH / I-type [0m
[0;37mControlUnit: DEBUG: (@ 2631.0ns) PC=0001039c - 00b00113 / Imm12: 00b / Rs1: 00 / Funct3: 0 / Rd: 02 / ARITH / I-type [0m
[0;37mControlUnit: DEBUG: (@ 2643.0ns) PC=000103a0 - 02208733 / Funct7: 01 / Rs2: 02 / Rs1: 01 / Funct3: 0 / Rd: 0e / MULDIV / R-type [0m
[0;37mControlUnit: DEBUG: (@ 2645.0ns) PC=000103a4 - 00000013 / Imm12: 000 / Rs1: 00 / Funct3: 0 / Rd: 00 / ARITH / I-type [0m
[0;37mControlUnit: DEBUG: (@ 2647.0ns) PC=000103a8 - 00000013 / Imm12: 000 / Rs1: 00 / Funct3: 0 / Rd: 00 / ARITH / I-type [0m
[0;37mControlUnit: DEBUG: (@ 2649.0ns) PC=000103ac - 00070313 / Imm12: 000 / Rs1: 0e / Funct3: 0 / Rd: 06 / ARITH / I-type [0m
[0;37mControlUnit: DEBUG: (@ 2667.0ns) PC=000103b0 - 00120213 / Imm12: 001 / Rs1: 04 / Funct3: 0 / Rd: 04 / ARITH / I-type [0m
[0;37mControlUnit: DEBUG: (@ 2669.0ns) PC=000103b4 - 00200293 / Imm12: 002 / Rs1: 00 / Funct3: 0 / Rd: 05 / ARITH / I-type [0m
[0;37mControlUnit: DEBUG: (@ 2675.0ns) PC=000103b8 - fe5210e3 / Imm12: ff0 / Rs2: 05 / Rs1: 04 / Funct3: 1 / BRANCH / B-type [0m
[0;34mControlUnit: INFO: (@ 2675.0ns) Branching [0m
[0;37mControlUnit: DEBUG: (@ 2681.0ns) PC=00010398 - 00f00093 / Imm12: 00f / Rs1: 00 / Funct3: 0 / Rd: 01 / ARITH / I-type [0m
[0;37mControlUnit: DEBUG: (@ 2683.0ns) PC=0001039c - 00b00113 / Imm12: 00b / Rs1: 00 / Funct3: 0 / Rd: 02 / ARITH / I-type [0m
[0;37mControlUnit: DEBUG: (@ 2685.0ns) PC=000103a0 - 02208733 / Funct7: 01 / Rs2: 02 / Rs1: 01 / Funct3: 0 / Rd: 0e / MULDIV / R-type [0m
[0;37mControlUnit: DEBUG: (@ 2687.0ns) PC=000103a4 - 00000013 / Imm12: 000 / Rs1: 00 / Funct3: 0 / Rd: 00 / ARITH / I-type [0m
[0;37mControlUnit: DEBUG: (@ 2689.0ns) PC=000103a8 - 00000013 / Imm12: 000 / Rs1: 00 / Funct3: 0 / Rd: 00 / ARITH / I-type [0m
[0;37mControlUnit: DEBUG: (@ 2691.0ns) PC=000103ac - 00070313 / Imm12: 000 / Rs1: 0e / Funct3: 0 / Rd: 06 / ARITH / I-type [0m
[0;37mControlUnit: DEBUG: (@ 2693.0ns) PC=000103b0 - 00120213 / Imm12: 001 / Rs1: 04 / Funct3: 0 / Rd: 04 / ARITH / I-type [0m
[0;37mControlUnit: DEBUG: (@ 2695.0ns) PC=000103b4 - 00200293 / Imm12: 002 / Rs1: 00 / Funct3: 0 / Rd: 05 / ARITH / I-type [0m
[0;37mControlUnit: DEBUG: (@ 2701.0ns) PC=000103b8 - fe5210e3 / Imm12: ff0 / Rs2: 05 / Rs1: 04 / Funct3: 1 / BRANCH / B-type [0m
[0;37mControlUnit: DEBUG: (@ 2703.0ns) PC=000103bc - 0a500393 / Imm12: 0a5 / Rs1: 00 / Funct3: 0 / Rd: 07 / ARITH / I-type [0m
[0;37mControlUnit: DEBUG: (@ 2705.0ns) PC=000103c0 - 00d00193 / Imm12: 00d / Rs1: 00 / Funct3: 0 / Rd: 03 / ARITH / I-type [0m
[0;37mControlUnit: DEBUG: (@ 2711.0ns) PC=000103c4 - 26731c63 / Imm12: 13c / Rs2: 07 / Rs1: 06 / Funct3: 1 / BRANCH / B-type [0m
[0;37mControlUnit: DEBUG: (@ 2713.0ns) PC=000103c8 - 00000213 / Imm12: 000 / Rs1: 00 / Funct3: 0 / Rd: 04 / ARITH / I-type [0m
[0;37mControlUnit: DEBUG: (@ 2715.0ns) PC=000103cc - 00d00093 / Imm12: 00d / Rs1: 00 / Funct3: 0 / Rd: 01 / ARITH / I-type [0m
[0;37mControlUnit: DEBUG: (@ 2727.0ns) PC=000103d0 - 00b00113 / Imm12: 00b / Rs1: 00 / Funct3: 0 / Rd: 02 / ARITH / I-type [0m
[0;37mControlUnit: DEBUG: (@ 2729.0ns) PC=000103d4 - 02208733 / Funct7: 01 / Rs2: 02 / Rs1: 01 / Funct3: 0 / Rd: 0e / MULDIV / R-type [0m
[0;37mControlUnit: DEBUG: (@ 2731.0ns) PC=000103d8 - 00120213 / Imm12: 001 / Rs1: 04 / Funct3: 0 / Rd: 04 / ARITH / I-type [0m
[0;37mControlUnit: DEBUG: (@ 2733.0ns) PC=000103dc - 00200293 / Imm12: 002 / Rs1: 00 / Funct3: 0 / Rd: 05 / ARITH / I-type [0m
[0;37mControlUnit: DEBUG: (@ 2753.0ns) PC=000103e0 - fe5216e3 / Imm12: ff6 / Rs2: 05 / Rs1: 04 / Funct3: 1 / BRANCH / B-type [0m
[0;34mControlUnit: INFO: (@ 2753.0ns) Branching [0m
[0;37mControlUnit: DEBUG: (@ 2759.0ns) PC=000103cc - 00d00093 / Imm12: 00d / Rs1: 00 / Funct3: 0 / Rd: 01 / ARITH / I-type [0m
[0;37mControlUnit: DEBUG: (@ 2761.0ns) PC=000103d0 - 00b00113 / Imm12: 00b / Rs1: 00 / Funct3: 0 / Rd: 02 / ARITH / I-type [0m
[0;37mControlUnit: DEBUG: (@ 2763.0ns) PC=000103d4 - 02208733 / Funct7: 01 / Rs2: 02 / Rs1: 01 / Funct3: 0 / Rd: 0e / MULDIV / R-type [0m
[0;37mControlUnit: DEBUG: (@ 2765.0ns) PC=000103d8 - 00120213 / Imm12: 001 / Rs1: 04 / Funct3: 0 / Rd: 04 / ARITH / I-type [0m
[0;37mControlUnit: DEBUG: (@ 2767.0ns) PC=000103dc - 00200293 / Imm12: 002 / Rs1: 00 / Funct3: 0 / Rd: 05 / ARITH / I-type [0m
[0;37mControlUnit: DEBUG: (@ 2773.0ns) PC=000103e0 - fe5216e3 / Imm12: ff6 / Rs2: 05 / Rs1: 04 / Funct3: 1 / BRANCH / B-type [0m
[0;37mControlUnit: DEBUG: (@ 2775.0ns) PC=000103e4 - 08f00393 / Imm12: 08f / Rs1: 00 / Funct3: 0 / Rd: 07 / ARITH / I-type [0m
[0;37mControlUnit: DEBUG: (@ 2777.0ns) PC=000103e8 - 00e00193 / Imm12: 00e / Rs1: 00 / Funct3: 0 / Rd: 03 / ARITH / I-type [0m
[0;37mControlUnit: DEBUG: (@ 2783.0ns) PC=000103ec - 24771863 / Imm12: 128 / Rs2: 07 / Rs1: 0e / Funct3: 1 / BRANCH / B-type [0m
[0;37mControlUnit: DEBUG: (@ 2793.0ns) PC=000103f0 - 00000213 / Imm12: 000 / Rs1: 00 / Funct3: 0 / Rd: 04 / ARITH / I-type [0m
[0;37mControlUnit: DEBUG: (@ 2795.0ns) PC=000103f4 - 00e00093 / Imm12: 00e / Rs1: 00 / Funct3: 0 / Rd: 01 / ARITH / I-type [0m
[0;37mControlUnit: DEBUG: (@ 2797.0ns) PC=000103f8 - 00b00113 / Imm12: 00b / Rs1: 00 / Funct3: 0 / Rd: 02 / ARITH / I-type [0m
[0;37mControlUnit: DEBUG: (@ 2799.0ns) PC=000103fc - 00000013 / Imm12: 000 / Rs1: 00 / Funct3: 0 / Rd: 00 / ARITH / I-type [0m
[0;37mControlUnit: DEBUG: (@ 2817.0ns) PC=00010400 - 02208733 / Funct7: 01 / Rs2: 02 / Rs1: 01 / Funct3: 0 / Rd: 0e / MULDIV / R-type [0m
[0;37mControlUnit: DEBUG: (@ 2819.0ns) PC=00010404 - 00120213 / Imm12: 001 / Rs1: 04 / Funct3: 0 / Rd: 04 / ARITH / I-type [0m
[0;37mControlUnit: DEBUG: (@ 2821.0ns) PC=00010408 - 00200293 / Imm12: 002 / Rs1: 00 / Funct3: 0 / Rd: 05 / ARITH / I-type [0m
[0;37mControlUnit: DEBUG: (@ 2827.0ns) PC=0001040c - fe5214e3 / Imm12: ff4 / Rs2: 05 / Rs1: 04 / Funct3: 1 / BRANCH / B-type [0m
[0;34mControlUnit: INFO: (@ 2827.0ns) Branching [0m
[0;37mControlUnit: DEBUG: (@ 2833.0ns) PC=000103f4 - 00e00093 / Imm12: 00e / Rs1: 00 / Funct3: 0 / Rd: 01 / ARITH / I-type [0m
[0;37mControlUnit: DEBUG: (@ 2835.0ns) PC=000103f8 - 00b00113 / Imm12: 00b / Rs1: 00 / Funct3: 0 / Rd: 02 / ARITH / I-type [0m
[0;37mControlUnit: DEBUG: (@ 2837.0ns) PC=000103fc - 00000013 / Imm12: 000 / Rs1: 00 / Funct3: 0 / Rd: 00 / ARITH / I-type [0m
[0;37mControlUnit: DEBUG: (@ 2839.0ns) PC=00010400 - 02208733 / Funct7: 01 / Rs2: 02 / Rs1: 01 / Funct3: 0 / Rd: 0e / MULDIV / R-type [0m
[0;37mControlUnit: DEBUG: (@ 2841.0ns) PC=00010404 - 00120213 / Imm12: 001 / Rs1: 04 / Funct3: 0 / Rd: 04 / ARITH / I-type [0m
[0;37mControlUnit: DEBUG: (@ 2843.0ns) PC=00010408 - 00200293 / Imm12: 002 / Rs1: 00 / Funct3: 0 / Rd: 05 / ARITH / I-type [0m
[0;37mControlUnit: DEBUG: (@ 2849.0ns) PC=0001040c - fe5214e3 / Imm12: ff4 / Rs2: 05 / Rs1: 04 / Funct3: 1 / BRANCH / B-type [0m
[0;37mControlUnit: DEBUG: (@ 2851.0ns) PC=00010410 - 09a00393 / Imm12: 09a / Rs1: 00 / Funct3: 0 / Rd: 07 / ARITH / I-type [0m
[0;37mControlUnit: DEBUG: (@ 2853.0ns) PC=00010414 - 00f00193 / Imm12: 00f / Rs1: 00 / Funct3: 0 / Rd: 03 / ARITH / I-type [0m
[0;37mControlUnit: DEBUG: (@ 2859.0ns) PC=00010418 - 22771263 / Imm12: 112 / Rs2: 07 / Rs1: 0e / Funct3: 1 / BRANCH / B-type [0m
[0;37mControlUnit: DEBUG: (@ 2861.0ns) PC=0001041c - 00000213 / Imm12: 000 / Rs1: 00 / Funct3: 0 / Rd: 04 / ARITH / I-type [0m
[0;37mControlUnit: DEBUG: (@ 2875.0ns) PC=00010420 - 00f00093 / Imm12: 00f / Rs1: 00 / Funct3: 0 / Rd: 01 / ARITH / I-type [0m
[0;37mControlUnit: DEBUG: (@ 2877.0ns) PC=00010424 - 00b00113 / Imm12: 00b / Rs1: 00 / Funct3: 0 / Rd: 02 / ARITH / I-type [0m
[0;37mControlUnit: DEBUG: (@ 2879.0ns) PC=00010428 - 00000013 / Imm12: 000 / Rs1: 00 / Funct3: 0 / Rd: 00 / ARITH / I-type [0m
[0;37mControlUnit: DEBUG: (@ 2881.0ns) PC=0001042c - 00000013 / Imm12: 000 / Rs1: 00 / Funct3: 0 / Rd: 00 / ARITH / I-type [0m
[0;37mControlUnit: DEBUG: (@ 2899.0ns) PC=00010430 - 02208733 / Funct7: 01 / Rs2: 02 / Rs1: 01 / Funct3: 0 / Rd: 0e / MULDIV / R-type [0m
[0;37mControlUnit: DEBUG: (@ 2901.0ns) PC=00010434 - 00120213 / Imm12: 001 / Rs1: 04 / Funct3: 0 / Rd: 04 / ARITH / I-type [0m
[0;37mControlUnit: DEBUG: (@ 2903.0ns) PC=00010438 - 00200293 / Imm12: 002 / Rs1: 00 / Funct3: 0 / Rd: 05 / ARITH / I-type [0m
[0;37mControlUnit: DEBUG: (@ 2909.0ns) PC=0001043c - fe5212e3 / Imm12: ff2 / Rs2: 05 / Rs1: 04 / Funct3: 1 / BRANCH / B-type [0m
[0;34mControlUnit: INFO: (@ 2909.0ns) Branching [0m
[0;37mControlUnit: DEBUG: (@ 2915.0ns) PC=00010420 - 00f00093 / Imm12: 00f / Rs1: 00 / Funct3: 0 / Rd: 01 / ARITH / I-type [0m
[0;37mControlUnit: DEBUG: (@ 2917.0ns) PC=00010424 - 00b00113 / Imm12: 00b / Rs1: 00 / Funct3: 0 / Rd: 02 / ARITH / I-type [0m
[0;37mControlUnit: DEBUG: (@ 2919.0ns) PC=00010428 - 00000013 / Imm12: 000 / Rs1: 00 / Funct3: 0 / Rd: 00 / ARITH / I-type [0m
[0;37mControlUnit: DEBUG: (@ 2921.0ns) PC=0001042c - 00000013 / Imm12: 000 / Rs1: 00 / Funct3: 0 / Rd: 00 / ARITH / I-type [0m
[0;37mControlUnit: DEBUG: (@ 2923.0ns) PC=00010430 - 02208733 / Funct7: 01 / Rs2: 02 / Rs1: 01 / Funct3: 0 / Rd: 0e / MULDIV / R-type [0m
[0;37mControlUnit: DEBUG: (@ 2925.0ns) PC=00010434 - 00120213 / Imm12: 001 / Rs1: 04 / Funct3: 0 / Rd: 04 / ARITH / I-type [0m
[0;37mControlUnit: DEBUG: (@ 2927.0ns) PC=00010438 - 00200293 / Imm12: 002 / Rs1: 00 / Funct3: 0 / Rd: 05 / ARITH / I-type [0m
[0;37mControlUnit: DEBUG: (@ 2933.0ns) PC=0001043c - fe5212e3 / Imm12: ff2 / Rs2: 05 / Rs1: 04 / Funct3: 1 / BRANCH / B-type [0m
[0;37mControlUnit: DEBUG: (@ 2935.0ns) PC=00010440 - 0a500393 / Imm12: 0a5 / Rs1: 00 / Funct3: 0 / Rd: 07 / ARITH / I-type [0m
[0;37mControlUnit: DEBUG: (@ 2937.0ns) PC=00010444 - 01000193 / Imm12: 010 / Rs1: 00 / Funct3: 0 / Rd: 03 / ARITH / I-type [0m
[0;37mControlUnit: DEBUG: (@ 2943.0ns) PC=00010448 - 1e771a63 / Imm12: 0fa / Rs2: 07 / Rs1: 0e / Funct3: 1 / BRANCH / B-type [0m
[0;37mControlUnit: DEBUG: (@ 2945.0ns) PC=0001044c - 00000213 / Imm12: 000 / Rs1: 00 / Funct3: 0 / Rd: 04 / ARITH / I-type [0m
[0;37mControlUnit: DEBUG: (@ 2957.0ns) PC=00010450 - 00d00093 / Imm12: 00d / Rs1: 00 / Funct3: 0 / Rd: 01 / ARITH / I-type [0m
[0;37mControlUnit: DEBUG: (@ 2959.0ns) PC=00010454 - 00000013 / Imm12: 000 / Rs1: 00 / Funct3: 0 / Rd: 00 / ARITH / I-type [0m
[0;37mControlUnit: DEBUG: (@ 2961.0ns) PC=00010458 - 00b00113 / Imm12: 00b / Rs1: 00 / Funct3: 0 / Rd: 02 / ARITH / I-type [0m
[0;37mControlUnit: DEBUG: (@ 2963.0ns) PC=0001045c - 02208733 / Funct7: 01 / Rs2: 02 / Rs1: 01 / Funct3: 0 / Rd: 0e / MULDIV / R-type [0m
[0;37mControlUnit: DEBUG: (@ 2981.0ns) PC=00010460 - 00120213 / Imm12: 001 / Rs1: 04 / Funct3: 0 / Rd: 04 / ARITH / I-type [0m
[0;37mControlUnit: DEBUG: (@ 2983.0ns) PC=00010464 - 00200293 / Imm12: 002 / Rs1: 00 / Funct3: 0 / Rd: 05 / ARITH / I-type [0m
[0;37mControlUnit: DEBUG: (@ 2989.0ns) PC=00010468 - fe5214e3 / Imm12: ff4 / Rs2: 05 / Rs1: 04 / Funct3: 1 / BRANCH / B-type [0m
[0;34mControlUnit: INFO: (@ 2989.0ns) Branching [0m
[0;37mControlUnit: DEBUG: (@ 2995.0ns) PC=00010450 - 00d00093 / Imm12: 00d / Rs1: 00 / Funct3: 0 / Rd: 01 / ARITH / I-type [0m
[0;37mControlUnit: DEBUG: (@ 2997.0ns) PC=00010454 - 00000013 / Imm12: 000 / Rs1: 00 / Funct3: 0 / Rd: 00 / ARITH / I-type [0m
[0;37mControlUnit: DEBUG: (@ 2999.0ns) PC=00010458 - 00b00113 / Imm12: 00b / Rs1: 00 / Funct3: 0 / Rd: 02 / ARITH / I-type [0m
[0;37mControlUnit: DEBUG: (@ 3001.0ns) PC=0001045c - 02208733 / Funct7: 01 / Rs2: 02 / Rs1: 01 / Funct3: 0 / Rd: 0e / MULDIV / R-type [0m
[0;37mControlUnit: DEBUG: (@ 3003.0ns) PC=00010460 - 00120213 / Imm12: 001 / Rs1: 04 / Funct3: 0 / Rd: 04 / ARITH / I-type [0m
[0;37mControlUnit: DEBUG: (@ 3005.0ns) PC=00010464 - 00200293 / Imm12: 002 / Rs1: 00 / Funct3: 0 / Rd: 05 / ARITH / I-type [0m
[0;37mControlUnit: DEBUG: (@ 3011.0ns) PC=00010468 - fe5214e3 / Imm12: ff4 / Rs2: 05 / Rs1: 04 / Funct3: 1 / BRANCH / B-type [0m
[0;37mControlUnit: DEBUG: (@ 3013.0ns) PC=0001046c - 08f00393 / Imm12: 08f / Rs1: 00 / Funct3: 0 / Rd: 07 / ARITH / I-type [0m
[0;37mControlUnit: DEBUG: (@ 3015.0ns) PC=00010470 - 01100193 / Imm12: 011 / Rs1: 00 / Funct3: 0 / Rd: 03 / ARITH / I-type [0m
[0;37mControlUnit: DEBUG: (@ 3021.0ns) PC=00010474 - 1c771463 / Imm12: 0e4 / Rs2: 07 / Rs1: 0e / Funct3: 1 / BRANCH / B-type [0m
[0;37mControlUnit: DEBUG: (@ 3023.0ns) PC=00010478 - 00000213 / Imm12: 000 / Rs1: 00 / Funct3: 0 / Rd: 04 / ARITH / I-type [0m
[0;37mControlUnit: DEBUG: (@ 3025.0ns) PC=0001047c - 00e00093 / Imm12: 00e / Rs1: 00 / Funct3: 0 / Rd: 01 / ARITH / I-type [0m
[0;37mControlUnit: DEBUG: (@ 3035.0ns) PC=00010480 - 00000013 / Imm12: 000 / Rs1: 00 / Funct3: 0 / Rd: 00 / ARITH / I-type [0m
[0;37mControlUnit: DEBUG: (@ 3037.0ns) PC=00010484 - 00b00113 / Imm12: 00b / Rs1: 00 / Funct3: 0 / Rd: 02 / ARITH / I-type [0m
[0;37mControlUnit: DEBUG: (@ 3039.0ns) PC=00010488 - 00000013 / Imm12: 000 / Rs1: 00 / Funct3: 0 / Rd: 00 / ARITH / I-type [0m
[0;37mControlUnit: DEBUG: (@ 3041.0ns) PC=0001048c - 02208733 / Funct7: 01 / Rs2: 02 / Rs1: 01 / Funct3: 0 / Rd: 0e / MULDIV / R-type [0m
[0;37mControlUnit: DEBUG: (@ 3065.0ns) PC=00010490 - 00120213 / Imm12: 001 / Rs1: 04 / Funct3: 0 / Rd: 04 / ARITH / I-type [0m
[0;37mControlUnit: DEBUG: (@ 3067.0ns) PC=00010494 - 00200293 / Imm12: 002 / Rs1: 00 / Funct3: 0 / Rd: 05 / ARITH / I-type [0m
[0;37mControlUnit: DEBUG: (@ 3073.0ns) PC=00010498 - fe5212e3 / Imm12: ff2 / Rs2: 05 / Rs1: 04 / Funct3: 1 / BRANCH / B-type [0m
[0;34mControlUnit: INFO: (@ 3073.0ns) Branching [0m
[0;37mControlUnit: DEBUG: (@ 3079.0ns) PC=0001047c - 00e00093 / Imm12: 00e / Rs1: 00 / Funct3: 0 / Rd: 01 / ARITH / I-type [0m
[0;37mControlUnit: DEBUG: (@ 3081.0ns) PC=00010480 - 00000013 / Imm12: 000 / Rs1: 00 / Funct3: 0 / Rd: 00 / ARITH / I-type [0m
[0;37mControlUnit: DEBUG: (@ 3083.0ns) PC=00010484 - 00b00113 / Imm12: 00b / Rs1: 00 / Funct3: 0 / Rd: 02 / ARITH / I-type [0m
[0;37mControlUnit: DEBUG: (@ 3085.0ns) PC=00010488 - 00000013 / Imm12: 000 / Rs1: 00 / Funct3: 0 / Rd: 00 / ARITH / I-type [0m
[0;37mControlUnit: DEBUG: (@ 3087.0ns) PC=0001048c - 02208733 / Funct7: 01 / Rs2: 02 / Rs1: 01 / Funct3: 0 / Rd: 0e / MULDIV / R-type [0m
[0;37mControlUnit: DEBUG: (@ 3089.0ns) PC=00010490 - 00120213 / Imm12: 001 / Rs1: 04 / Funct3: 0 / Rd: 04 / ARITH / I-type [0m
[0;37mControlUnit: DEBUG: (@ 3091.0ns) PC=00010494 - 00200293 / Imm12: 002 / Rs1: 00 / Funct3: 0 / Rd: 05 / ARITH / I-type [0m
[0;37mControlUnit: DEBUG: (@ 3097.0ns) PC=00010498 - fe5212e3 / Imm12: ff2 / Rs2: 05 / Rs1: 04 / Funct3: 1 / BRANCH / B-type [0m
[0;37mControlUnit: DEBUG: (@ 3099.0ns) PC=0001049c - 09a00393 / Imm12: 09a / Rs1: 00 / Funct3: 0 / Rd: 07 / ARITH / I-type [0m
[0;37mControlUnit: DEBUG: (@ 3101.0ns) PC=000104a0 - 01200193 / Imm12: 012 / Rs1: 00 / Funct3: 0 / Rd: 03 / ARITH / I-type [0m
[0;37mControlUnit: DEBUG: (@ 3107.0ns) PC=000104a4 - 18771c63 / Imm12: 0cc / Rs2: 07 / Rs1: 0e / Funct3: 1 / BRANCH / B-type [0m
[0;37mControlUnit: DEBUG: (@ 3109.0ns) PC=000104a8 - 00000213 / Imm12: 000 / Rs1: 00 / Funct3: 0 / Rd: 04 / ARITH / I-type [0m
[0;37mControlUnit: DEBUG: (@ 3111.0ns) PC=000104ac - 00f00093 / Imm12: 00f / Rs1: 00 / Funct3: 0 / Rd: 01 / ARITH / I-type [0m
[0;37mControlUnit: DEBUG: (@ 3121.0ns) PC=000104b0 - 00000013 / Imm12: 000 / Rs1: 00 / Funct3: 0 / Rd: 00 / ARITH / I-type [0m
[0;37mControlUnit: DEBUG: (@ 3123.0ns) PC=000104b4 - 00000013 / Imm12: 000 / Rs1: 00 / Funct3: 0 / Rd: 00 / ARITH / I-type [0m
[0;37mControlUnit: DEBUG: (@ 3125.0ns) PC=000104b8 - 00b00113 / Imm12: 00b / Rs1: 00 / Funct3: 0 / Rd: 02 / ARITH / I-type [0m
[0;37mControlUnit: DEBUG: (@ 3127.0ns) PC=000104bc - 02208733 / Funct7: 01 / Rs2: 02 / Rs1: 01 / Funct3: 0 / Rd: 0e / MULDIV / R-type [0m
[0;37mControlUnit: DEBUG: (@ 3145.0ns) PC=000104c0 - 00120213 / Imm12: 001 / Rs1: 04 / Funct3: 0 / Rd: 04 / ARITH / I-type [0m
[0;37mControlUnit: DEBUG: (@ 3147.0ns) PC=000104c4 - 00200293 / Imm12: 002 / Rs1: 00 / Funct3: 0 / Rd: 05 / ARITH / I-type [0m
[0;37mControlUnit: DEBUG: (@ 3153.0ns) PC=000104c8 - fe5212e3 / Imm12: ff2 / Rs2: 05 / Rs1: 04 / Funct3: 1 / BRANCH / B-type [0m
[0;34mControlUnit: INFO: (@ 3153.0ns) Branching [0m
[0;37mControlUnit: DEBUG: (@ 3159.0ns) PC=000104ac - 00f00093 / Imm12: 00f / Rs1: 00 / Funct3: 0 / Rd: 01 / ARITH / I-type [0m
[0;37mControlUnit: DEBUG: (@ 3161.0ns) PC=000104b0 - 00000013 / Imm12: 000 / Rs1: 00 / Funct3: 0 / Rd: 00 / ARITH / I-type [0m
[0;37mControlUnit: DEBUG: (@ 3163.0ns) PC=000104b4 - 00000013 / Imm12: 000 / Rs1: 00 / Funct3: 0 / Rd: 00 / ARITH / I-type [0m
[0;37mControlUnit: DEBUG: (@ 3165.0ns) PC=000104b8 - 00b00113 / Imm12: 00b / Rs1: 00 / Funct3: 0 / Rd: 02 / ARITH / I-type [0m
[0;37mControlUnit: DEBUG: (@ 3167.0ns) PC=000104bc - 02208733 / Funct7: 01 / Rs2: 02 / Rs1: 01 / Funct3: 0 / Rd: 0e / MULDIV / R-type [0m
[0;37mControlUnit: DEBUG: (@ 3169.0ns) PC=000104c0 - 00120213 / Imm12: 001 / Rs1: 04 / Funct3: 0 / Rd: 04 / ARITH / I-type [0m
[0;37mControlUnit: DEBUG: (@ 3171.0ns) PC=000104c4 - 00200293 / Imm12: 002 / Rs1: 00 / Funct3: 0 / Rd: 05 / ARITH / I-type [0m
[0;37mControlUnit: DEBUG: (@ 3177.0ns) PC=000104c8 - fe5212e3 / Imm12: ff2 / Rs2: 05 / Rs1: 04 / Funct3: 1 / BRANCH / B-type [0m
[0;37mControlUnit: DEBUG: (@ 3179.0ns) PC=000104cc - 0a500393 / Imm12: 0a5 / Rs1: 00 / Funct3: 0 / Rd: 07 / ARITH / I-type [0m
[0;37mControlUnit: DEBUG: (@ 3181.0ns) PC=000104d0 - 01300193 / Imm12: 013 / Rs1: 00 / Funct3: 0 / Rd: 03 / ARITH / I-type [0m
[0;37mControlUnit: DEBUG: (@ 3187.0ns) PC=000104d4 - 16771463 / Imm12: 0b4 / Rs2: 07 / Rs1: 0e / Funct3: 1 / BRANCH / B-type [0m
[0;37mControlUnit: DEBUG: (@ 3189.0ns) PC=000104d8 - 00000213 / Imm12: 000 / Rs1: 00 / Funct3: 0 / Rd: 04 / ARITH / I-type [0m
[0;37mControlUnit: DEBUG: (@ 3191.0ns) PC=000104dc - 00b00113 / Imm12: 00b / Rs1: 00 / Funct3: 0 / Rd: 02 / ARITH / I-type [0m
[0;37mControlUnit: DEBUG: (@ 3209.0ns) PC=000104e0 - 00d00093 / Imm12: 00d / Rs1: 00 / Funct3: 0 / Rd: 01 / ARITH / I-type [0m
[0;37mControlUnit: DEBUG: (@ 3211.0ns) PC=000104e4 - 02208733 / Funct7: 01 / Rs2: 02 / Rs1: 01 / Funct3: 0 / Rd: 0e / MULDIV / R-type [0m
[0;37mControlUnit: DEBUG: (@ 3213.0ns) PC=000104e8 - 00120213 / Imm12: 001 / Rs1: 04 / Funct3: 0 / Rd: 04 / ARITH / I-type [0m
[0;37mControlUnit: DEBUG: (@ 3215.0ns) PC=000104ec - 00200293 / Imm12: 002 / Rs1: 00 / Funct3: 0 / Rd: 05 / ARITH / I-type [0m
[0;37mControlUnit: DEBUG: (@ 3233.0ns) PC=000104f0 - fe5216e3 / Imm12: ff6 / Rs2: 05 / Rs1: 04 / Funct3: 1 / BRANCH / B-type [0m
[0;34mControlUnit: INFO: (@ 3233.0ns) Branching [0m
[0;37mControlUnit: DEBUG: (@ 3239.0ns) PC=000104dc - 00b00113 / Imm12: 00b / Rs1: 00 / Funct3: 0 / Rd: 02 / ARITH / I-type [0m
[0;37mControlUnit: DEBUG: (@ 3241.0ns) PC=000104e0 - 00d00093 / Imm12: 00d / Rs1: 00 / Funct3: 0 / Rd: 01 / ARITH / I-type [0m
[0;37mControlUnit: DEBUG: (@ 3243.0ns) PC=000104e4 - 02208733 / Funct7: 01 / Rs2: 02 / Rs1: 01 / Funct3: 0 / Rd: 0e / MULDIV / R-type [0m
[0;37mControlUnit: DEBUG: (@ 3245.0ns) PC=000104e8 - 00120213 / Imm12: 001 / Rs1: 04 / Funct3: 0 / Rd: 04 / ARITH / I-type [0m
[0;37mControlUnit: DEBUG: (@ 3247.0ns) PC=000104ec - 00200293 / Imm12: 002 / Rs1: 00 / Funct3: 0 / Rd: 05 / ARITH / I-type [0m
[0;37mControlUnit: DEBUG: (@ 3253.0ns) PC=000104f0 - fe5216e3 / Imm12: ff6 / Rs2: 05 / Rs1: 04 / Funct3: 1 / BRANCH / B-type [0m
[0;37mControlUnit: DEBUG: (@ 3255.0ns) PC=000104f4 - 08f00393 / Imm12: 08f / Rs1: 00 / Funct3: 0 / Rd: 07 / ARITH / I-type [0m
[0;37mControlUnit: DEBUG: (@ 3257.0ns) PC=000104f8 - 01400193 / Imm12: 014 / Rs1: 00 / Funct3: 0 / Rd: 03 / ARITH / I-type [0m
[0;37mControlUnit: DEBUG: (@ 3263.0ns) PC=000104fc - 14771063 / Imm12: 0a0 / Rs2: 07 / Rs1: 0e / Funct3: 1 / BRANCH / B-type [0m
[0;37mControlUnit: DEBUG: (@ 3277.0ns) PC=00010500 - 00000213 / Imm12: 000 / Rs1: 00 / Funct3: 0 / Rd: 04 / ARITH / I-type [0m
[0;37mControlUnit: DEBUG: (@ 3279.0ns) PC=00010504 - 00b00113 / Imm12: 00b / Rs1: 00 / Funct3: 0 / Rd: 02 / ARITH / I-type [0m
[0;37mControlUnit: DEBUG: (@ 3281.0ns) PC=00010508 - 00e00093 / Imm12: 00e / Rs1: 00 / Funct3: 0 / Rd: 01 / ARITH / I-type [0m
[0;37mControlUnit: DEBUG: (@ 3283.0ns) PC=0001050c - 00000013 / Imm12: 000 / Rs1: 00 / Funct3: 0 / Rd: 00 / ARITH / I-type [0m
[0;37mControlUnit: DEBUG: (@ 3301.0ns) PC=00010510 - 02208733 / Funct7: 01 / Rs2: 02 / Rs1: 01 / Funct3: 0 / Rd: 0e / MULDIV / R-type [0m
[0;37mControlUnit: DEBUG: (@ 3303.0ns) PC=00010514 - 00120213 / Imm12: 001 / Rs1: 04 / Funct3: 0 / Rd: 04 / ARITH / I-type [0m
[0;37mControlUnit: DEBUG: (@ 3305.0ns) PC=00010518 - 00200293 / Imm12: 002 / Rs1: 00 / Funct3: 0 / Rd: 05 / ARITH / I-type [0m
[0;37mControlUnit: DEBUG: (@ 3311.0ns) PC=0001051c - fe5214e3 / Imm12: ff4 / Rs2: 05 / Rs1: 04 / Funct3: 1 / BRANCH / B-type [0m
[0;34mControlUnit: INFO: (@ 3311.0ns) Branching [0m
[0;37mControlUnit: DEBUG: (@ 3317.0ns) PC=00010504 - 00b00113 / Imm12: 00b / Rs1: 00 / Funct3: 0 / Rd: 02 / ARITH / I-type [0m
[0;37mControlUnit: DEBUG: (@ 3319.0ns) PC=00010508 - 00e00093 / Imm12: 00e / Rs1: 00 / Funct3: 0 / Rd: 01 / ARITH / I-type [0m
[0;37mControlUnit: DEBUG: (@ 3321.0ns) PC=0001050c - 00000013 / Imm12: 000 / Rs1: 00 / Funct3: 0 / Rd: 00 / ARITH / I-type [0m
[0;37mControlUnit: DEBUG: (@ 3323.0ns) PC=00010510 - 02208733 / Funct7: 01 / Rs2: 02 / Rs1: 01 / Funct3: 0 / Rd: 0e / MULDIV / R-type [0m
[0;37mControlUnit: DEBUG: (@ 3325.0ns) PC=00010514 - 00120213 / Imm12: 001 / Rs1: 04 / Funct3: 0 / Rd: 04 / ARITH / I-type [0m
[0;37mControlUnit: DEBUG: (@ 3327.0ns) PC=00010518 - 00200293 / Imm12: 002 / Rs1: 00 / Funct3: 0 / Rd: 05 / ARITH / I-type [0m
[0;37mControlUnit: DEBUG: (@ 3333.0ns) PC=0001051c - fe5214e3 / Imm12: ff4 / Rs2: 05 / Rs1: 04 / Funct3: 1 / BRANCH / B-type [0m
[0;37mControlUnit: DEBUG: (@ 3335.0ns) PC=00010520 - 09a00393 / Imm12: 09a / Rs1: 00 / Funct3: 0 / Rd: 07 / ARITH / I-type [0m
[0;37mControlUnit: DEBUG: (@ 3337.0ns) PC=00010524 - 01500193 / Imm12: 015 / Rs1: 00 / Funct3: 0 / Rd: 03 / ARITH / I-type [0m
[0;37mControlUnit: DEBUG: (@ 3343.0ns) PC=00010528 - 10771a63 / Imm12: 08a / Rs2: 07 / Rs1: 0e / Funct3: 1 / BRANCH / B-type [0m
[0;37mControlUnit: DEBUG: (@ 3345.0ns) PC=0001052c - 00000213 / Imm12: 000 / Rs1: 00 / Funct3: 0 / Rd: 04 / ARITH / I-type [0m
[0;37mControlUnit: DEBUG: (@ 3355.0ns) PC=00010530 - 00b00113 / Imm12: 00b / Rs1: 00 / Funct3: 0 / Rd: 02 / ARITH / I-type [0m
[0;37mControlUnit: DEBUG: (@ 3357.0ns) PC=00010534 - 00f00093 / Imm12: 00f / Rs1: 00 / Funct3: 0 / Rd: 01 / ARITH / I-type [0m
[0;37mControlUnit: DEBUG: (@ 3359.0ns) PC=00010538 - 00000013 / Imm12: 000 / Rs1: 00 / Funct3: 0 / Rd: 00 / ARITH / I-type [0m
[0;37mControlUnit: DEBUG: (@ 3361.0ns) PC=0001053c - 00000013 / Imm12: 000 / Rs1: 00 / Funct3: 0 / Rd: 00 / ARITH / I-type [0m
[0;37mControlUnit: DEBUG: (@ 3379.0ns) PC=00010540 - 02208733 / Funct7: 01 / Rs2: 02 / Rs1: 01 / Funct3: 0 / Rd: 0e / MULDIV / R-type [0m
[0;37mControlUnit: DEBUG: (@ 3381.0ns) PC=00010544 - 00120213 / Imm12: 001 / Rs1: 04 / Funct3: 0 / Rd: 04 / ARITH / I-type [0m
[0;37mControlUnit: DEBUG: (@ 3383.0ns) PC=00010548 - 00200293 / Imm12: 002 / Rs1: 00 / Funct3: 0 / Rd: 05 / ARITH / I-type [0m
[0;37mControlUnit: DEBUG: (@ 3389.0ns) PC=0001054c - fe5212e3 / Imm12: ff2 / Rs2: 05 / Rs1: 04 / Funct3: 1 / BRANCH / B-type [0m
[0;34mControlUnit: INFO: (@ 3389.0ns) Branching [0m
[0;37mControlUnit: DEBUG: (@ 3395.0ns) PC=00010530 - 00b00113 / Imm12: 00b / Rs1: 00 / Funct3: 0 / Rd: 02 / ARITH / I-type [0m
[0;37mControlUnit: DEBUG: (@ 3397.0ns) PC=00010534 - 00f00093 / Imm12: 00f / Rs1: 00 / Funct3: 0 / Rd: 01 / ARITH / I-type [0m
[0;37mControlUnit: DEBUG: (@ 3399.0ns) PC=00010538 - 00000013 / Imm12: 000 / Rs1: 00 / Funct3: 0 / Rd: 00 / ARITH / I-type [0m
[0;37mControlUnit: DEBUG: (@ 3401.0ns) PC=0001053c - 00000013 / Imm12: 000 / Rs1: 00 / Funct3: 0 / Rd: 00 / ARITH / I-type [0m
[0;37mControlUnit: DEBUG: (@ 3403.0ns) PC=00010540 - 02208733 / Funct7: 01 / Rs2: 02 / Rs1: 01 / Funct3: 0 / Rd: 0e / MULDIV / R-type [0m
[0;37mControlUnit: DEBUG: (@ 3405.0ns) PC=00010544 - 00120213 / Imm12: 001 / Rs1: 04 / Funct3: 0 / Rd: 04 / ARITH / I-type [0m
[0;37mControlUnit: DEBUG: (@ 3407.0ns) PC=00010548 - 00200293 / Imm12: 002 / Rs1: 00 / Funct3: 0 / Rd: 05 / ARITH / I-type [0m
[0;37mControlUnit: DEBUG: (@ 3413.0ns) PC=0001054c - fe5212e3 / Imm12: ff2 / Rs2: 05 / Rs1: 04 / Funct3: 1 / BRANCH / B-type [0m
[0;37mControlUnit: DEBUG: (@ 3415.0ns) PC=00010550 - 0a500393 / Imm12: 0a5 / Rs1: 00 / Funct3: 0 / Rd: 07 / ARITH / I-type [0m
[0;37mControlUnit: DEBUG: (@ 3417.0ns) PC=00010554 - 01600193 / Imm12: 016 / Rs1: 00 / Funct3: 0 / Rd: 03 / ARITH / I-type [0m
[0;37mControlUnit: DEBUG: (@ 3423.0ns) PC=00010558 - 0e771263 / Imm12: 072 / Rs2: 07 / Rs1: 0e / Funct3: 1 / BRANCH / B-type [0m
[0;37mControlUnit: DEBUG: (@ 3425.0ns) PC=0001055c - 00000213 / Imm12: 000 / Rs1: 00 / Funct3: 0 / Rd: 04 / ARITH / I-type [0m
[0;37mControlUnit: DEBUG: (@ 3437.0ns) PC=00010560 - 00b00113 / Imm12: 00b / Rs1: 00 / Funct3: 0 / Rd: 02 / ARITH / I-type [0m
[0;37mControlUnit: DEBUG: (@ 3439.0ns) PC=00010564 - 00000013 / Imm12: 000 / Rs1: 00 / Funct3: 0 / Rd: 00 / ARITH / I-type [0m
[0;37mControlUnit: DEBUG: (@ 3441.0ns) PC=00010568 - 00d00093 / Imm12: 00d / Rs1: 00 / Funct3: 0 / Rd: 01 / ARITH / I-type [0m
[0;37mControlUnit: DEBUG: (@ 3443.0ns) PC=0001056c - 02208733 / Funct7: 01 / Rs2: 02 / Rs1: 01 / Funct3: 0 / Rd: 0e / MULDIV / R-type [0m
[0;37mControlUnit: DEBUG: (@ 3465.0ns) PC=00010570 - 00120213 / Imm12: 001 / Rs1: 04 / Funct3: 0 / Rd: 04 / ARITH / I-type [0m
[0;37mControlUnit: DEBUG: (@ 3467.0ns) PC=00010574 - 00200293 / Imm12: 002 / Rs1: 00 / Funct3: 0 / Rd: 05 / ARITH / I-type [0m
[0;37mControlUnit: DEBUG: (@ 3473.0ns) PC=00010578 - fe5214e3 / Imm12: ff4 / Rs2: 05 / Rs1: 04 / Funct3: 1 / BRANCH / B-type [0m
[0;34mControlUnit: INFO: (@ 3473.0ns) Branching [0m
[0;37mControlUnit: DEBUG: (@ 3479.0ns) PC=00010560 - 00b00113 / Imm12: 00b / Rs1: 00 / Funct3: 0 / Rd: 02 / ARITH / I-type [0m
[0;37mControlUnit: DEBUG: (@ 3481.0ns) PC=00010564 - 00000013 / Imm12: 000 / Rs1: 00 / Funct3: 0 / Rd: 00 / ARITH / I-type [0m
[0;37mControlUnit: DEBUG: (@ 3483.0ns) PC=00010568 - 00d00093 / Imm12: 00d / Rs1: 00 / Funct3: 0 / Rd: 01 / ARITH / I-type [0m
[0;37mControlUnit: DEBUG: (@ 3485.0ns) PC=0001056c - 02208733 / Funct7: 01 / Rs2: 02 / Rs1: 01 / Funct3: 0 / Rd: 0e / MULDIV / R-type [0m
[0;37mControlUnit: DEBUG: (@ 3487.0ns) PC=00010570 - 00120213 / Imm12: 001 / Rs1: 04 / Funct3: 0 / Rd: 04 / ARITH / I-type [0m
[0;37mControlUnit: DEBUG: (@ 3489.0ns) PC=00010574 - 00200293 / Imm12: 002 / Rs1: 00 / Funct3: 0 / Rd: 05 / ARITH / I-type [0m
[0;37mControlUnit: DEBUG: (@ 3495.0ns) PC=00010578 - fe5214e3 / Imm12: ff4 / Rs2: 05 / Rs1: 04 / Funct3: 1 / BRANCH / B-type [0m
[0;37mControlUnit: DEBUG: (@ 3497.0ns) PC=0001057c - 08f00393 / Imm12: 08f / Rs1: 00 / Funct3: 0 / Rd: 07 / ARITH / I-type [0m
[0;37mControlUnit: DEBUG: (@ 3499.0ns) PC=00010580 - 01700193 / Imm12: 017 / Rs1: 00 / Funct3: 0 / Rd: 03 / ARITH / I-type [0m
[0;37mControlUnit: DEBUG: (@ 3505.0ns) PC=00010584 - 0a771c63 / Imm12: 05c / Rs2: 07 / Rs1: 0e / Funct3: 1 / BRANCH / B-type [0m
[0;37mControlUnit: DEBUG: (@ 3507.0ns) PC=00010588 - 00000213 / Imm12: 000 / Rs1: 00 / Funct3: 0 / Rd: 04 / ARITH / I-type [0m
[0;37mControlUnit: DEBUG: (@ 3509.0ns) PC=0001058c - 00b00113 / Imm12: 00b / Rs1: 00 / Funct3: 0 / Rd: 02 / ARITH / I-type [0m
[0;37mControlUnit: DEBUG: (@ 3521.0ns) PC=00010590 - 00000013 / Imm12: 000 / Rs1: 00 / Funct3: 0 / Rd: 00 / ARITH / I-type [0m
[0;37mControlUnit: DEBUG: (@ 3523.0ns) PC=00010594 - 00e00093 / Imm12: 00e / Rs1: 00 / Funct3: 0 / Rd: 01 / ARITH / I-type [0m
[0;37mControlUnit: DEBUG: (@ 3525.0ns) PC=00010598 - 00000013 / Imm12: 000 / Rs1: 00 / Funct3: 0 / Rd: 00 / ARITH / I-type [0m
[0;37mControlUnit: DEBUG: (@ 3527.0ns) PC=0001059c - 02208733 / Funct7: 01 / Rs2: 02 / Rs1: 01 / Funct3: 0 / Rd: 0e / MULDIV / R-type [0m
[0;37mControlUnit: DEBUG: (@ 3549.0ns) PC=000105a0 - 00120213 / Imm12: 001 / Rs1: 04 / Funct3: 0 / Rd: 04 / ARITH / I-type [0m
[0;37mControlUnit: DEBUG: (@ 3551.0ns) PC=000105a4 - 00200293 / Imm12: 002 / Rs1: 00 / Funct3: 0 / Rd: 05 / ARITH / I-type [0m
[0;37mControlUnit: DEBUG: (@ 3557.0ns) PC=000105a8 - fe5212e3 / Imm12: ff2 / Rs2: 05 / Rs1: 04 / Funct3: 1 / BRANCH / B-type [0m
[0;34mControlUnit: INFO: (@ 3557.0ns) Branching [0m
[0;37mControlUnit: DEBUG: (@ 3563.0ns) PC=0001058c - 00b00113 / Imm12: 00b / Rs1: 00 / Funct3: 0 / Rd: 02 / ARITH / I-type [0m
[0;37mControlUnit: DEBUG: (@ 3565.0ns) PC=00010590 - 00000013 / Imm12: 000 / Rs1: 00 / Funct3: 0 / Rd: 00 / ARITH / I-type [0m
[0;37mControlUnit: DEBUG: (@ 3567.0ns) PC=00010594 - 00e00093 / Imm12: 00e / Rs1: 00 / Funct3: 0 / Rd: 01 / ARITH / I-type [0m
[0;37mControlUnit: DEBUG: (@ 3569.0ns) PC=00010598 - 00000013 / Imm12: 000 / Rs1: 00 / Funct3: 0 / Rd: 00 / ARITH / I-type [0m
[0;37mControlUnit: DEBUG: (@ 3571.0ns) PC=0001059c - 02208733 / Funct7: 01 / Rs2: 02 / Rs1: 01 / Funct3: 0 / Rd: 0e / MULDIV / R-type [0m
[0;37mControlUnit: DEBUG: (@ 3573.0ns) PC=000105a0 - 00120213 / Imm12: 001 / Rs1: 04 / Funct3: 0 / Rd: 04 / ARITH / I-type [0m
[0;37mControlUnit: DEBUG: (@ 3575.0ns) PC=000105a4 - 00200293 / Imm12: 002 / Rs1: 00 / Funct3: 0 / Rd: 05 / ARITH / I-type [0m
[0;37mControlUnit: DEBUG: (@ 3581.0ns) PC=000105a8 - fe5212e3 / Imm12: ff2 / Rs2: 05 / Rs1: 04 / Funct3: 1 / BRANCH / B-type [0m
[0;37mControlUnit: DEBUG: (@ 3583.0ns) PC=000105ac - 09a00393 / Imm12: 09a / Rs1: 00 / Funct3: 0 / Rd: 07 / ARITH / I-type [0m
[0;37mControlUnit: DEBUG: (@ 3585.0ns) PC=000105b0 - 01800193 / Imm12: 018 / Rs1: 00 / Funct3: 0 / Rd: 03 / ARITH / I-type [0m
[0;37mControlUnit: DEBUG: (@ 3591.0ns) PC=000105b4 - 08771463 / Imm12: 044 / Rs2: 07 / Rs1: 0e / Funct3: 1 / BRANCH / B-type [0m
[0;37mControlUnit: DEBUG: (@ 3593.0ns) PC=000105b8 - 00000213 / Imm12: 000 / Rs1: 00 / Funct3: 0 / Rd: 04 / ARITH / I-type [0m
[0;37mControlUnit: DEBUG: (@ 3595.0ns) PC=000105bc - 00b00113 / Imm12: 00b / Rs1: 00 / Funct3: 0 / Rd: 02 / ARITH / I-type [0m
[0;37mControlUnit: DEBUG: (@ 3611.0ns) PC=000105c0 - 00000013 / Imm12: 000 / Rs1: 00 / Funct3: 0 / Rd: 00 / ARITH / I-type [0m
[0;37mControlUnit: DEBUG: (@ 3613.0ns) PC=000105c4 - 00000013 / Imm12: 000 / Rs1: 00 / Funct3: 0 / Rd: 00 / ARITH / I-type [0m
[0;37mControlUnit: DEBUG: (@ 3615.0ns) PC=000105c8 - 00f00093 / Imm12: 00f / Rs1: 00 / Funct3: 0 / Rd: 01 / ARITH / I-type [0m
[0;37mControlUnit: DEBUG: (@ 3617.0ns) PC=000105cc - 02208733 / Funct7: 01 / Rs2: 02 / Rs1: 01 / Funct3: 0 / Rd: 0e / MULDIV / R-type [0m
[0;37mControlUnit: DEBUG: (@ 3635.0ns) PC=000105d0 - 00120213 / Imm12: 001 / Rs1: 04 / Funct3: 0 / Rd: 04 / ARITH / I-type [0m
[0;37mControlUnit: DEBUG: (@ 3637.0ns) PC=000105d4 - 00200293 / Imm12: 002 / Rs1: 00 / Funct3: 0 / Rd: 05 / ARITH / I-type [0m
[0;37mControlUnit: DEBUG: (@ 3643.0ns) PC=000105d8 - fe5212e3 / Imm12: ff2 / Rs2: 05 / Rs1: 04 / Funct3: 1 / BRANCH / B-type [0m
[0;34mControlUnit: INFO: (@ 3643.0ns) Branching [0m
[0;37mControlUnit: DEBUG: (@ 3649.0ns) PC=000105bc - 00b00113 / Imm12: 00b / Rs1: 00 / Funct3: 0 / Rd: 02 / ARITH / I-type [0m
[0;37mControlUnit: DEBUG: (@ 3651.0ns) PC=000105c0 - 00000013 / Imm12: 000 / Rs1: 00 / Funct3: 0 / Rd: 00 / ARITH / I-type [0m
[0;37mControlUnit: DEBUG: (@ 3653.0ns) PC=000105c4 - 00000013 / Imm12: 000 / Rs1: 00 / Funct3: 0 / Rd: 00 / ARITH / I-type [0m
[0;37mControlUnit: DEBUG: (@ 3655.0ns) PC=000105c8 - 00f00093 / Imm12: 00f / Rs1: 00 / Funct3: 0 / Rd: 01 / ARITH / I-type [0m
[0;37mControlUnit: DEBUG: (@ 3657.0ns) PC=000105cc - 02208733 / Funct7: 01 / Rs2: 02 / Rs1: 01 / Funct3: 0 / Rd: 0e / MULDIV / R-type [0m
[0;37mControlUnit: DEBUG: (@ 3659.0ns) PC=000105d0 - 00120213 / Imm12: 001 / Rs1: 04 / Funct3: 0 / Rd: 04 / ARITH / I-type [0m
[0;37mControlUnit: DEBUG: (@ 3661.0ns) PC=000105d4 - 00200293 / Imm12: 002 / Rs1: 00 / Funct3: 0 / Rd: 05 / ARITH / I-type [0m
[0;37mControlUnit: DEBUG: (@ 3667.0ns) PC=000105d8 - fe5212e3 / Imm12: ff2 / Rs2: 05 / Rs1: 04 / Funct3: 1 / BRANCH / B-type [0m
[0;37mControlUnit: DEBUG: (@ 3669.0ns) PC=000105dc - 0a500393 / Imm12: 0a5 / Rs1: 00 / Funct3: 0 / Rd: 07 / ARITH / I-type [0m
[0;37mControlUnit: DEBUG: (@ 3671.0ns) PC=000105e0 - 01900193 / Imm12: 019 / Rs1: 00 / Funct3: 0 / Rd: 03 / ARITH / I-type [0m
[0;37mControlUnit: DEBUG: (@ 3677.0ns) PC=000105e4 - 04771c63 / Imm12: 02c / Rs2: 07 / Rs1: 0e / Funct3: 1 / BRANCH / B-type [0m
[0;37mControlUnit: DEBUG: (@ 3679.0ns) PC=000105e8 - 01f00093 / Imm12: 01f / Rs1: 00 / Funct3: 0 / Rd: 01 / ARITH / I-type [0m
[0;37mControlUnit: DEBUG: (@ 3681.0ns) PC=000105ec - 02100133 / Funct7: 01 / Rs2: 01 / Rs1: 00 / Funct3: 0 / Rd: 02 / MULDIV / R-type [0m
[0;37mControlUnit: DEBUG: (@ 3697.0ns) PC=000105f0 - 00000393 / Imm12: 000 / Rs1: 00 / Funct3: 0 / Rd: 07 / ARITH / I-type [0m
[0;37mControlUnit: DEBUG: (@ 3699.0ns) PC=000105f4 - 01a00193 / Imm12: 01a / Rs1: 00 / Funct3: 0 / Rd: 03 / ARITH / I-type [0m
[0;37mControlUnit: DEBUG: (@ 3705.0ns) PC=000105f8 - 04711263 / Imm12: 022 / Rs2: 07 / Rs1: 02 / Funct3: 1 / BRANCH / B-type [0m
[0;37mControlUnit: DEBUG: (@ 3707.0ns) PC=000105fc - 02000093 / Imm12: 020 / Rs1: 00 / Funct3: 0 / Rd: 01 / ARITH / I-type [0m
[0;37mControlUnit: DEBUG: (@ 3723.0ns) PC=00010600 - 02008133 / Funct7: 01 / Rs2: 00 / Rs1: 01 / Funct3: 0 / Rd: 02 / MULDIV / R-type [0m
[0;37mControlUnit: DEBUG: (@ 3725.0ns) PC=00010604 - 00000393 / Imm12: 000 / Rs1: 00 / Funct3: 0 / Rd: 07 / ARITH / I-type [0m
[0;37mControlUnit: DEBUG: (@ 3727.0ns) PC=00010608 - 01b00193 / Imm12: 01b / Rs1: 00 / Funct3: 0 / Rd: 03 / ARITH / I-type [0m
[0;37mControlUnit: DEBUG: (@ 3733.0ns) PC=0001060c - 02711863 / Imm12: 018 / Rs2: 07 / Rs1: 02 / Funct3: 1 / BRANCH / B-type [0m
[0;37mControlUnit: DEBUG: (@ 3751.0ns) PC=00010610 - 020000b3 / Funct7: 01 / Rs2: 00 / Rs1: 00 / Funct3: 0 / Rd: 01 / MULDIV / R-type [0m
[0;37mControlUnit: DEBUG: (@ 3753.0ns) PC=00010614 - 00000393 / Imm12: 000 / Rs1: 00 / Funct3: 0 / Rd: 07 / ARITH / I-type [0m
[0;37mControlUnit: DEBUG: (@ 3755.0ns) PC=00010618 - 01c00193 / Imm12: 01c / Rs1: 00 / Funct3: 0 / Rd: 03 / ARITH / I-type [0m
[0;37mControlUnit: DEBUG: (@ 3761.0ns) PC=0001061c - 02709063 / Imm12: 010 / Rs2: 07 / Rs1: 01 / Funct3: 1 / BRANCH / B-type [0m
[0;37mControlUnit: DEBUG: (@ 3781.0ns) PC=00010620 - 02100093 / Imm12: 021 / Rs1: 00 / Funct3: 0 / Rd: 01 / ARITH / I-type [0m
[0;37mControlUnit: DEBUG: (@ 3783.0ns) PC=00010624 - 02200113 / Imm12: 022 / Rs1: 00 / Funct3: 0 / Rd: 02 / ARITH / I-type [0m
[0;37mControlUnit: DEBUG: (@ 3785.0ns) PC=00010628 - 02208033 / Funct7: 01 / Rs2: 02 / Rs1: 01 / Funct3: 0 / Rd: 00 / MULDIV / R-type [0m
[0;37mControlUnit: DEBUG: (@ 3787.0ns) PC=0001062c - 00000393 / Imm12: 000 / Rs1: 00 / Funct3: 0 / Rd: 07 / ARITH / I-type [0m
[0;37mControlUnit: DEBUG: (@ 3805.0ns) PC=00010630 - 01d00193 / Imm12: 01d / Rs1: 00 / Funct3: 0 / Rd: 03 / ARITH / I-type [0m
[0;37mControlUnit: DEBUG: (@ 3811.0ns) PC=00010634 - 00701463 / Imm12: 004 / Rs2: 07 / Rs1: 00 / Funct3: 1 / BRANCH / B-type [0m
[0;37mControlUnit: DEBUG: (@ 3813.0ns) PC=00010638 - 02301263 / Imm12: 012 / Rs2: 03 / Rs1: 00 / Funct3: 1 / BRANCH / B-type [0m
[0;34mControlUnit: INFO: (@ 3813.0ns) Branching [0m
[0;37mControlUnit: DEBUG: (@ 3847.0ns) PC=0001065c - 0ff0000f / Imm12: 000 / Rs1: 00 / Funct3: 0 / Rd: 00 / FENCE / I-type [0m
[0;37mControlUnit: DEBUG: (@ 3865.0ns) PC=00010660 - 00100193 / Imm12: 001 / Rs1: 00 / Funct3: 0 / Rd: 03 / ARITH / I-type [0m
[0;37mControlUnit: DEBUG: (@ 3867.0ns) PC=00010664 - 05d00893 / Imm12: 05d / Rs1: 00 / Funct3: 0 / Rd: 11 / ARITH / I-type [0m
[0;37mControlUnit: DEBUG: (@ 3869.0ns) PC=00010668 - 00000513 / Imm12: 000 / Rs1: 00 / Funct3: 0 / Rd: 0a / ARITH / I-type [0m
[0;37mControlUnit: DEBUG: (@ 3875.0ns) PC=0001066c - 00100073 / Imm12: 001 / Rs1: 00 / Funct3: 0 / Rd: 00 / EBREAK - I-type [0m
[0;34mControlUnit: INFO: (@ 3875.0ns) EBREAK -> Stop the processor [0m

[0;34mINFO: PC=0x1066c (@ 3877.0ns) (friscv_testbench.sv:803)[0m
[0;34mINFO: X31=0x0 (@ 3877.0ns) (friscv_testbench.sv:809)[0m
[0;34mINFO: Halt on EBREAK (@ 3877.0ns) (friscv_testbench.sv:816)[0m
[0;34mINFO: Halt on MRET (@ 3877.0ns) (friscv_testbench.sv:817)[0m
pc:       0001066c	x16/a6:   00000000
x1/ra:    00000021	x17/a7:   0000005d
x2/sp:    00000022	x18/s2:   00000000
x3/gp:    00000001	x19/s3:   00000000
x4/tp:    00000002	x20/s4:   00000000
x5/t0:    00000002	x21/s5:   00000000
x6/t1:    000000a5	x22/s6:   00000000
x7/t2:    00000000	x23/s7:   00000000
x8/s0/fp: 00000000	x24/s8:   00000000
x9/s1:    00000000	x25/s9:   00000000
x10/a0:   00000000	x26/s10:  00000000
x11/a1:   00000000	x27/s11:  00000000
x12/a2:   00000000	x28/t3:   00000000
x13/a3:   00000000	x29/t4:   00000000
x14/a4:   000000a5	x30/t5:   00000000
x15/a5:   00000000	x31/t6:   00000000
[0;32mSUCCESS: << Test 0: rv32ui-p-add >> pass (@ 3877.0ns) (friscv_testbench.sv:906)[0m

[0;34mINFO: Stop testsuite 'FRISCV Testbench' (@ 3877.0ns) (friscv_testbench.sv:908)[0m
  [1;33m- Warning number:  0[0m
  [1;35m- Critical number: 0[0m
  [1;31m- Error number:    0[0m
  [0;32m- STATUS: 1/1 test(s) passed[0m

friscv_testbench.sv:930: $finish called at 3877000 (1ps)

SVUT (@ 18:39:24) Stop friscv_testbench.sv

SVUT (@ 18:39:24) Elapsed time: 0:00:08.992769


[0;34mINFO: Execute ./tests/rv32um-p-mulh.v[0m
Sources didn't change, will not compile the testbench
  - Config file:      config.cfg
  - BOOT_ADDR:        65536
  - TIMEOUT:          100000
  - MIN_PC:           65908
  - TB_CHOICE:        1 (0=CORE, 1=PLATFORM)
  - TCNAME:           rv32um-p-mulh
  - SIMULATOR:        icarus
  - NO_VCD:           1
  - INTERACTIVE:      0
  - RAM_MODE:         compliance

       ______    ____  ________
      / ___/ |  / / / / /_  __/
      \__ \| | / / / / / / /  
     ___/ /| |/ / /_/ / / /   
    /____/ |___/\____/ /_/

    v1.10.0

SVUT (@ 18:39:24) Run with Icarus Verilog

SVUT (@ 18:39:24) Start friscv_testbench.sv

SVUT (@ 18:39:24) vvp svut.out 
WARNING: ../common/axi4l_ram.sv:112: $readmemh(test.v): Not enough words in the file for the requested range [0:268435455].
[0;34mINFO: No VCD trace will be created (@ 0) (friscv_testbench.sv:769)[0m
[0;34mINFO: Boot address: 0x00010000 (@ 0.0ns) (friscv_testbench.sv:794)[0m

[0;34mINFO: Start testsuite << FRISCV Testbench >> (@ 0.0ns) (friscv_testbench.sv:896)[0m

[0;34mINFO: Starting << Test 0: rv32ui-p-add >> (@ 0.0ns) (friscv_testbench.sv:898)[0m
[0;34mControlUnit: INFO: (@ 1037.0ns) IDLE -> Boot the processor [0m
[0;34mControlUnit: INFO: (@ 1065.0ns) JAL [0m
[0;37mControlUnit: DEBUG: (@ 1065.0ns) PC=00010000 - 0480006f / Imm20: 00024 / rd: 00  / JAL / J-type [0m
[0;37mControlUnit: DEBUG: (@ 1093.0ns) PC=00010048 - 00000093 / Imm12: 000 / Rs1: 00 / Funct3: 0 / Rd: 01 / ARITH / I-type [0m
[0;37mControlUnit: DEBUG: (@ 1095.0ns) PC=0001004c - 00000113 / Imm12: 000 / Rs1: 00 / Funct3: 0 / Rd: 02 / ARITH / I-type [0m
[0;37mControlUnit: DEBUG: (@ 1113.0ns) PC=00010050 - 00000193 / Imm12: 000 / Rs1: 00 / Funct3: 0 / Rd: 03 / ARITH / I-type [0m
[0;37mControlUnit: DEBUG: (@ 1115.0ns) PC=00010054 - 00000213 / Imm12: 000 / Rs1: 00 / Funct3: 0 / Rd: 04 / ARITH / I-type [0m
[0;37mControlUnit: DEBUG: (@ 1117.0ns) PC=00010058 - 00000293 / Imm12: 000 / Rs1: 00 / Funct3: 0 / Rd: 05 / ARITH / I-type [0m
[0;37mControlUnit: DEBUG: (@ 1119.0ns) PC=0001005c - 00000313 / Imm12: 000 / Rs1: 00 / Funct3: 0 / Rd: 06 / ARITH / I-type [0m
[0;37mControlUnit: DEBUG: (@ 1137.0ns) PC=00010060 - 00000393 / Imm12: 000 / Rs1: 00 / Funct3: 0 / Rd: 07 / ARITH / I-type [0m
[0;37mControlUnit: DEBUG: (@ 1139.0ns) PC=00010064 - 00000413 / Imm12: 000 / Rs1: 00 / Funct3: 0 / Rd: 08 / ARITH / I-type [0m
[0;37mControlUnit: DEBUG: (@ 1141.0ns) PC=00010068 - 00000493 / Imm12: 000 / Rs1: 00 / Funct3: 0 / Rd: 09 / ARITH / I-type [0m
[0;37mControlUnit: DEBUG: (@ 1143.0ns) PC=0001006c - 00000513 / Imm12: 000 / Rs1: 00 / Funct3: 0 / Rd: 0a / ARITH / I-type [0m
[0;37mControlUnit: DEBUG: (@ 1161.0ns) PC=00010070 - 00000593 / Imm12: 000 / Rs1: 00 / Funct3: 0 / Rd: 0b / ARITH / I-type [0m
[0;37mControlUnit: DEBUG: (@ 1163.0ns) PC=00010074 - 00000613 / Imm12: 000 / Rs1: 00 / Funct3: 0 / Rd: 0c / ARITH / I-type [0m
[0;37mControlUnit: DEBUG: (@ 1165.0ns) PC=00010078 - 00000693 / Imm12: 000 / Rs1: 00 / Funct3: 0 / Rd: 0d / ARITH / I-type [0m
[0;37mControlUnit: DEBUG: (@ 1167.0ns) PC=0001007c - 00000713 / Imm12: 000 / Rs1: 00 / Funct3: 0 / Rd: 0e / ARITH / I-type [0m
[0;37mControlUnit: DEBUG: (@ 1185.0ns) PC=00010080 - 00000793 / Imm12: 000 / Rs1: 00 / Funct3: 0 / Rd: 0f / ARITH / I-type [0m
[0;37mControlUnit: DEBUG: (@ 1187.0ns) PC=00010084 - 00000813 / Imm12: 000 / Rs1: 00 / Funct3: 0 / Rd: 10 / ARITH / I-type [0m
[0;37mControlUnit: DEBUG: (@ 1189.0ns) PC=00010088 - 00000893 / Imm12: 000 / Rs1: 00 / Funct3: 0 / Rd: 11 / ARITH / I-type [0m
[0;37mControlUnit: DEBUG: (@ 1191.0ns) PC=0001008c - 00000913 / Imm12: 000 / Rs1: 00 / Funct3: 0 / Rd: 12 / ARITH / I-type [0m
[0;37mControlUnit: DEBUG: (@ 1209.0ns) PC=00010090 - 00000993 / Imm12: 000 / Rs1: 00 / Funct3: 0 / Rd: 13 / ARITH / I-type [0m
[0;37mControlUnit: DEBUG: (@ 1211.0ns) PC=00010094 - 00000a13 / Imm12: 000 / Rs1: 00 / Funct3: 0 / Rd: 14 / ARITH / I-type [0m
[0;37mControlUnit: DEBUG: (@ 1213.0ns) PC=00010098 - 00000a93 / Imm12: 000 / Rs1: 00 / Funct3: 0 / Rd: 15 / ARITH / I-type [0m
[0;37mControlUnit: DEBUG: (@ 1215.0ns) PC=0001009c - 00000b13 / Imm12: 000 / Rs1: 00 / Funct3: 0 / Rd: 16 / ARITH / I-type [0m
[0;37mControlUnit: DEBUG: (@ 1235.0ns) PC=000100a0 - 00000b93 / Imm12: 000 / Rs1: 00 / Funct3: 0 / Rd: 17 / ARITH / I-type [0m
[0;37mControlUnit: DEBUG: (@ 1237.0ns) PC=000100a4 - 00000c13 / Imm12: 000 / Rs1: 00 / Funct3: 0 / Rd: 18 / ARITH / I-type [0m
[0;37mControlUnit: DEBUG: (@ 1239.0ns) PC=000100a8 - 00000c93 / Imm12: 000 / Rs1: 00 / Funct3: 0 / Rd: 19 / ARITH / I-type [0m
[0;37mControlUnit: DEBUG: (@ 1241.0ns) PC=000100ac - 00000d13 / Imm12: 000 / Rs1: 00 / Funct3: 0 / Rd: 1a / ARITH / I-type [0m
[0;37mControlUnit: DEBUG: (@ 1263.0ns) PC=000100b0 - 00000d93 / Imm12: 000 / Rs1: 00 / Funct3: 0 / Rd: 1b / ARITH / I-type [0m
[0;37mControlUnit: DEBUG: (@ 1265.0ns) PC=000100b4 - 00000e13 / Imm12: 000 / Rs1: 00 / Funct3: 0 / Rd: 1c / ARITH / I-type [0m
[0;37mControlUnit: DEBUG: (@ 1267.0ns) PC=000100b8 - 00000e93 / Imm12: 000 / Rs1: 00 / Funct3: 0 / Rd: 1d / ARITH / I-type [0m
[0;37mControlUnit: DEBUG: (@ 1269.0ns) PC=000100bc - 00000f13 / Imm12: 000 / Rs1: 00 / Funct3: 0 / Rd: 1e / ARITH / I-type [0m
[0;37mControlUnit: DEBUG: (@ 1287.0ns) PC=000100c0 - 00000f93 / Imm12: 000 / Rs1: 00 / Funct3: 0 / Rd: 1f / ARITH / I-type [0m
[0;37mControlUnit: DEBUG: (@ 1293.0ns) PC=000100c4 - f1402573 / Csr: f14 / Rs1: 00 / Funct3: 2 / Rd: 0a / CSR / I-type [0m
[0;37mControlUnit: DEBUG: (@ 1295.0ns) PC=000100c8 - 00051063 / Imm12: 000 / Rs2: 00 / Rs1: 0a / Funct3: 1 / BRANCH / B-type [0m
[0;37mControlUnit: DEBUG: (@ 1297.0ns) PC=000100cc - 00000297 / Imm20: 00000 / Rd: 05 / AUIPC / U-type [0m
[0;37mControlUnit: DEBUG: (@ 1311.0ns) PC=000100d0 - 01028293 / Imm12: 010 / Rs1: 05 / Funct3: 0 / Rd: 05 / ARITH / I-type [0m
[0;37mControlUnit: DEBUG: (@ 1317.0ns) PC=000100d4 - 30529073 / Csr: 305 / Rs1: 05 / Funct3: 1 / Rd: 00 / CSR / I-type [0m
[0;37mControlUnit: DEBUG: (@ 1319.0ns) PC=000100d8 - 18005073 / Csr: 180 / Rs1: 00 / Funct3: 5 / Rd: 00 / CSR / I-type [0m
[0;37mControlUnit: DEBUG: (@ 1321.0ns) PC=000100dc - 00000297 / Imm20: 00000 / Rd: 05 / AUIPC / U-type [0m
[0;37mControlUnit: DEBUG: (@ 1337.0ns) PC=000100e0 - 02028293 / Imm12: 020 / Rs1: 05 / Funct3: 0 / Rd: 05 / ARITH / I-type [0m
[0;37mControlUnit: DEBUG: (@ 1343.0ns) PC=000100e4 - 30529073 / Csr: 305 / Rs1: 05 / Funct3: 1 / Rd: 00 / CSR / I-type [0m
[0;37mControlUnit: DEBUG: (@ 1345.0ns) PC=000100e8 - 800002b7 / Imm20: 80000 / Rd: 05 / LUI / U-type [0m
[0;37mControlUnit: DEBUG: (@ 1347.0ns) PC=000100ec - fff28293 / Imm12: fff / Rs1: 05 / Funct3: 0 / Rd: 05 / ARITH / I-type [0m
[0;37mControlUnit: DEBUG: (@ 1365.0ns) PC=000100f0 - 3b029073 / Csr: 3b0 / Rs1: 05 / Funct3: 1 / Rd: 00 / CSR / I-type [0m
[0;37mControlUnit: DEBUG: (@ 1367.0ns) PC=000100f4 - 01f00293 / Imm12: 01f / Rs1: 00 / Funct3: 0 / Rd: 05 / ARITH / I-type [0m
[0;37mControlUnit: DEBUG: (@ 1373.0ns) PC=000100f8 - 3a029073 / Csr: 3a0 / Rs1: 05 / Funct3: 1 / Rd: 00 / CSR / I-type [0m
[0;37mControlUnit: DEBUG: (@ 1375.0ns) PC=000100fc - 30405073 / Csr: 304 / Rs1: 00 / Funct3: 5 / Rd: 00 / CSR / I-type [0m
[0;37mControlUnit: DEBUG: (@ 1395.0ns) PC=00010100 - 00000297 / Imm20: 00000 / Rd: 05 / AUIPC / U-type [0m
[0;37mControlUnit: DEBUG: (@ 1397.0ns) PC=00010104 - 01428293 / Imm12: 014 / Rs1: 05 / Funct3: 0 / Rd: 05 / ARITH / I-type [0m
[0;37mControlUnit: DEBUG: (@ 1403.0ns) PC=00010108 - 30529073 / Csr: 305 / Rs1: 05 / Funct3: 1 / Rd: 00 / CSR / I-type [0m
[0;37mControlUnit: DEBUG: (@ 1405.0ns) PC=0001010c - 30205073 / Csr: 302 / Rs1: 00 / Funct3: 5 / Rd: 00 / CSR / I-type [0m
[0;37mControlUnit: DEBUG: (@ 1427.0ns) PC=00010110 - 30305073 / Csr: 303 / Rs1: 00 / Funct3: 5 / Rd: 00 / CSR / I-type [0m
[0;37mControlUnit: DEBUG: (@ 1429.0ns) PC=00010114 - 00000193 / Imm12: 000 / Rs1: 00 / Funct3: 0 / Rd: 03 / ARITH / I-type [0m
[0;37mControlUnit: DEBUG: (@ 1435.0ns) PC=00010118 - 00000297 / Imm20: 00000 / Rd: 05 / AUIPC / U-type [0m
[0;37mControlUnit: DEBUG: (@ 1437.0ns) PC=0001011c - eec28293 / Imm12: eec / Rs1: 05 / Funct3: 0 / Rd: 05 / ARITH / I-type [0m
[0;37mControlUnit: DEBUG: (@ 1461.0ns) PC=00010120 - 30529073 / Csr: 305 / Rs1: 05 / Funct3: 1 / Rd: 00 / CSR / I-type [0m
[0;37mControlUnit: DEBUG: (@ 1463.0ns) PC=00010124 - 00100513 / Imm12: 001 / Rs1: 00 / Funct3: 0 / Rd: 0a / ARITH / I-type [0m
[0;37mControlUnit: DEBUG: (@ 1465.0ns) PC=00010128 - 01f51513 / Imm12: 01f / Rs1: 0a / Funct3: 1 / Rd: 0a / ARITH / I-type [0m
[0;37mControlUnit: DEBUG: (@ 1471.0ns) PC=0001012c - 00054c63 / Imm12: 00c / Rs2: 00 / Rs1: 0a / Funct3: 4 / BRANCH / B-type [0m
[0;34mControlUnit: INFO: (@ 1471.0ns) Branching [0m
[0;37mControlUnit: DEBUG: (@ 1535.0ns) PC=00010144 - 00000293 / Imm12: 000 / Rs1: 00 / Funct3: 0 / Rd: 05 / ARITH / I-type [0m
[0;37mControlUnit: DEBUG: (@ 1541.0ns) PC=00010148 - 00028a63 / Imm12: 00a / Rs2: 00 / Rs1: 05 / Funct3: 0 / BRANCH / B-type [0m
[0;34mControlUnit: INFO: (@ 1541.0ns) Branching [0m
[0;37mControlUnit: DEBUG: (@ 1575.0ns) PC=0001015c - 30005073 / Csr: 300 / Rs1: 00 / Funct3: 5 / Rd: 00 / CSR / I-type [0m
[0;37mControlUnit: DEBUG: (@ 1617.0ns) PC=00010160 - 00000297 / Imm20: 00000 / Rd: 05 / AUIPC / U-type [0m
[0;37mControlUnit: DEBUG: (@ 1619.0ns) PC=00010164 - 01428293 / Imm12: 014 / Rs1: 05 / Funct3: 0 / Rd: 05 / ARITH / I-type [0m
[0;37mControlUnit: DEBUG: (@ 1625.0ns) PC=00010168 - 34129073 / Csr: 341 / Rs1: 05 / Funct3: 1 / Rd: 00 / CSR / I-type [0m
[0;37mControlUnit: DEBUG: (@ 1627.0ns) PC=0001016c - f1402573 / Csr: f14 / Rs1: 00 / Funct3: 2 / Rd: 0a / CSR / I-type [0m
[0;37mControlUnit: DEBUG: (@ 1661.0ns) PC=00010170 - 30200073 / Csr: 302 / Rs1: 00 / Funct3: 0 / Rd: 00 / MRET - I-type [0m
[0;34mControlUnit: INFO: (@ 1661.0ns) MRET -> Machine Return [0m
[0;37mControlUnit: DEBUG: (@ 1667.0ns) PC=00010174 - 00000093 / Imm12: 000 / Rs1: 00 / Funct3: 0 / Rd: 01 / ARITH / I-type [0m
[0;37mControlUnit: DEBUG: (@ 1669.0ns) PC=00010178 - 00000113 / Imm12: 000 / Rs1: 00 / Funct3: 0 / Rd: 02 / ARITH / I-type [0m
[0;37mControlUnit: DEBUG: (@ 1671.0ns) PC=0001017c - 02209733 / Funct7: 01 / Rs2: 02 / Rs1: 01 / Funct3: 1 / Rd: 0e / MULDIV / R-type [0m
[0;37mControlUnit: DEBUG: (@ 1707.0ns) PC=00010180 - 00000393 / Imm12: 000 / Rs1: 00 / Funct3: 0 / Rd: 07 / ARITH / I-type [0m
[0;37mControlUnit: DEBUG: (@ 1709.0ns) PC=00010184 - 00200193 / Imm12: 002 / Rs1: 00 / Funct3: 0 / Rd: 03 / ARITH / I-type [0m
[0;37mControlUnit: DEBUG: (@ 1715.0ns) PC=00010188 - 4a771a63 / Imm12: 25a / Rs2: 07 / Rs1: 0e / Funct3: 1 / BRANCH / B-type [0m
[0;37mControlUnit: DEBUG: (@ 1717.0ns) PC=0001018c - 00100093 / Imm12: 001 / Rs1: 00 / Funct3: 0 / Rd: 01 / ARITH / I-type [0m
[0;37mControlUnit: DEBUG: (@ 1755.0ns) PC=00010190 - 00100113 / Imm12: 001 / Rs1: 00 / Funct3: 0 / Rd: 02 / ARITH / I-type [0m
[0;37mControlUnit: DEBUG: (@ 1757.0ns) PC=00010194 - 02209733 / Funct7: 01 / Rs2: 02 / Rs1: 01 / Funct3: 1 / Rd: 0e / MULDIV / R-type [0m
[0;37mControlUnit: DEBUG: (@ 1759.0ns) PC=00010198 - 00000393 / Imm12: 000 / Rs1: 00 / Funct3: 0 / Rd: 07 / ARITH / I-type [0m
[0;37mControlUnit: DEBUG: (@ 1761.0ns) PC=0001019c - 00300193 / Imm12: 003 / Rs1: 00 / Funct3: 0 / Rd: 03 / ARITH / I-type [0m
[0;37mControlUnit: DEBUG: (@ 1805.0ns) PC=000101a0 - 48771e63 / Imm12: 24e / Rs2: 07 / Rs1: 0e / Funct3: 1 / BRANCH / B-type [0m
[0;37mControlUnit: DEBUG: (@ 1807.0ns) PC=000101a4 - 00300093 / Imm12: 003 / Rs1: 00 / Funct3: 0 / Rd: 01 / ARITH / I-type [0m
[0;37mControlUnit: DEBUG: (@ 1809.0ns) PC=000101a8 - 00700113 / Imm12: 007 / Rs1: 00 / Funct3: 0 / Rd: 02 / ARITH / I-type [0m
[0;37mControlUnit: DEBUG: (@ 1811.0ns) PC=000101ac - 02209733 / Funct7: 01 / Rs2: 02 / Rs1: 01 / Funct3: 1 / Rd: 0e / MULDIV / R-type [0m
[0;37mControlUnit: DEBUG: (@ 1829.0ns) PC=000101b0 - 00000393 / Imm12: 000 / Rs1: 00 / Funct3: 0 / Rd: 07 / ARITH / I-type [0m
[0;37mControlUnit: DEBUG: (@ 1831.0ns) PC=000101b4 - 00400193 / Imm12: 004 / Rs1: 00 / Funct3: 0 / Rd: 03 / ARITH / I-type [0m
[0;37mControlUnit: DEBUG: (@ 1837.0ns) PC=000101b8 - 48771263 / Imm12: 242 / Rs2: 07 / Rs1: 0e / Funct3: 1 / BRANCH / B-type [0m
[0;37mControlUnit: DEBUG: (@ 1839.0ns) PC=000101bc - 00000093 / Imm12: 000 / Rs1: 00 / Funct3: 0 / Rd: 01 / ARITH / I-type [0m
[0;37mControlUnit: DEBUG: (@ 1853.0ns) PC=000101c0 - ffff8137 / Imm20: ffff8 / Rd: 02 / LUI / U-type [0m
[0;37mControlUnit: DEBUG: (@ 1855.0ns) PC=000101c4 - 02209733 / Funct7: 01 / Rs2: 02 / Rs1: 01 / Funct3: 1 / Rd: 0e / MULDIV / R-type [0m
[0;37mControlUnit: DEBUG: (@ 1857.0ns) PC=000101c8 - 00000393 / Imm12: 000 / Rs1: 00 / Funct3: 0 / Rd: 07 / ARITH / I-type [0m
[0;37mControlUnit: DEBUG: (@ 1859.0ns) PC=000101cc - 00500193 / Imm12: 005 / Rs1: 00 / Funct3: 0 / Rd: 03 / ARITH / I-type [0m
[0;37mControlUnit: DEBUG: (@ 1879.0ns) PC=000101d0 - 46771663 / Imm12: 236 / Rs2: 07 / Rs1: 0e / Funct3: 1 / BRANCH / B-type [0m
[0;37mControlUnit: DEBUG: (@ 1881.0ns) PC=000101d4 - 800000b7 / Imm20: 80000 / Rd: 01 / LUI / U-type [0m
[0;37mControlUnit: DEBUG: (@ 1883.0ns) PC=000101d8 - 00000113 / Imm12: 000 / Rs1: 00 / Funct3: 0 / Rd: 02 / ARITH / I-type [0m
[0;37mControlUnit: DEBUG: (@ 1885.0ns) PC=000101dc - 02209733 / Funct7: 01 / Rs2: 02 / Rs1: 01 / Funct3: 1 / Rd: 0e / MULDIV / R-type [0m
[0;37mControlUnit: DEBUG: (@ 1907.0ns) PC=000101e0 - 00000393 / Imm12: 000 / Rs1: 00 / Funct3: 0 / Rd: 07 / ARITH / I-type [0m
[0;37mControlUnit: DEBUG: (@ 1909.0ns) PC=000101e4 - 00600193 / Imm12: 006 / Rs1: 00 / Funct3: 0 / Rd: 03 / ARITH / I-type [0m
[0;37mControlUnit: DEBUG: (@ 1915.0ns) PC=000101e8 - 44771a63 / Imm12: 22a / Rs2: 07 / Rs1: 0e / Funct3: 1 / BRANCH / B-type [0m
[0;37mControlUnit: DEBUG: (@ 1917.0ns) PC=000101ec - 800000b7 / Imm20: 80000 / Rd: 01 / LUI / U-type [0m
[0;37mControlUnit: DEBUG: (@ 1937.0ns) PC=000101f0 - 00000113 / Imm12: 000 / Rs1: 00 / Funct3: 0 / Rd: 02 / ARITH / I-type [0m
[0;37mControlUnit: DEBUG: (@ 1939.0ns) PC=000101f4 - 02209733 / Funct7: 01 / Rs2: 02 / Rs1: 01 / Funct3: 1 / Rd: 0e / MULDIV / R-type [0m
[0;37mControlUnit: DEBUG: (@ 1941.0ns) PC=000101f8 - 00000393 / Imm12: 000 / Rs1: 00 / Funct3: 0 / Rd: 07 / ARITH / I-type [0m
[0;37mControlUnit: DEBUG: (@ 1943.0ns) PC=000101fc - 00700193 / Imm12: 007 / Rs1: 00 / Funct3: 0 / Rd: 03 / ARITH / I-type [0m
[0;37mControlUnit: DEBUG: (@ 1961.0ns) PC=00010200 - 42771e63 / Imm12: 21e / Rs2: 07 / Rs1: 0e / Funct3: 1 / BRANCH / B-type [0m
[0;37mControlUnit: DEBUG: (@ 1963.0ns) PC=00010204 - aaaab0b7 / Imm20: aaaab / Rd: 01 / LUI / U-type [0m
[0;37mControlUnit: DEBUG: (@ 1965.0ns) PC=00010208 - aab08093 / Imm12: aab / Rs1: 01 / Funct3: 0 / Rd: 01 / ARITH / I-type [0m
[0;37mControlUnit: DEBUG: (@ 1971.0ns) PC=0001020c - 00030137 / Imm20: 00030 / Rd: 02 / LUI / U-type [0m
[0;37mControlUnit: DEBUG: (@ 1987.0ns) PC=00010210 - e7d10113 / Imm12: e7d / Rs1: 02 / Funct3: 0 / Rd: 02 / ARITH / I-type [0m
[0;37mControlUnit: DEBUG: (@ 1989.0ns) PC=00010214 - 02209733 / Funct7: 01 / Rs2: 02 / Rs1: 01 / Funct3: 1 / Rd: 0e / MULDIV / R-type [0m
[0;37mControlUnit: DEBUG: (@ 1995.0ns) PC=00010218 - ffff03b7 / Imm20: ffff0 / Rd: 07 / LUI / U-type [0m
[0;37mControlUnit: DEBUG: (@ 1997.0ns) PC=0001021c - 08138393 / Imm12: 081 / Rs1: 07 / Funct3: 0 / Rd: 07 / ARITH / I-type [0m
[0;37mControlUnit: DEBUG: (@ 2015.0ns) PC=00010220 - 01e00193 / Imm12: 01e / Rs1: 00 / Funct3: 0 / Rd: 03 / ARITH / I-type [0m
[0;37mControlUnit: DEBUG: (@ 2021.0ns) PC=00010224 - 40771c63 / Imm12: 20c / Rs2: 07 / Rs1: 0e / Funct3: 1 / BRANCH / B-type [0m
[0;37mControlUnit: DEBUG: (@ 2023.0ns) PC=00010228 - 000300b7 / Imm20: 00030 / Rd: 01 / LUI / U-type [0m
[0;37mControlUnit: DEBUG: (@ 2025.0ns) PC=0001022c - e7d08093 / Imm12: e7d / Rs1: 01 / Funct3: 0 / Rd: 01 / ARITH / I-type [0m
[0;37mControlUnit: DEBUG: (@ 2045.0ns) PC=00010230 - aaaab137 / Imm20: aaaab / Rd: 02 / LUI / U-type [0m
[0;37mControlUnit: DEBUG: (@ 2047.0ns) PC=00010234 - aab10113 / Imm12: aab / Rs1: 02 / Funct3: 0 / Rd: 02 / ARITH / I-type [0m
[0;37mControlUnit: DEBUG: (@ 2049.0ns) PC=00010238 - 02209733 / Funct7: 01 / Rs2: 02 / Rs1: 01 / Funct3: 1 / Rd: 0e / MULDIV / R-type [0m
[0;37mControlUnit: DEBUG: (@ 2055.0ns) PC=0001023c - ffff03b7 / Imm20: ffff0 / Rd: 07 / LUI / U-type [0m
[0;37mControlUnit: DEBUG: (@ 2069.0ns) PC=00010240 - 08138393 / Imm12: 081 / Rs1: 07 / Funct3: 0 / Rd: 07 / ARITH / I-type [0m
[0;37mControlUnit: DEBUG: (@ 2071.0ns) PC=00010244 - 01f00193 / Imm12: 01f / Rs1: 00 / Funct3: 0 / Rd: 03 / ARITH / I-type [0m
[0;37mControlUnit: DEBUG: (@ 2077.0ns) PC=00010248 - 3e771a63 / Imm12: 1fa / Rs2: 07 / Rs1: 0e / Funct3: 1 / BRANCH / B-type [0m
[0;37mControlUnit: DEBUG: (@ 2079.0ns) PC=0001024c - ff0000b7 / Imm20: ff000 / Rd: 01 / LUI / U-type [0m
[0;37mControlUnit: DEBUG: (@ 2095.0ns) PC=00010250 - ff000137 / Imm20: ff000 / Rd: 02 / LUI / U-type [0m
[0;37mControlUnit: DEBUG: (@ 2097.0ns) PC=00010254 - 02209733 / Funct7: 01 / Rs2: 02 / Rs1: 01 / Funct3: 1 / Rd: 0e / MULDIV / R-type [0m
[0;37mControlUnit: DEBUG: (@ 2103.0ns) PC=00010258 - 000103b7 / Imm20: 00010 / Rd: 07 / LUI / U-type [0m
[0;37mControlUnit: DEBUG: (@ 2105.0ns) PC=0001025c - 02000193 / Imm12: 020 / Rs1: 00 / Funct3: 0 / Rd: 03 / ARITH / I-type [0m
[0;37mControlUnit: DEBUG: (@ 2123.0ns) PC=00010260 - 3c771e63 / Imm12: 1ee / Rs2: 07 / Rs1: 0e / Funct3: 1 / BRANCH / B-type [0m
[0;37mControlUnit: DEBUG: (@ 2125.0ns) PC=00010264 - fff00093 / Imm12: fff / Rs1: 00 / Funct3: 0 / Rd: 01 / ARITH / I-type [0m
[0;37mControlUnit: DEBUG: (@ 2127.0ns) PC=00010268 - fff00113 / Imm12: fff / Rs1: 00 / Funct3: 0 / Rd: 02 / ARITH / I-type [0m
[0;37mControlUnit: DEBUG: (@ 2129.0ns) PC=0001026c - 02209733 / Funct7: 01 / Rs2: 02 / Rs1: 01 / Funct3: 1 / Rd: 0e / MULDIV / R-type [0m
[0;37mControlUnit: DEBUG: (@ 2153.0ns) PC=00010270 - 00000393 / Imm12: 000 / Rs1: 00 / Funct3: 0 / Rd: 07 / ARITH / I-type [0m
[0;37mControlUnit: DEBUG: (@ 2155.0ns) PC=00010274 - 02100193 / Imm12: 021 / Rs1: 00 / Funct3: 0 / Rd: 03 / ARITH / I-type [0m
[0;37mControlUnit: DEBUG: (@ 2161.0ns) PC=00010278 - 3c771263 / Imm12: 1e2 / Rs2: 07 / Rs1: 0e / Funct3: 1 / BRANCH / B-type [0m
[0;37mControlUnit: DEBUG: (@ 2163.0ns) PC=0001027c - fff00093 / Imm12: fff / Rs1: 00 / Funct3: 0 / Rd: 01 / ARITH / I-type [0m
[0;37mControlUnit: DEBUG: (@ 2177.0ns) PC=00010280 - 00100113 / Imm12: 001 / Rs1: 00 / Funct3: 0 / Rd: 02 / ARITH / I-type [0m
[0;37mControlUnit: DEBUG: (@ 2179.0ns) PC=00010284 - 02209733 / Funct7: 01 / Rs2: 02 / Rs1: 01 / Funct3: 1 / Rd: 0e / MULDIV / R-type [0m
[0;37mControlUnit: DEBUG: (@ 2181.0ns) PC=00010288 - fff00393 / Imm12: fff / Rs1: 00 / Funct3: 0 / Rd: 07 / ARITH / I-type [0m
[0;37mControlUnit: DEBUG: (@ 2183.0ns) PC=0001028c - 02200193 / Imm12: 022 / Rs1: 00 / Funct3: 0 / Rd: 03 / ARITH / I-type [0m
[0;37mControlUnit: DEBUG: (@ 2203.0ns) PC=00010290 - 3a771663 / Imm12: 1d6 / Rs2: 07 / Rs1: 0e / Funct3: 1 / BRANCH / B-type [0m
[0;37mControlUnit: DEBUG: (@ 2205.0ns) PC=00010294 - 00100093 / Imm12: 001 / Rs1: 00 / Funct3: 0 / Rd: 01 / ARITH / I-type [0m
[0;37mControlUnit: DEBUG: (@ 2207.0ns) PC=00010298 - fff00113 / Imm12: fff / Rs1: 00 / Funct3: 0 / Rd: 02 / ARITH / I-type [0m
[0;37mControlUnit: DEBUG: (@ 2209.0ns) PC=0001029c - 02209733 / Funct7: 01 / Rs2: 02 / Rs1: 01 / Funct3: 1 / Rd: 0e / MULDIV / R-type [0m
[0;37mControlUnit: DEBUG: (@ 2227.0ns) PC=000102a0 - fff00393 / Imm12: fff / Rs1: 00 / Funct3: 0 / Rd: 07 / ARITH / I-type [0m
[0;37mControlUnit: DEBUG: (@ 2229.0ns) PC=000102a4 - 02300193 / Imm12: 023 / Rs1: 00 / Funct3: 0 / Rd: 03 / ARITH / I-type [0m
[0;37mControlUnit: DEBUG: (@ 2235.0ns) PC=000102a8 - 38771a63 / Imm12: 1ca / Rs2: 07 / Rs1: 0e / Funct3: 1 / BRANCH / B-type [0m
[0;37mControlUnit: DEBUG: (@ 2237.0ns) PC=000102ac - 00d000b7 / Imm20: 00d00 / Rd: 01 / LUI / U-type [0m
[0;37mControlUnit: DEBUG: (@ 2251.0ns) PC=000102b0 - 00b00137 / Imm20: 00b00 / Rd: 02 / LUI / U-type [0m
[0;37mControlUnit: DEBUG: (@ 2253.0ns) PC=000102b4 - 022090b3 / Funct7: 01 / Rs2: 02 / Rs1: 01 / Funct3: 1 / Rd: 01 / MULDIV / R-type [0m
[0;37mControlUnit: DEBUG: (@ 2259.0ns) PC=000102b8 - 000093b7 / Imm20: 00009 / Rd: 07 / LUI / U-type [0m
[0;37mControlUnit: DEBUG: (@ 2261.0ns) PC=000102bc - f0038393 / Imm12: f00 / Rs1: 07 / Funct3: 0 / Rd: 07 / ARITH / I-type [0m
[0;37mControlUnit: DEBUG: (@ 2275.0ns) PC=000102c0 - 00800193 / Imm12: 008 / Rs1: 00 / Funct3: 0 / Rd: 03 / ARITH / I-type [0m
[0;37mControlUnit: DEBUG: (@ 2281.0ns) PC=000102c4 - 36709c63 / Imm12: 1bc / Rs2: 07 / Rs1: 01 / Funct3: 1 / BRANCH / B-type [0m
[0;37mControlUnit: DEBUG: (@ 2283.0ns) PC=000102c8 - 00e000b7 / Imm20: 00e00 / Rd: 01 / LUI / U-type [0m
[0;37mControlUnit: DEBUG: (@ 2285.0ns) PC=000102cc - 00b00137 / Imm20: 00b00 / Rd: 02 / LUI / U-type [0m
[0;37mControlUnit: DEBUG: (@ 2299.0ns) PC=000102d0 - 02209133 / Funct7: 01 / Rs2: 02 / Rs1: 01 / Funct3: 1 / Rd: 02 / MULDIV / R-type [0m
[0;37mControlUnit: DEBUG: (@ 2305.0ns) PC=000102d4 - 0000a3b7 / Imm20: 0000a / Rd: 07 / LUI / U-type [0m
[0;37mControlUnit: DEBUG: (@ 2307.0ns) PC=000102d8 - a0038393 / Imm12: a00 / Rs1: 07 / Funct3: 0 / Rd: 07 / ARITH / I-type [0m
[0;37mControlUnit: DEBUG: (@ 2309.0ns) PC=000102dc - 00900193 / Imm12: 009 / Rs1: 00 / Funct3: 0 / Rd: 03 / ARITH / I-type [0m
[0;37mControlUnit: DEBUG: (@ 2323.0ns) PC=000102e0 - 34711e63 / Imm12: 1ae / Rs2: 07 / Rs1: 02 / Funct3: 1 / BRANCH / B-type [0m
[0;37mControlUnit: DEBUG: (@ 2325.0ns) PC=000102e4 - 00d000b7 / Imm20: 00d00 / Rd: 01 / LUI / U-type [0m
[0;37mControlUnit: DEBUG: (@ 2327.0ns) PC=000102e8 - 021090b3 / Funct7: 01 / Rs2: 01 / Rs1: 01 / Funct3: 1 / Rd: 01 / MULDIV / R-type [0m
[0;37mControlUnit: DEBUG: (@ 2333.0ns) PC=000102ec - 0000b3b7 / Imm20: 0000b / Rd: 07 / LUI / U-type [0m
[0;37mControlUnit: DEBUG: (@ 2349.0ns) PC=000102f0 - 90038393 / Imm12: 900 / Rs1: 07 / Funct3: 0 / Rd: 07 / ARITH / I-type [0m
[0;37mControlUnit: DEBUG: (@ 2351.0ns) PC=000102f4 - 00a00193 / Imm12: 00a / Rs1: 00 / Funct3: 0 / Rd: 03 / ARITH / I-type [0m
[0;37mControlUnit: DEBUG: (@ 2357.0ns) PC=000102f8 - 34709263 / Imm12: 1a2 / Rs2: 07 / Rs1: 01 / Funct3: 1 / BRANCH / B-type [0m
[0;37mControlUnit: DEBUG: (@ 2359.0ns) PC=000102fc - 00000213 / Imm12: 000 / Rs1: 00 / Funct3: 0 / Rd: 04 / ARITH / I-type [0m
[0;37mControlUnit: DEBUG: (@ 2377.0ns) PC=00010300 - 00d000b7 / Imm20: 00d00 / Rd: 01 / LUI / U-type [0m
[0;37mControlUnit: DEBUG: (@ 2379.0ns) PC=00010304 - 00b00137 / Imm20: 00b00 / Rd: 02 / LUI / U-type [0m
[0;37mControlUnit: DEBUG: (@ 2381.0ns) PC=00010308 - 02209733 / Funct7: 01 / Rs2: 02 / Rs1: 01 / Funct3: 1 / Rd: 0e / MULDIV / R-type [0m
[0;37mControlUnit: DEBUG: (@ 2383.0ns) PC=0001030c - 00070313 / Imm12: 000 / Rs1: 0e / Funct3: 0 / Rd: 06 / ARITH / I-type [0m
[0;37mControlUnit: DEBUG: (@ 2407.0ns) PC=00010310 - 00120213 / Imm12: 001 / Rs1: 04 / Funct3: 0 / Rd: 04 / ARITH / I-type [0m
[0;37mControlUnit: DEBUG: (@ 2409.0ns) PC=00010314 - 00200293 / Imm12: 002 / Rs1: 00 / Funct3: 0 / Rd: 05 / ARITH / I-type [0m
[0;37mControlUnit: DEBUG: (@ 2415.0ns) PC=00010318 - fe5214e3 / Imm12: ff4 / Rs2: 05 / Rs1: 04 / Funct3: 1 / BRANCH / B-type [0m
[0;34mControlUnit: INFO: (@ 2415.0ns) Branching [0m
[0;37mControlUnit: DEBUG: (@ 2421.0ns) PC=00010300 - 00d000b7 / Imm20: 00d00 / Rd: 01 / LUI / U-type [0m
[0;37mControlUnit: DEBUG: (@ 2423.0ns) PC=00010304 - 00b00137 / Imm20: 00b00 / Rd: 02 / LUI / U-type [0m
[0;37mControlUnit: DEBUG: (@ 2425.0ns) PC=00010308 - 02209733 / Funct7: 01 / Rs2: 02 / Rs1: 01 / Funct3: 1 / Rd: 0e / MULDIV / R-type [0m
[0;37mControlUnit: DEBUG: (@ 2427.0ns) PC=0001030c - 00070313 / Imm12: 000 / Rs1: 0e / Funct3: 0 / Rd: 06 / ARITH / I-type [0m
[0;37mControlUnit: DEBUG: (@ 2431.0ns) PC=00010310 - 00120213 / Imm12: 001 / Rs1: 04 / Funct3: 0 / Rd: 04 / ARITH / I-type [0m
[0;37mControlUnit: DEBUG: (@ 2433.0ns) PC=00010314 - 00200293 / Imm12: 002 / Rs1: 00 / Funct3: 0 / Rd: 05 / ARITH / I-type [0m
[0;37mControlUnit: DEBUG: (@ 2439.0ns) PC=00010318 - fe5214e3 / Imm12: ff4 / Rs2: 05 / Rs1: 04 / Funct3: 1 / BRANCH / B-type [0m
[0;37mControlUnit: DEBUG: (@ 2441.0ns) PC=0001031c - 000093b7 / Imm20: 00009 / Rd: 07 / LUI / U-type [0m
[0;37mControlUnit: DEBUG: (@ 2443.0ns) PC=00010320 - f0038393 / Imm12: f00 / Rs1: 07 / Funct3: 0 / Rd: 07 / ARITH / I-type [0m
[0;37mControlUnit: DEBUG: (@ 2445.0ns) PC=00010324 - 00b00193 / Imm12: 00b / Rs1: 00 / Funct3: 0 / Rd: 03 / ARITH / I-type [0m
[0;37mControlUnit: DEBUG: (@ 2451.0ns) PC=00010328 - 30731a63 / Imm12: 18a / Rs2: 07 / Rs1: 06 / Funct3: 1 / BRANCH / B-type [0m
[0;37mControlUnit: DEBUG: (@ 2453.0ns) PC=0001032c - 00000213 / Imm12: 000 / Rs1: 00 / Funct3: 0 / Rd: 04 / ARITH / I-type [0m
[0;37mControlUnit: DEBUG: (@ 2465.0ns) PC=00010330 - 00e000b7 / Imm20: 00e00 / Rd: 01 / LUI / U-type [0m
[0;37mControlUnit: DEBUG: (@ 2467.0ns) PC=00010334 - 00b00137 / Imm20: 00b00 / Rd: 02 / LUI / U-type [0m
[0;37mControlUnit: DEBUG: (@ 2469.0ns) PC=00010338 - 02209733 / Funct7: 01 / Rs2: 02 / Rs1: 01 / Funct3: 1 / Rd: 0e / MULDIV / R-type [0m
[0;37mControlUnit: DEBUG: (@ 2471.0ns) PC=0001033c - 00000013 / Imm12: 000 / Rs1: 00 / Funct3: 0 / Rd: 00 / ARITH / I-type [0m
[0;37mControlUnit: DEBUG: (@ 2491.0ns) PC=00010340 - 00070313 / Imm12: 000 / Rs1: 0e / Funct3: 0 / Rd: 06 / ARITH / I-type [0m
[0;37mControlUnit: DEBUG: (@ 2493.0ns) PC=00010344 - 00120213 / Imm12: 001 / Rs1: 04 / Funct3: 0 / Rd: 04 / ARITH / I-type [0m
[0;37mControlUnit: DEBUG: (@ 2495.0ns) PC=00010348 - 00200293 / Imm12: 002 / Rs1: 00 / Funct3: 0 / Rd: 05 / ARITH / I-type [0m
[0;37mControlUnit: DEBUG: (@ 2501.0ns) PC=0001034c - fe5212e3 / Imm12: ff2 / Rs2: 05 / Rs1: 04 / Funct3: 1 / BRANCH / B-type [0m
[0;34mControlUnit: INFO: (@ 2501.0ns) Branching [0m
[0;37mControlUnit: DEBUG: (@ 2507.0ns) PC=00010330 - 00e000b7 / Imm20: 00e00 / Rd: 01 / LUI / U-type [0m
[0;37mControlUnit: DEBUG: (@ 2509.0ns) PC=00010334 - 00b00137 / Imm20: 00b00 / Rd: 02 / LUI / U-type [0m
[0;37mControlUnit: DEBUG: (@ 2511.0ns) PC=00010338 - 02209733 / Funct7: 01 / Rs2: 02 / Rs1: 01 / Funct3: 1 / Rd: 0e / MULDIV / R-type [0m
[0;37mControlUnit: DEBUG: (@ 2513.0ns) PC=0001033c - 00000013 / Imm12: 000 / Rs1: 00 / Funct3: 0 / Rd: 00 / ARITH / I-type [0m
[0;37mControlUnit: DEBUG: (@ 2515.0ns) PC=00010340 - 00070313 / Imm12: 000 / Rs1: 0e / Funct3: 0 / Rd: 06 / ARITH / I-type [0m
[0;37mControlUnit: DEBUG: (@ 2517.0ns) PC=00010344 - 00120213 / Imm12: 001 / Rs1: 04 / Funct3: 0 / Rd: 04 / ARITH / I-type [0m
[0;37mControlUnit: DEBUG: (@ 2519.0ns) PC=00010348 - 00200293 / Imm12: 002 / Rs1: 00 / Funct3: 0 / Rd: 05 / ARITH / I-type [0m
[0;37mControlUnit: DEBUG: (@ 2525.0ns) PC=0001034c - fe5212e3 / Imm12: ff2 / Rs2: 05 / Rs1: 04 / Funct3: 1 / BRANCH / B-type [0m
[0;37mControlUnit: DEBUG: (@ 2527.0ns) PC=00010350 - 0000a3b7 / Imm20: 0000a / Rd: 07 / LUI / U-type [0m
[0;37mControlUnit: DEBUG: (@ 2529.0ns) PC=00010354 - a0038393 / Imm12: a00 / Rs1: 07 / Funct3: 0 / Rd: 07 / ARITH / I-type [0m
[0;37mControlUnit: DEBUG: (@ 2531.0ns) PC=00010358 - 00c00193 / Imm12: 00c / Rs1: 00 / Funct3: 0 / Rd: 03 / ARITH / I-type [0m
[0;37mControlUnit: DEBUG: (@ 2537.0ns) PC=0001035c - 2e731063 / Imm12: 170 / Rs2: 07 / Rs1: 06 / Funct3: 1 / BRANCH / B-type [0m
[0;37mControlUnit: DEBUG: (@ 2547.0ns) PC=00010360 - 00000213 / Imm12: 000 / Rs1: 00 / Funct3: 0 / Rd: 04 / ARITH / I-type [0m
[0;37mControlUnit: DEBUG: (@ 2553.0ns) PC=00010364 - 00f000b7 / Imm20: 00f00 / Rd: 01 / LUI / U-type [0m
[0;37mControlUnit: DEBUG: (@ 2555.0ns) PC=00010368 - 00b00137 / Imm20: 00b00 / Rd: 02 / LUI / U-type [0m
[0;37mControlUnit: DEBUG: (@ 2557.0ns) PC=0001036c - 02209733 / Funct7: 01 / Rs2: 02 / Rs1: 01 / Funct3: 1 / Rd: 0e / MULDIV / R-type [0m
[0;37mControlUnit: DEBUG: (@ 2571.0ns) PC=00010370 - 00000013 / Imm12: 000 / Rs1: 00 / Funct3: 0 / Rd: 00 / ARITH / I-type [0m
[0;37mControlUnit: DEBUG: (@ 2573.0ns) PC=00010374 - 00000013 / Imm12: 000 / Rs1: 00 / Funct3: 0 / Rd: 00 / ARITH / I-type [0m
[0;37mControlUnit: DEBUG: (@ 2575.0ns) PC=00010378 - 00070313 / Imm12: 000 / Rs1: 0e / Funct3: 0 / Rd: 06 / ARITH / I-type [0m
[0;37mControlUnit: DEBUG: (@ 2577.0ns) PC=0001037c - 00120213 / Imm12: 001 / Rs1: 04 / Funct3: 0 / Rd: 04 / ARITH / I-type [0m
[0;37mControlUnit: DEBUG: (@ 2597.0ns) PC=00010380 - 00200293 / Imm12: 002 / Rs1: 00 / Funct3: 0 / Rd: 05 / ARITH / I-type [0m
[0;37mControlUnit: DEBUG: (@ 2603.0ns) PC=00010384 - fe5210e3 / Imm12: ff0 / Rs2: 05 / Rs1: 04 / Funct3: 1 / BRANCH / B-type [0m
[0;34mControlUnit: INFO: (@ 2603.0ns) Branching [0m
[0;37mControlUnit: DEBUG: (@ 2609.0ns) PC=00010364 - 00f000b7 / Imm20: 00f00 / Rd: 01 / LUI / U-type [0m
[0;37mControlUnit: DEBUG: (@ 2611.0ns) PC=00010368 - 00b00137 / Imm20: 00b00 / Rd: 02 / LUI / U-type [0m
[0;37mControlUnit: DEBUG: (@ 2613.0ns) PC=0001036c - 02209733 / Funct7: 01 / Rs2: 02 / Rs1: 01 / Funct3: 1 / Rd: 0e / MULDIV / R-type [0m
[0;37mControlUnit: DEBUG: (@ 2615.0ns) PC=00010370 - 00000013 / Imm12: 000 / Rs1: 00 / Funct3: 0 / Rd: 00 / ARITH / I-type [0m
[0;37mControlUnit: DEBUG: (@ 2617.0ns) PC=00010374 - 00000013 / Imm12: 000 / Rs1: 00 / Funct3: 0 / Rd: 00 / ARITH / I-type [0m
[0;37mControlUnit: DEBUG: (@ 2619.0ns) PC=00010378 - 00070313 / Imm12: 000 / Rs1: 0e / Funct3: 0 / Rd: 06 / ARITH / I-type [0m
[0;37mControlUnit: DEBUG: (@ 2621.0ns) PC=0001037c - 00120213 / Imm12: 001 / Rs1: 04 / Funct3: 0 / Rd: 04 / ARITH / I-type [0m
[0;37mControlUnit: DEBUG: (@ 2623.0ns) PC=00010380 - 00200293 / Imm12: 002 / Rs1: 00 / Funct3: 0 / Rd: 05 / ARITH / I-type [0m
[0;37mControlUnit: DEBUG: (@ 2629.0ns) PC=00010384 - fe5210e3 / Imm12: ff0 / Rs2: 05 / Rs1: 04 / Funct3: 1 / BRANCH / B-type [0m
[0;37mControlUnit: DEBUG: (@ 2631.0ns) PC=00010388 - 0000a3b7 / Imm20: 0000a / Rd: 07 / LUI / U-type [0m
[0;37mControlUnit: DEBUG: (@ 2633.0ns) PC=0001038c - 50038393 / Imm12: 500 / Rs1: 07 / Funct3: 0 / Rd: 07 / ARITH / I-type [0m
[0;37mControlUnit: DEBUG: (@ 2635.0ns) PC=00010390 - 00d00193 / Imm12: 00d / Rs1: 00 / Funct3: 0 / Rd: 03 / ARITH / I-type [0m
[0;37mControlUnit: DEBUG: (@ 2641.0ns) PC=00010394 - 2a731463 / Imm12: 154 / Rs2: 07 / Rs1: 06 / Funct3: 1 / BRANCH / B-type [0m
[0;37mControlUnit: DEBUG: (@ 2643.0ns) PC=00010398 - 00000213 / Imm12: 000 / Rs1: 00 / Funct3: 0 / Rd: 04 / ARITH / I-type [0m
[0;37mControlUnit: DEBUG: (@ 2649.0ns) PC=0001039c - 00d000b7 / Imm20: 00d00 / Rd: 01 / LUI / U-type [0m
[0;37mControlUnit: DEBUG: (@ 2655.0ns) PC=000103a0 - 00b00137 / Imm20: 00b00 / Rd: 02 / LUI / U-type [0m
[0;37mControlUnit: DEBUG: (@ 2657.0ns) PC=000103a4 - 02209733 / Funct7: 01 / Rs2: 02 / Rs1: 01 / Funct3: 1 / Rd: 0e / MULDIV / R-type [0m
[0;37mControlUnit: DEBUG: (@ 2659.0ns) PC=000103a8 - 00120213 / Imm12: 001 / Rs1: 04 / Funct3: 0 / Rd: 04 / ARITH / I-type [0m
[0;37mControlUnit: DEBUG: (@ 2661.0ns) PC=000103ac - 00200293 / Imm12: 002 / Rs1: 00 / Funct3: 0 / Rd: 05 / ARITH / I-type [0m
[0;37mControlUnit: DEBUG: (@ 2679.0ns) PC=000103b0 - fe5216e3 / Imm12: ff6 / Rs2: 05 / Rs1: 04 / Funct3: 1 / BRANCH / B-type [0m
[0;34mControlUnit: INFO: (@ 2679.0ns) Branching [0m
[0;37mControlUnit: DEBUG: (@ 2685.0ns) PC=0001039c - 00d000b7 / Imm20: 00d00 / Rd: 01 / LUI / U-type [0m
[0;37mControlUnit: DEBUG: (@ 2687.0ns) PC=000103a0 - 00b00137 / Imm20: 00b00 / Rd: 02 / LUI / U-type [0m
[0;37mControlUnit: DEBUG: (@ 2689.0ns) PC=000103a4 - 02209733 / Funct7: 01 / Rs2: 02 / Rs1: 01 / Funct3: 1 / Rd: 0e / MULDIV / R-type [0m
[0;37mControlUnit: DEBUG: (@ 2691.0ns) PC=000103a8 - 00120213 / Imm12: 001 / Rs1: 04 / Funct3: 0 / Rd: 04 / ARITH / I-type [0m
[0;37mControlUnit: DEBUG: (@ 2693.0ns) PC=000103ac - 00200293 / Imm12: 002 / Rs1: 00 / Funct3: 0 / Rd: 05 / ARITH / I-type [0m
[0;37mControlUnit: DEBUG: (@ 2699.0ns) PC=000103b0 - fe5216e3 / Imm12: ff6 / Rs2: 05 / Rs1: 04 / Funct3: 1 / BRANCH / B-type [0m
[0;37mControlUnit: DEBUG: (@ 2701.0ns) PC=000103b4 - 000093b7 / Imm20: 00009 / Rd: 07 / LUI / U-type [0m
[0;37mControlUnit: DEBUG: (@ 2703.0ns) PC=000103b8 - f0038393 / Imm12: f00 / Rs1: 07 / Funct3: 0 / Rd: 07 / ARITH / I-type [0m
[0;37mControlUnit: DEBUG: (@ 2705.0ns) PC=000103bc - 00e00193 / Imm12: 00e / Rs1: 00 / Funct3: 0 / Rd: 03 / ARITH / I-type [0m
[0;37mControlUnit: DEBUG: (@ 2721.0ns) PC=000103c0 - 26771e63 / Imm12: 13e / Rs2: 07 / Rs1: 0e / Funct3: 1 / BRANCH / B-type [0m
[0;37mControlUnit: DEBUG: (@ 2723.0ns) PC=000103c4 - 00000213 / Imm12: 000 / Rs1: 00 / Funct3: 0 / Rd: 04 / ARITH / I-type [0m
[0;37mControlUnit: DEBUG: (@ 2729.0ns) PC=000103c8 - 00e000b7 / Imm20: 00e00 / Rd: 01 / LUI / U-type [0m
[0;37mControlUnit: DEBUG: (@ 2731.0ns) PC=000103cc - 00b00137 / Imm20: 00b00 / Rd: 02 / LUI / U-type [0m
[0;37mControlUnit: DEBUG: (@ 2745.0ns) PC=000103d0 - 00000013 / Imm12: 000 / Rs1: 00 / Funct3: 0 / Rd: 00 / ARITH / I-type [0m
[0;37mControlUnit: DEBUG: (@ 2747.0ns) PC=000103d4 - 02209733 / Funct7: 01 / Rs2: 02 / Rs1: 01 / Funct3: 1 / Rd: 0e / MULDIV / R-type [0m
[0;37mControlUnit: DEBUG: (@ 2749.0ns) PC=000103d8 - 00120213 / Imm12: 001 / Rs1: 04 / Funct3: 0 / Rd: 04 / ARITH / I-type [0m
[0;37mControlUnit: DEBUG: (@ 2751.0ns) PC=000103dc - 00200293 / Imm12: 002 / Rs1: 00 / Funct3: 0 / Rd: 05 / ARITH / I-type [0m
[0;37mControlUnit: DEBUG: (@ 2771.0ns) PC=000103e0 - fe5214e3 / Imm12: ff4 / Rs2: 05 / Rs1: 04 / Funct3: 1 / BRANCH / B-type [0m
[0;34mControlUnit: INFO: (@ 2771.0ns) Branching [0m
[0;37mControlUnit: DEBUG: (@ 2777.0ns) PC=000103c8 - 00e000b7 / Imm20: 00e00 / Rd: 01 / LUI / U-type [0m
[0;37mControlUnit: DEBUG: (@ 2779.0ns) PC=000103cc - 00b00137 / Imm20: 00b00 / Rd: 02 / LUI / U-type [0m
[0;37mControlUnit: DEBUG: (@ 2781.0ns) PC=000103d0 - 00000013 / Imm12: 000 / Rs1: 00 / Funct3: 0 / Rd: 00 / ARITH / I-type [0m
[0;37mControlUnit: DEBUG: (@ 2783.0ns) PC=000103d4 - 02209733 / Funct7: 01 / Rs2: 02 / Rs1: 01 / Funct3: 1 / Rd: 0e / MULDIV / R-type [0m
[0;37mControlUnit: DEBUG: (@ 2785.0ns) PC=000103d8 - 00120213 / Imm12: 001 / Rs1: 04 / Funct3: 0 / Rd: 04 / ARITH / I-type [0m
[0;37mControlUnit: DEBUG: (@ 2787.0ns) PC=000103dc - 00200293 / Imm12: 002 / Rs1: 00 / Funct3: 0 / Rd: 05 / ARITH / I-type [0m
[0;37mControlUnit: DEBUG: (@ 2793.0ns) PC=000103e0 - fe5214e3 / Imm12: ff4 / Rs2: 05 / Rs1: 04 / Funct3: 1 / BRANCH / B-type [0m
[0;37mControlUnit: DEBUG: (@ 2795.0ns) PC=000103e4 - 0000a3b7 / Imm20: 0000a / Rd: 07 / LUI / U-type [0m
[0;37mControlUnit: DEBUG: (@ 2797.0ns) PC=000103e8 - a0038393 / Imm12: a00 / Rs1: 07 / Funct3: 0 / Rd: 07 / ARITH / I-type [0m
[0;37mControlUnit: DEBUG: (@ 2799.0ns) PC=000103ec - 00f00193 / Imm12: 00f / Rs1: 00 / Funct3: 0 / Rd: 03 / ARITH / I-type [0m
[0;37mControlUnit: DEBUG: (@ 2815.0ns) PC=000103f0 - 24771663 / Imm12: 126 / Rs2: 07 / Rs1: 0e / Funct3: 1 / BRANCH / B-type [0m
[0;37mControlUnit: DEBUG: (@ 2817.0ns) PC=000103f4 - 00000213 / Imm12: 000 / Rs1: 00 / Funct3: 0 / Rd: 04 / ARITH / I-type [0m
[0;37mControlUnit: DEBUG: (@ 2823.0ns) PC=000103f8 - 00f000b7 / Imm20: 00f00 / Rd: 01 / LUI / U-type [0m
[0;37mControlUnit: DEBUG: (@ 2825.0ns) PC=000103fc - 00b00137 / Imm20: 00b00 / Rd: 02 / LUI / U-type [0m
[0;37mControlUnit: DEBUG: (@ 2839.0ns) PC=00010400 - 00000013 / Imm12: 000 / Rs1: 00 / Funct3: 0 / Rd: 00 / ARITH / I-type [0m
[0;37mControlUnit: DEBUG: (@ 2841.0ns) PC=00010404 - 00000013 / Imm12: 000 / Rs1: 00 / Funct3: 0 / Rd: 00 / ARITH / I-type [0m
[0;37mControlUnit: DEBUG: (@ 2843.0ns) PC=00010408 - 02209733 / Funct7: 01 / Rs2: 02 / Rs1: 01 / Funct3: 1 / Rd: 0e / MULDIV / R-type [0m
[0;37mControlUnit: DEBUG: (@ 2845.0ns) PC=0001040c - 00120213 / Imm12: 001 / Rs1: 04 / Funct3: 0 / Rd: 04 / ARITH / I-type [0m
[0;37mControlUnit: DEBUG: (@ 2863.0ns) PC=00010410 - 00200293 / Imm12: 002 / Rs1: 00 / Funct3: 0 / Rd: 05 / ARITH / I-type [0m
[0;37mControlUnit: DEBUG: (@ 2869.0ns) PC=00010414 - fe5212e3 / Imm12: ff2 / Rs2: 05 / Rs1: 04 / Funct3: 1 / BRANCH / B-type [0m
[0;34mControlUnit: INFO: (@ 2869.0ns) Branching [0m
[0;37mControlUnit: DEBUG: (@ 2875.0ns) PC=000103f8 - 00f000b7 / Imm20: 00f00 / Rd: 01 / LUI / U-type [0m
[0;37mControlUnit: DEBUG: (@ 2877.0ns) PC=000103fc - 00b00137 / Imm20: 00b00 / Rd: 02 / LUI / U-type [0m
[0;37mControlUnit: DEBUG: (@ 2879.0ns) PC=00010400 - 00000013 / Imm12: 000 / Rs1: 00 / Funct3: 0 / Rd: 00 / ARITH / I-type [0m
[0;37mControlUnit: DEBUG: (@ 2881.0ns) PC=00010404 - 00000013 / Imm12: 000 / Rs1: 00 / Funct3: 0 / Rd: 00 / ARITH / I-type [0m
[0;37mControlUnit: DEBUG: (@ 2883.0ns) PC=00010408 - 02209733 / Funct7: 01 / Rs2: 02 / Rs1: 01 / Funct3: 1 / Rd: 0e / MULDIV / R-type [0m
[0;37mControlUnit: DEBUG: (@ 2885.0ns) PC=0001040c - 00120213 / Imm12: 001 / Rs1: 04 / Funct3: 0 / Rd: 04 / ARITH / I-type [0m
[0;37mControlUnit: DEBUG: (@ 2887.0ns) PC=00010410 - 00200293 / Imm12: 002 / Rs1: 00 / Funct3: 0 / Rd: 05 / ARITH / I-type [0m
[0;37mControlUnit: DEBUG: (@ 2893.0ns) PC=00010414 - fe5212e3 / Imm12: ff2 / Rs2: 05 / Rs1: 04 / Funct3: 1 / BRANCH / B-type [0m
[0;37mControlUnit: DEBUG: (@ 2895.0ns) PC=00010418 - 0000a3b7 / Imm20: 0000a / Rd: 07 / LUI / U-type [0m
[0;37mControlUnit: DEBUG: (@ 2897.0ns) PC=0001041c - 50038393 / Imm12: 500 / Rs1: 07 / Funct3: 0 / Rd: 07 / ARITH / I-type [0m
[0;37mControlUnit: DEBUG: (@ 2899.0ns) PC=00010420 - 01000193 / Imm12: 010 / Rs1: 00 / Funct3: 0 / Rd: 03 / ARITH / I-type [0m
[0;37mControlUnit: DEBUG: (@ 2905.0ns) PC=00010424 - 20771c63 / Imm12: 10c / Rs2: 07 / Rs1: 0e / Funct3: 1 / BRANCH / B-type [0m
[0;37mControlUnit: DEBUG: (@ 2907.0ns) PC=00010428 - 00000213 / Imm12: 000 / Rs1: 00 / Funct3: 0 / Rd: 04 / ARITH / I-type [0m
[0;37mControlUnit: DEBUG: (@ 2913.0ns) PC=0001042c - 00d000b7 / Imm20: 00d00 / Rd: 01 / LUI / U-type [0m
[0;37mControlUnit: DEBUG: (@ 2919.0ns) PC=00010430 - 00000013 / Imm12: 000 / Rs1: 00 / Funct3: 0 / Rd: 00 / ARITH / I-type [0m
[0;37mControlUnit: DEBUG: (@ 2925.0ns) PC=00010434 - 00b00137 / Imm20: 00b00 / Rd: 02 / LUI / U-type [0m
[0;37mControlUnit: DEBUG: (@ 2927.0ns) PC=00010438 - 02209733 / Funct7: 01 / Rs2: 02 / Rs1: 01 / Funct3: 1 / Rd: 0e / MULDIV / R-type [0m
[0;37mControlUnit: DEBUG: (@ 2929.0ns) PC=0001043c - 00120213 / Imm12: 001 / Rs1: 04 / Funct3: 0 / Rd: 04 / ARITH / I-type [0m
[0;37mControlUnit: DEBUG: (@ 2945.0ns) PC=00010440 - 00200293 / Imm12: 002 / Rs1: 00 / Funct3: 0 / Rd: 05 / ARITH / I-type [0m
[0;37mControlUnit: DEBUG: (@ 2951.0ns) PC=00010444 - fe5214e3 / Imm12: ff4 / Rs2: 05 / Rs1: 04 / Funct3: 1 / BRANCH / B-type [0m
[0;34mControlUnit: INFO: (@ 2951.0ns) Branching [0m
[0;37mControlUnit: DEBUG: (@ 2957.0ns) PC=0001042c - 00d000b7 / Imm20: 00d00 / Rd: 01 / LUI / U-type [0m
[0;37mControlUnit: DEBUG: (@ 2959.0ns) PC=00010430 - 00000013 / Imm12: 000 / Rs1: 00 / Funct3: 0 / Rd: 00 / ARITH / I-type [0m
[0;37mControlUnit: DEBUG: (@ 2965.0ns) PC=00010434 - 00b00137 / Imm20: 00b00 / Rd: 02 / LUI / U-type [0m
[0;37mControlUnit: DEBUG: (@ 2967.0ns) PC=00010438 - 02209733 / Funct7: 01 / Rs2: 02 / Rs1: 01 / Funct3: 1 / Rd: 0e / MULDIV / R-type [0m
[0;37mControlUnit: DEBUG: (@ 2969.0ns) PC=0001043c - 00120213 / Imm12: 001 / Rs1: 04 / Funct3: 0 / Rd: 04 / ARITH / I-type [0m
[0;37mControlUnit: DEBUG: (@ 2971.0ns) PC=00010440 - 00200293 / Imm12: 002 / Rs1: 00 / Funct3: 0 / Rd: 05 / ARITH / I-type [0m
[0;37mControlUnit: DEBUG: (@ 2977.0ns) PC=00010444 - fe5214e3 / Imm12: ff4 / Rs2: 05 / Rs1: 04 / Funct3: 1 / BRANCH / B-type [0m
[0;37mControlUnit: DEBUG: (@ 2979.0ns) PC=00010448 - 000093b7 / Imm20: 00009 / Rd: 07 / LUI / U-type [0m
[0;37mControlUnit: DEBUG: (@ 2981.0ns) PC=0001044c - f0038393 / Imm12: f00 / Rs1: 07 / Funct3: 0 / Rd: 07 / ARITH / I-type [0m
[0;37mControlUnit: DEBUG: (@ 2983.0ns) PC=00010450 - 01100193 / Imm12: 011 / Rs1: 00 / Funct3: 0 / Rd: 03 / ARITH / I-type [0m
[0;37mControlUnit: DEBUG: (@ 2989.0ns) PC=00010454 - 1e771463 / Imm12: 0f4 / Rs2: 07 / Rs1: 0e / Funct3: 1 / BRANCH / B-type [0m
[0;37mControlUnit: DEBUG: (@ 2991.0ns) PC=00010458 - 00000213 / Imm12: 000 / Rs1: 00 / Funct3: 0 / Rd: 04 / ARITH / I-type [0m
[0;37mControlUnit: DEBUG: (@ 2997.0ns) PC=0001045c - 00e000b7 / Imm20: 00e00 / Rd: 01 / LUI / U-type [0m
[0;37mControlUnit: DEBUG: (@ 3003.0ns) PC=00010460 - 00000013 / Imm12: 000 / Rs1: 00 / Funct3: 0 / Rd: 00 / ARITH / I-type [0m
[0;37mControlUnit: DEBUG: (@ 3009.0ns) PC=00010464 - 00b00137 / Imm20: 00b00 / Rd: 02 / LUI / U-type [0m
[0;37mControlUnit: DEBUG: (@ 3011.0ns) PC=00010468 - 00000013 / Imm12: 000 / Rs1: 00 / Funct3: 0 / Rd: 00 / ARITH / I-type [0m
[0;37mControlUnit: DEBUG: (@ 3013.0ns) PC=0001046c - 02209733 / Funct7: 01 / Rs2: 02 / Rs1: 01 / Funct3: 1 / Rd: 0e / MULDIV / R-type [0m
[0;37mControlUnit: DEBUG: (@ 3029.0ns) PC=00010470 - 00120213 / Imm12: 001 / Rs1: 04 / Funct3: 0 / Rd: 04 / ARITH / I-type [0m
[0;37mControlUnit: DEBUG: (@ 3031.0ns) PC=00010474 - 00200293 / Imm12: 002 / Rs1: 00 / Funct3: 0 / Rd: 05 / ARITH / I-type [0m
[0;37mControlUnit: DEBUG: (@ 3037.0ns) PC=00010478 - fe5212e3 / Imm12: ff2 / Rs2: 05 / Rs1: 04 / Funct3: 1 / BRANCH / B-type [0m
[0;34mControlUnit: INFO: (@ 3037.0ns) Branching [0m
[0;37mControlUnit: DEBUG: (@ 3043.0ns) PC=0001045c - 00e000b7 / Imm20: 00e00 / Rd: 01 / LUI / U-type [0m
[0;37mControlUnit: DEBUG: (@ 3045.0ns) PC=00010460 - 00000013 / Imm12: 000 / Rs1: 00 / Funct3: 0 / Rd: 00 / ARITH / I-type [0m
[0;37mControlUnit: DEBUG: (@ 3051.0ns) PC=00010464 - 00b00137 / Imm20: 00b00 / Rd: 02 / LUI / U-type [0m
[0;37mControlUnit: DEBUG: (@ 3053.0ns) PC=00010468 - 00000013 / Imm12: 000 / Rs1: 00 / Funct3: 0 / Rd: 00 / ARITH / I-type [0m
[0;37mControlUnit: DEBUG: (@ 3055.0ns) PC=0001046c - 02209733 / Funct7: 01 / Rs2: 02 / Rs1: 01 / Funct3: 1 / Rd: 0e / MULDIV / R-type [0m
[0;37mControlUnit: DEBUG: (@ 3057.0ns) PC=00010470 - 00120213 / Imm12: 001 / Rs1: 04 / Funct3: 0 / Rd: 04 / ARITH / I-type [0m
[0;37mControlUnit: DEBUG: (@ 3059.0ns) PC=00010474 - 00200293 / Imm12: 002 / Rs1: 00 / Funct3: 0 / Rd: 05 / ARITH / I-type [0m
[0;37mControlUnit: DEBUG: (@ 3065.0ns) PC=00010478 - fe5212e3 / Imm12: ff2 / Rs2: 05 / Rs1: 04 / Funct3: 1 / BRANCH / B-type [0m
[0;37mControlUnit: DEBUG: (@ 3067.0ns) PC=0001047c - 0000a3b7 / Imm20: 0000a / Rd: 07 / LUI / U-type [0m
[0;37mControlUnit: DEBUG: (@ 3069.0ns) PC=00010480 - a0038393 / Imm12: a00 / Rs1: 07 / Funct3: 0 / Rd: 07 / ARITH / I-type [0m
[0;37mControlUnit: DEBUG: (@ 3071.0ns) PC=00010484 - 01200193 / Imm12: 012 / Rs1: 00 / Funct3: 0 / Rd: 03 / ARITH / I-type [0m
[0;37mControlUnit: DEBUG: (@ 3077.0ns) PC=00010488 - 1a771a63 / Imm12: 0da / Rs2: 07 / Rs1: 0e / Funct3: 1 / BRANCH / B-type [0m
[0;37mControlUnit: DEBUG: (@ 3079.0ns) PC=0001048c - 00000213 / Imm12: 000 / Rs1: 00 / Funct3: 0 / Rd: 04 / ARITH / I-type [0m
[0;37mControlUnit: DEBUG: (@ 3087.0ns) PC=00010490 - 00f000b7 / Imm20: 00f00 / Rd: 01 / LUI / U-type [0m
[0;37mControlUnit: DEBUG: (@ 3089.0ns) PC=00010494 - 00000013 / Imm12: 000 / Rs1: 00 / Funct3: 0 / Rd: 00 / ARITH / I-type [0m
[0;37mControlUnit: DEBUG: (@ 3091.0ns) PC=00010498 - 00000013 / Imm12: 000 / Rs1: 00 / Funct3: 0 / Rd: 00 / ARITH / I-type [0m
[0;37mControlUnit: DEBUG: (@ 3097.0ns) PC=0001049c - 00b00137 / Imm20: 00b00 / Rd: 02 / LUI / U-type [0m
[0;37mControlUnit: DEBUG: (@ 3119.0ns) PC=000104a0 - 02209733 / Funct7: 01 / Rs2: 02 / Rs1: 01 / Funct3: 1 / Rd: 0e / MULDIV / R-type [0m
[0;37mControlUnit: DEBUG: (@ 3121.0ns) PC=000104a4 - 00120213 / Imm12: 001 / Rs1: 04 / Funct3: 0 / Rd: 04 / ARITH / I-type [0m
[0;37mControlUnit: DEBUG: (@ 3123.0ns) PC=000104a8 - 00200293 / Imm12: 002 / Rs1: 00 / Funct3: 0 / Rd: 05 / ARITH / I-type [0m
[0;37mControlUnit: DEBUG: (@ 3129.0ns) PC=000104ac - fe5212e3 / Imm12: ff2 / Rs2: 05 / Rs1: 04 / Funct3: 1 / BRANCH / B-type [0m
[0;34mControlUnit: INFO: (@ 3129.0ns) Branching [0m
[0;37mControlUnit: DEBUG: (@ 3135.0ns) PC=00010490 - 00f000b7 / Imm20: 00f00 / Rd: 01 / LUI / U-type [0m
[0;37mControlUnit: DEBUG: (@ 3137.0ns) PC=00010494 - 00000013 / Imm12: 000 / Rs1: 00 / Funct3: 0 / Rd: 00 / ARITH / I-type [0m
[0;37mControlUnit: DEBUG: (@ 3139.0ns) PC=00010498 - 00000013 / Imm12: 000 / Rs1: 00 / Funct3: 0 / Rd: 00 / ARITH / I-type [0m
[0;37mControlUnit: DEBUG: (@ 3145.0ns) PC=0001049c - 00b00137 / Imm20: 00b00 / Rd: 02 / LUI / U-type [0m
[0;37mControlUnit: DEBUG: (@ 3147.0ns) PC=000104a0 - 02209733 / Funct7: 01 / Rs2: 02 / Rs1: 01 / Funct3: 1 / Rd: 0e / MULDIV / R-type [0m
[0;37mControlUnit: DEBUG: (@ 3149.0ns) PC=000104a4 - 00120213 / Imm12: 001 / Rs1: 04 / Funct3: 0 / Rd: 04 / ARITH / I-type [0m
[0;37mControlUnit: DEBUG: (@ 3151.0ns) PC=000104a8 - 00200293 / Imm12: 002 / Rs1: 00 / Funct3: 0 / Rd: 05 / ARITH / I-type [0m
[0;37mControlUnit: DEBUG: (@ 3157.0ns) PC=000104ac - fe5212e3 / Imm12: ff2 / Rs2: 05 / Rs1: 04 / Funct3: 1 / BRANCH / B-type [0m
[0;37mControlUnit: DEBUG: (@ 3159.0ns) PC=000104b0 - 0000a3b7 / Imm20: 0000a / Rd: 07 / LUI / U-type [0m
[0;37mControlUnit: DEBUG: (@ 3161.0ns) PC=000104b4 - 50038393 / Imm12: 500 / Rs1: 07 / Funct3: 0 / Rd: 07 / ARITH / I-type [0m
[0;37mControlUnit: DEBUG: (@ 3163.0ns) PC=000104b8 - 01300193 / Imm12: 013 / Rs1: 00 / Funct3: 0 / Rd: 03 / ARITH / I-type [0m
[0;37mControlUnit: DEBUG: (@ 3169.0ns) PC=000104bc - 18771063 / Imm12: 0c0 / Rs2: 07 / Rs1: 0e / Funct3: 1 / BRANCH / B-type [0m
[0;37mControlUnit: DEBUG: (@ 3179.0ns) PC=000104c0 - 00000213 / Imm12: 000 / Rs1: 00 / Funct3: 0 / Rd: 04 / ARITH / I-type [0m
[0;37mControlUnit: DEBUG: (@ 3185.0ns) PC=000104c4 - 00b00137 / Imm20: 00b00 / Rd: 02 / LUI / U-type [0m
[0;37mControlUnit: DEBUG: (@ 3187.0ns) PC=000104c8 - 00d000b7 / Imm20: 00d00 / Rd: 01 / LUI / U-type [0m
[0;37mControlUnit: DEBUG: (@ 3189.0ns) PC=000104cc - 02209733 / Funct7: 01 / Rs2: 02 / Rs1: 01 / Funct3: 1 / Rd: 0e / MULDIV / R-type [0m
[0;37mControlUnit: DEBUG: (@ 3203.0ns) PC=000104d0 - 00120213 / Imm12: 001 / Rs1: 04 / Funct3: 0 / Rd: 04 / ARITH / I-type [0m
[0;37mControlUnit: DEBUG: (@ 3205.0ns) PC=000104d4 - 00200293 / Imm12: 002 / Rs1: 00 / Funct3: 0 / Rd: 05 / ARITH / I-type [0m
[0;37mControlUnit: DEBUG: (@ 3211.0ns) PC=000104d8 - fe5216e3 / Imm12: ff6 / Rs2: 05 / Rs1: 04 / Funct3: 1 / BRANCH / B-type [0m
[0;34mControlUnit: INFO: (@ 3211.0ns) Branching [0m
[0;37mControlUnit: DEBUG: (@ 3217.0ns) PC=000104c4 - 00b00137 / Imm20: 00b00 / Rd: 02 / LUI / U-type [0m
[0;37mControlUnit: DEBUG: (@ 3219.0ns) PC=000104c8 - 00d000b7 / Imm20: 00d00 / Rd: 01 / LUI / U-type [0m
[0;37mControlUnit: DEBUG: (@ 3221.0ns) PC=000104cc - 02209733 / Funct7: 01 / Rs2: 02 / Rs1: 01 / Funct3: 1 / Rd: 0e / MULDIV / R-type [0m
[0;37mControlUnit: DEBUG: (@ 3223.0ns) PC=000104d0 - 00120213 / Imm12: 001 / Rs1: 04 / Funct3: 0 / Rd: 04 / ARITH / I-type [0m
[0;37mControlUnit: DEBUG: (@ 3225.0ns) PC=000104d4 - 00200293 / Imm12: 002 / Rs1: 00 / Funct3: 0 / Rd: 05 / ARITH / I-type [0m
[0;37mControlUnit: DEBUG: (@ 3231.0ns) PC=000104d8 - fe5216e3 / Imm12: ff6 / Rs2: 05 / Rs1: 04 / Funct3: 1 / BRANCH / B-type [0m
[0;37mControlUnit: DEBUG: (@ 3233.0ns) PC=000104dc - 000093b7 / Imm20: 00009 / Rd: 07 / LUI / U-type [0m
[0;37mControlUnit: DEBUG: (@ 3235.0ns) PC=000104e0 - f0038393 / Imm12: f00 / Rs1: 07 / Funct3: 0 / Rd: 07 / ARITH / I-type [0m
[0;37mControlUnit: DEBUG: (@ 3237.0ns) PC=000104e4 - 01400193 / Imm12: 014 / Rs1: 00 / Funct3: 0 / Rd: 03 / ARITH / I-type [0m
[0;37mControlUnit: DEBUG: (@ 3243.0ns) PC=000104e8 - 14771a63 / Imm12: 0aa / Rs2: 07 / Rs1: 0e / Funct3: 1 / BRANCH / B-type [0m
[0;37mControlUnit: DEBUG: (@ 3245.0ns) PC=000104ec - 00000213 / Imm12: 000 / Rs1: 00 / Funct3: 0 / Rd: 04 / ARITH / I-type [0m
[0;37mControlUnit: DEBUG: (@ 3257.0ns) PC=000104f0 - 00b00137 / Imm20: 00b00 / Rd: 02 / LUI / U-type [0m
[0;37mControlUnit: DEBUG: (@ 3259.0ns) PC=000104f4 - 00e000b7 / Imm20: 00e00 / Rd: 01 / LUI / U-type [0m
[0;37mControlUnit: DEBUG: (@ 3261.0ns) PC=000104f8 - 00000013 / Imm12: 000 / Rs1: 00 / Funct3: 0 / Rd: 00 / ARITH / I-type [0m
[0;37mControlUnit: DEBUG: (@ 3263.0ns) PC=000104fc - 02209733 / Funct7: 01 / Rs2: 02 / Rs1: 01 / Funct3: 1 / Rd: 0e / MULDIV / R-type [0m
[0;37mControlUnit: DEBUG: (@ 3283.0ns) PC=00010500 - 00120213 / Imm12: 001 / Rs1: 04 / Funct3: 0 / Rd: 04 / ARITH / I-type [0m
[0;37mControlUnit: DEBUG: (@ 3285.0ns) PC=00010504 - 00200293 / Imm12: 002 / Rs1: 00 / Funct3: 0 / Rd: 05 / ARITH / I-type [0m
[0;37mControlUnit: DEBUG: (@ 3291.0ns) PC=00010508 - fe5214e3 / Imm12: ff4 / Rs2: 05 / Rs1: 04 / Funct3: 1 / BRANCH / B-type [0m
[0;34mControlUnit: INFO: (@ 3291.0ns) Branching [0m
[0;37mControlUnit: DEBUG: (@ 3297.0ns) PC=000104f0 - 00b00137 / Imm20: 00b00 / Rd: 02 / LUI / U-type [0m
[0;37mControlUnit: DEBUG: (@ 3299.0ns) PC=000104f4 - 00e000b7 / Imm20: 00e00 / Rd: 01 / LUI / U-type [0m
[0;37mControlUnit: DEBUG: (@ 3301.0ns) PC=000104f8 - 00000013 / Imm12: 000 / Rs1: 00 / Funct3: 0 / Rd: 00 / ARITH / I-type [0m
[0;37mControlUnit: DEBUG: (@ 3303.0ns) PC=000104fc - 02209733 / Funct7: 01 / Rs2: 02 / Rs1: 01 / Funct3: 1 / Rd: 0e / MULDIV / R-type [0m
[0;37mControlUnit: DEBUG: (@ 3305.0ns) PC=00010500 - 00120213 / Imm12: 001 / Rs1: 04 / Funct3: 0 / Rd: 04 / ARITH / I-type [0m
[0;37mControlUnit: DEBUG: (@ 3307.0ns) PC=00010504 - 00200293 / Imm12: 002 / Rs1: 00 / Funct3: 0 / Rd: 05 / ARITH / I-type [0m
[0;37mControlUnit: DEBUG: (@ 3313.0ns) PC=00010508 - fe5214e3 / Imm12: ff4 / Rs2: 05 / Rs1: 04 / Funct3: 1 / BRANCH / B-type [0m
[0;37mControlUnit: DEBUG: (@ 3315.0ns) PC=0001050c - 0000a3b7 / Imm20: 0000a / Rd: 07 / LUI / U-type [0m
[0;37mControlUnit: DEBUG: (@ 3317.0ns) PC=00010510 - a0038393 / Imm12: a00 / Rs1: 07 / Funct3: 0 / Rd: 07 / ARITH / I-type [0m
[0;37mControlUnit: DEBUG: (@ 3319.0ns) PC=00010514 - 01500193 / Imm12: 015 / Rs1: 00 / Funct3: 0 / Rd: 03 / ARITH / I-type [0m
[0;37mControlUnit: DEBUG: (@ 3325.0ns) PC=00010518 - 12771263 / Imm12: 092 / Rs2: 07 / Rs1: 0e / Funct3: 1 / BRANCH / B-type [0m
[0;37mControlUnit: DEBUG: (@ 3327.0ns) PC=0001051c - 00000213 / Imm12: 000 / Rs1: 00 / Funct3: 0 / Rd: 04 / ARITH / I-type [0m
[0;37mControlUnit: DEBUG: (@ 3337.0ns) PC=00010520 - 00b00137 / Imm20: 00b00 / Rd: 02 / LUI / U-type [0m
[0;37mControlUnit: DEBUG: (@ 3339.0ns) PC=00010524 - 00f000b7 / Imm20: 00f00 / Rd: 01 / LUI / U-type [0m
[0;37mControlUnit: DEBUG: (@ 3341.0ns) PC=00010528 - 00000013 / Imm12: 000 / Rs1: 00 / Funct3: 0 / Rd: 00 / ARITH / I-type [0m
[0;37mControlUnit: DEBUG: (@ 3343.0ns) PC=0001052c - 00000013 / Imm12: 000 / Rs1: 00 / Funct3: 0 / Rd: 00 / ARITH / I-type [0m
[0;37mControlUnit: DEBUG: (@ 3365.0ns) PC=00010530 - 02209733 / Funct7: 01 / Rs2: 02 / Rs1: 01 / Funct3: 1 / Rd: 0e / MULDIV / R-type [0m
[0;37mControlUnit: DEBUG: (@ 3367.0ns) PC=00010534 - 00120213 / Imm12: 001 / Rs1: 04 / Funct3: 0 / Rd: 04 / ARITH / I-type [0m
[0;37mControlUnit: DEBUG: (@ 3369.0ns) PC=00010538 - 00200293 / Imm12: 002 / Rs1: 00 / Funct3: 0 / Rd: 05 / ARITH / I-type [0m
[0;37mControlUnit: DEBUG: (@ 3375.0ns) PC=0001053c - fe5212e3 / Imm12: ff2 / Rs2: 05 / Rs1: 04 / Funct3: 1 / BRANCH / B-type [0m
[0;34mControlUnit: INFO: (@ 3375.0ns) Branching [0m
[0;37mControlUnit: DEBUG: (@ 3381.0ns) PC=00010520 - 00b00137 / Imm20: 00b00 / Rd: 02 / LUI / U-type [0m
[0;37mControlUnit: DEBUG: (@ 3383.0ns) PC=00010524 - 00f000b7 / Imm20: 00f00 / Rd: 01 / LUI / U-type [0m
[0;37mControlUnit: DEBUG: (@ 3385.0ns) PC=00010528 - 00000013 / Imm12: 000 / Rs1: 00 / Funct3: 0 / Rd: 00 / ARITH / I-type [0m
[0;37mControlUnit: DEBUG: (@ 3387.0ns) PC=0001052c - 00000013 / Imm12: 000 / Rs1: 00 / Funct3: 0 / Rd: 00 / ARITH / I-type [0m
[0;37mControlUnit: DEBUG: (@ 3389.0ns) PC=00010530 - 02209733 / Funct7: 01 / Rs2: 02 / Rs1: 01 / Funct3: 1 / Rd: 0e / MULDIV / R-type [0m
[0;37mControlUnit: DEBUG: (@ 3391.0ns) PC=00010534 - 00120213 / Imm12: 001 / Rs1: 04 / Funct3: 0 / Rd: 04 / ARITH / I-type [0m
[0;37mControlUnit: DEBUG: (@ 3393.0ns) PC=00010538 - 00200293 / Imm12: 002 / Rs1: 00 / Funct3: 0 / Rd: 05 / ARITH / I-type [0m
[0;37mControlUnit: DEBUG: (@ 3399.0ns) PC=0001053c - fe5212e3 / Imm12: ff2 / Rs2: 05 / Rs1: 04 / Funct3: 1 / BRANCH / B-type [0m
[0;37mControlUnit: DEBUG: (@ 3401.0ns) PC=00010540 - 0000a3b7 / Imm20: 0000a / Rd: 07 / LUI / U-type [0m
[0;37mControlUnit: DEBUG: (@ 3403.0ns) PC=00010544 - 50038393 / Imm12: 500 / Rs1: 07 / Funct3: 0 / Rd: 07 / ARITH / I-type [0m
[0;37mControlUnit: DEBUG: (@ 3405.0ns) PC=00010548 - 01600193 / Imm12: 016 / Rs1: 00 / Funct3: 0 / Rd: 03 / ARITH / I-type [0m
[0;37mControlUnit: DEBUG: (@ 3411.0ns) PC=0001054c - 0e771863 / Imm12: 078 / Rs2: 07 / Rs1: 0e / Funct3: 1 / BRANCH / B-type [0m
[0;37mControlUnit: DEBUG: (@ 3421.0ns) PC=00010550 - 00000213 / Imm12: 000 / Rs1: 00 / Funct3: 0 / Rd: 04 / ARITH / I-type [0m
[0;37mControlUnit: DEBUG: (@ 3427.0ns) PC=00010554 - 00b00137 / Imm20: 00b00 / Rd: 02 / LUI / U-type [0m
[0;37mControlUnit: DEBUG: (@ 3429.0ns) PC=00010558 - 00000013 / Imm12: 000 / Rs1: 00 / Funct3: 0 / Rd: 00 / ARITH / I-type [0m
[0;37mControlUnit: DEBUG: (@ 3435.0ns) PC=0001055c - 00d000b7 / Imm20: 00d00 / Rd: 01 / LUI / U-type [0m
[0;37mControlUnit: DEBUG: (@ 3447.0ns) PC=00010560 - 02209733 / Funct7: 01 / Rs2: 02 / Rs1: 01 / Funct3: 1 / Rd: 0e / MULDIV / R-type [0m
[0;37mControlUnit: DEBUG: (@ 3449.0ns) PC=00010564 - 00120213 / Imm12: 001 / Rs1: 04 / Funct3: 0 / Rd: 04 / ARITH / I-type [0m
[0;37mControlUnit: DEBUG: (@ 3451.0ns) PC=00010568 - 00200293 / Imm12: 002 / Rs1: 00 / Funct3: 0 / Rd: 05 / ARITH / I-type [0m
[0;37mControlUnit: DEBUG: (@ 3457.0ns) PC=0001056c - fe5214e3 / Imm12: ff4 / Rs2: 05 / Rs1: 04 / Funct3: 1 / BRANCH / B-type [0m
[0;34mControlUnit: INFO: (@ 3457.0ns) Branching [0m
[0;37mControlUnit: DEBUG: (@ 3463.0ns) PC=00010554 - 00b00137 / Imm20: 00b00 / Rd: 02 / LUI / U-type [0m
[0;37mControlUnit: DEBUG: (@ 3465.0ns) PC=00010558 - 00000013 / Imm12: 000 / Rs1: 00 / Funct3: 0 / Rd: 00 / ARITH / I-type [0m
[0;37mControlUnit: DEBUG: (@ 3471.0ns) PC=0001055c - 00d000b7 / Imm20: 00d00 / Rd: 01 / LUI / U-type [0m
[0;37mControlUnit: DEBUG: (@ 3473.0ns) PC=00010560 - 02209733 / Funct7: 01 / Rs2: 02 / Rs1: 01 / Funct3: 1 / Rd: 0e / MULDIV / R-type [0m
[0;37mControlUnit: DEBUG: (@ 3475.0ns) PC=00010564 - 00120213 / Imm12: 001 / Rs1: 04 / Funct3: 0 / Rd: 04 / ARITH / I-type [0m
[0;37mControlUnit: DEBUG: (@ 3477.0ns) PC=00010568 - 00200293 / Imm12: 002 / Rs1: 00 / Funct3: 0 / Rd: 05 / ARITH / I-type [0m
[0;37mControlUnit: DEBUG: (@ 3483.0ns) PC=0001056c - fe5214e3 / Imm12: ff4 / Rs2: 05 / Rs1: 04 / Funct3: 1 / BRANCH / B-type [0m
[0;37mControlUnit: DEBUG: (@ 3485.0ns) PC=00010570 - 000093b7 / Imm20: 00009 / Rd: 07 / LUI / U-type [0m
[0;37mControlUnit: DEBUG: (@ 3487.0ns) PC=00010574 - f0038393 / Imm12: f00 / Rs1: 07 / Funct3: 0 / Rd: 07 / ARITH / I-type [0m
[0;37mControlUnit: DEBUG: (@ 3489.0ns) PC=00010578 - 01700193 / Imm12: 017 / Rs1: 00 / Funct3: 0 / Rd: 03 / ARITH / I-type [0m
[0;37mControlUnit: DEBUG: (@ 3495.0ns) PC=0001057c - 0c771063 / Imm12: 060 / Rs2: 07 / Rs1: 0e / Funct3: 1 / BRANCH / B-type [0m
[0;37mControlUnit: DEBUG: (@ 3505.0ns) PC=00010580 - 00000213 / Imm12: 000 / Rs1: 00 / Funct3: 0 / Rd: 04 / ARITH / I-type [0m
[0;37mControlUnit: DEBUG: (@ 3511.0ns) PC=00010584 - 00b00137 / Imm20: 00b00 / Rd: 02 / LUI / U-type [0m
[0;37mControlUnit: DEBUG: (@ 3513.0ns) PC=00010588 - 00000013 / Imm12: 000 / Rs1: 00 / Funct3: 0 / Rd: 00 / ARITH / I-type [0m
[0;37mControlUnit: DEBUG: (@ 3519.0ns) PC=0001058c - 00e000b7 / Imm20: 00e00 / Rd: 01 / LUI / U-type [0m
[0;37mControlUnit: DEBUG: (@ 3531.0ns) PC=00010590 - 00000013 / Imm12: 000 / Rs1: 00 / Funct3: 0 / Rd: 00 / ARITH / I-type [0m
[0;37mControlUnit: DEBUG: (@ 3533.0ns) PC=00010594 - 02209733 / Funct7: 01 / Rs2: 02 / Rs1: 01 / Funct3: 1 / Rd: 0e / MULDIV / R-type [0m
[0;37mControlUnit: DEBUG: (@ 3535.0ns) PC=00010598 - 00120213 / Imm12: 001 / Rs1: 04 / Funct3: 0 / Rd: 04 / ARITH / I-type [0m
[0;37mControlUnit: DEBUG: (@ 3537.0ns) PC=0001059c - 00200293 / Imm12: 002 / Rs1: 00 / Funct3: 0 / Rd: 05 / ARITH / I-type [0m
[0;37mControlUnit: DEBUG: (@ 3559.0ns) PC=000105a0 - fe5212e3 / Imm12: ff2 / Rs2: 05 / Rs1: 04 / Funct3: 1 / BRANCH / B-type [0m
[0;34mControlUnit: INFO: (@ 3559.0ns) Branching [0m
[0;37mControlUnit: DEBUG: (@ 3565.0ns) PC=00010584 - 00b00137 / Imm20: 00b00 / Rd: 02 / LUI / U-type [0m
[0;37mControlUnit: DEBUG: (@ 3567.0ns) PC=00010588 - 00000013 / Imm12: 000 / Rs1: 00 / Funct3: 0 / Rd: 00 / ARITH / I-type [0m
[0;37mControlUnit: DEBUG: (@ 3573.0ns) PC=0001058c - 00e000b7 / Imm20: 00e00 / Rd: 01 / LUI / U-type [0m
[0;37mControlUnit: DEBUG: (@ 3575.0ns) PC=00010590 - 00000013 / Imm12: 000 / Rs1: 00 / Funct3: 0 / Rd: 00 / ARITH / I-type [0m
[0;37mControlUnit: DEBUG: (@ 3577.0ns) PC=00010594 - 02209733 / Funct7: 01 / Rs2: 02 / Rs1: 01 / Funct3: 1 / Rd: 0e / MULDIV / R-type [0m
[0;37mControlUnit: DEBUG: (@ 3579.0ns) PC=00010598 - 00120213 / Imm12: 001 / Rs1: 04 / Funct3: 0 / Rd: 04 / ARITH / I-type [0m
[0;37mControlUnit: DEBUG: (@ 3581.0ns) PC=0001059c - 00200293 / Imm12: 002 / Rs1: 00 / Funct3: 0 / Rd: 05 / ARITH / I-type [0m
[0;37mControlUnit: DEBUG: (@ 3587.0ns) PC=000105a0 - fe5212e3 / Imm12: ff2 / Rs2: 05 / Rs1: 04 / Funct3: 1 / BRANCH / B-type [0m
[0;37mControlUnit: DEBUG: (@ 3589.0ns) PC=000105a4 - 0000a3b7 / Imm20: 0000a / Rd: 07 / LUI / U-type [0m
[0;37mControlUnit: DEBUG: (@ 3591.0ns) PC=000105a8 - a0038393 / Imm12: a00 / Rs1: 07 / Funct3: 0 / Rd: 07 / ARITH / I-type [0m
[0;37mControlUnit: DEBUG: (@ 3593.0ns) PC=000105ac - 01800193 / Imm12: 018 / Rs1: 00 / Funct3: 0 / Rd: 03 / ARITH / I-type [0m
[0;37mControlUnit: DEBUG: (@ 3603.0ns) PC=000105b0 - 08771663 / Imm12: 046 / Rs2: 07 / Rs1: 0e / Funct3: 1 / BRANCH / B-type [0m
[0;37mControlUnit: DEBUG: (@ 3605.0ns) PC=000105b4 - 00000213 / Imm12: 000 / Rs1: 00 / Funct3: 0 / Rd: 04 / ARITH / I-type [0m
[0;37mControlUnit: DEBUG: (@ 3611.0ns) PC=000105b8 - 00b00137 / Imm20: 00b00 / Rd: 02 / LUI / U-type [0m
[0;37mControlUnit: DEBUG: (@ 3613.0ns) PC=000105bc - 00000013 / Imm12: 000 / Rs1: 00 / Funct3: 0 / Rd: 00 / ARITH / I-type [0m
[0;37mControlUnit: DEBUG: (@ 3627.0ns) PC=000105c0 - 00000013 / Imm12: 000 / Rs1: 00 / Funct3: 0 / Rd: 00 / ARITH / I-type [0m
[0;37mControlUnit: DEBUG: (@ 3633.0ns) PC=000105c4 - 00f000b7 / Imm20: 00f00 / Rd: 01 / LUI / U-type [0m
[0;37mControlUnit: DEBUG: (@ 3635.0ns) PC=000105c8 - 02209733 / Funct7: 01 / Rs2: 02 / Rs1: 01 / Funct3: 1 / Rd: 0e / MULDIV / R-type [0m
[0;37mControlUnit: DEBUG: (@ 3637.0ns) PC=000105cc - 00120213 / Imm12: 001 / Rs1: 04 / Funct3: 0 / Rd: 04 / ARITH / I-type [0m
[0;37mControlUnit: DEBUG: (@ 3651.0ns) PC=000105d0 - 00200293 / Imm12: 002 / Rs1: 00 / Funct3: 0 / Rd: 05 / ARITH / I-type [0m
[0;37mControlUnit: DEBUG: (@ 3657.0ns) PC=000105d4 - fe5212e3 / Imm12: ff2 / Rs2: 05 / Rs1: 04 / Funct3: 1 / BRANCH / B-type [0m
[0;34mControlUnit: INFO: (@ 3657.0ns) Branching [0m
[0;37mControlUnit: DEBUG: (@ 3663.0ns) PC=000105b8 - 00b00137 / Imm20: 00b00 / Rd: 02 / LUI / U-type [0m
[0;37mControlUnit: DEBUG: (@ 3665.0ns) PC=000105bc - 00000013 / Imm12: 000 / Rs1: 00 / Funct3: 0 / Rd: 00 / ARITH / I-type [0m
[0;37mControlUnit: DEBUG: (@ 3667.0ns) PC=000105c0 - 00000013 / Imm12: 000 / Rs1: 00 / Funct3: 0 / Rd: 00 / ARITH / I-type [0m
[0;37mControlUnit: DEBUG: (@ 3673.0ns) PC=000105c4 - 00f000b7 / Imm20: 00f00 / Rd: 01 / LUI / U-type [0m
[0;37mControlUnit: DEBUG: (@ 3675.0ns) PC=000105c8 - 02209733 / Funct7: 01 / Rs2: 02 / Rs1: 01 / Funct3: 1 / Rd: 0e / MULDIV / R-type [0m
[0;37mControlUnit: DEBUG: (@ 3677.0ns) PC=000105cc - 00120213 / Imm12: 001 / Rs1: 04 / Funct3: 0 / Rd: 04 / ARITH / I-type [0m
[0;37mControlUnit: DEBUG: (@ 3679.0ns) PC=000105d0 - 00200293 / Imm12: 002 / Rs1: 00 / Funct3: 0 / Rd: 05 / ARITH / I-type [0m
[0;37mControlUnit: DEBUG: (@ 3685.0ns) PC=000105d4 - fe5212e3 / Imm12: ff2 / Rs2: 05 / Rs1: 04 / Funct3: 1 / BRANCH / B-type [0m
[0;37mControlUnit: DEBUG: (@ 3687.0ns) PC=000105d8 - 0000a3b7 / Imm20: 0000a / Rd: 07 / LUI / U-type [0m
[0;37mControlUnit: DEBUG: (@ 3689.0ns) PC=000105dc - 50038393 / Imm12: 500 / Rs1: 07 / Funct3: 0 / Rd: 07 / ARITH / I-type [0m
[0;37mControlUnit: DEBUG: (@ 3691.0ns) PC=000105e0 - 01900193 / Imm12: 019 / Rs1: 00 / Funct3: 0 / Rd: 03 / ARITH / I-type [0m
[0;37mControlUnit: DEBUG: (@ 3697.0ns) PC=000105e4 - 04771c63 / Imm12: 02c / Rs2: 07 / Rs1: 0e / Funct3: 1 / BRANCH / B-type [0m
[0;37mControlUnit: DEBUG: (@ 3699.0ns) PC=000105e8 - 7c0000b7 / Imm20: 7c000 / Rd: 01 / LUI / U-type [0m
[0;37mControlUnit: DEBUG: (@ 3701.0ns) PC=000105ec - 02101133 / Funct7: 01 / Rs2: 01 / Rs1: 00 / Funct3: 1 / Rd: 02 / MULDIV / R-type [0m
[0;37mControlUnit: DEBUG: (@ 3713.0ns) PC=000105f0 - 00000393 / Imm12: 000 / Rs1: 00 / Funct3: 0 / Rd: 07 / ARITH / I-type [0m
[0;37mControlUnit: DEBUG: (@ 3715.0ns) PC=000105f4 - 01a00193 / Imm12: 01a / Rs1: 00 / Funct3: 0 / Rd: 03 / ARITH / I-type [0m
[0;37mControlUnit: DEBUG: (@ 3721.0ns) PC=000105f8 - 04711263 / Imm12: 022 / Rs2: 07 / Rs1: 02 / Funct3: 1 / BRANCH / B-type [0m
[0;37mControlUnit: DEBUG: (@ 3723.0ns) PC=000105fc - 800000b7 / Imm20: 80000 / Rd: 01 / LUI / U-type [0m
[0;37mControlUnit: DEBUG: (@ 3739.0ns) PC=00010600 - 02009133 / Funct7: 01 / Rs2: 00 / Rs1: 01 / Funct3: 1 / Rd: 02 / MULDIV / R-type [0m
[0;37mControlUnit: DEBUG: (@ 3741.0ns) PC=00010604 - 00000393 / Imm12: 000 / Rs1: 00 / Funct3: 0 / Rd: 07 / ARITH / I-type [0m
[0;37mControlUnit: DEBUG: (@ 3743.0ns) PC=00010608 - 01b00193 / Imm12: 01b / Rs1: 00 / Funct3: 0 / Rd: 03 / ARITH / I-type [0m
[0;37mControlUnit: DEBUG: (@ 3749.0ns) PC=0001060c - 02711863 / Imm12: 018 / Rs2: 07 / Rs1: 02 / Funct3: 1 / BRANCH / B-type [0m
[0;37mControlUnit: DEBUG: (@ 3767.0ns) PC=00010610 - 020010b3 / Funct7: 01 / Rs2: 00 / Rs1: 00 / Funct3: 1 / Rd: 01 / MULDIV / R-type [0m
[0;37mControlUnit: DEBUG: (@ 3769.0ns) PC=00010614 - 00000393 / Imm12: 000 / Rs1: 00 / Funct3: 0 / Rd: 07 / ARITH / I-type [0m
[0;37mControlUnit: DEBUG: (@ 3771.0ns) PC=00010618 - 01c00193 / Imm12: 01c / Rs1: 00 / Funct3: 0 / Rd: 03 / ARITH / I-type [0m
[0;37mControlUnit: DEBUG: (@ 3777.0ns) PC=0001061c - 02709063 / Imm12: 010 / Rs2: 07 / Rs1: 01 / Funct3: 1 / BRANCH / B-type [0m
[0;37mControlUnit: DEBUG: (@ 3797.0ns) PC=00010620 - 021000b7 / Imm20: 02100 / Rd: 01 / LUI / U-type [0m
[0;37mControlUnit: DEBUG: (@ 3799.0ns) PC=00010624 - 02200137 / Imm20: 02200 / Rd: 02 / LUI / U-type [0m
[0;37mControlUnit: DEBUG: (@ 3801.0ns) PC=00010628 - 02209033 / Funct7: 01 / Rs2: 02 / Rs1: 01 / Funct3: 1 / Rd: 00 / MULDIV / R-type [0m
[0;37mControlUnit: DEBUG: (@ 3803.0ns) PC=0001062c - 00000393 / Imm12: 000 / Rs1: 00 / Funct3: 0 / Rd: 07 / ARITH / I-type [0m
[0;37mControlUnit: DEBUG: (@ 3821.0ns) PC=00010630 - 01d00193 / Imm12: 01d / Rs1: 00 / Funct3: 0 / Rd: 03 / ARITH / I-type [0m
[0;37mControlUnit: DEBUG: (@ 3827.0ns) PC=00010634 - 00701463 / Imm12: 004 / Rs2: 07 / Rs1: 00 / Funct3: 1 / BRANCH / B-type [0m
[0;37mControlUnit: DEBUG: (@ 3829.0ns) PC=00010638 - 02301263 / Imm12: 012 / Rs2: 03 / Rs1: 00 / Funct3: 1 / BRANCH / B-type [0m
[0;34mControlUnit: INFO: (@ 3829.0ns) Branching [0m
[0;37mControlUnit: DEBUG: (@ 3863.0ns) PC=0001065c - 0ff0000f / Imm12: 000 / Rs1: 00 / Funct3: 0 / Rd: 00 / FENCE / I-type [0m
[0;37mControlUnit: DEBUG: (@ 3881.0ns) PC=00010660 - 00100193 / Imm12: 001 / Rs1: 00 / Funct3: 0 / Rd: 03 / ARITH / I-type [0m
[0;37mControlUnit: DEBUG: (@ 3883.0ns) PC=00010664 - 05d00893 / Imm12: 05d / Rs1: 00 / Funct3: 0 / Rd: 11 / ARITH / I-type [0m
[0;37mControlUnit: DEBUG: (@ 3885.0ns) PC=00010668 - 00000513 / Imm12: 000 / Rs1: 00 / Funct3: 0 / Rd: 0a / ARITH / I-type [0m
[0;37mControlUnit: DEBUG: (@ 3891.0ns) PC=0001066c - 00100073 / Imm12: 001 / Rs1: 00 / Funct3: 0 / Rd: 00 / EBREAK - I-type [0m
[0;34mControlUnit: INFO: (@ 3891.0ns) EBREAK -> Stop the processor [0m

[0;34mINFO: PC=0x1066c (@ 3893.0ns) (friscv_testbench.sv:803)[0m
[0;34mINFO: X31=0x0 (@ 3893.0ns) (friscv_testbench.sv:809)[0m
[0;34mINFO: Halt on EBREAK (@ 3893.0ns) (friscv_testbench.sv:816)[0m
[0;34mINFO: Halt on MRET (@ 3893.0ns) (friscv_testbench.sv:817)[0m
pc:       0001066c	x16/a6:   00000000
x1/ra:    02100000	x17/a7:   0000005d
x2/sp:    02200000	x18/s2:   00000000
x3/gp:    00000001	x19/s3:   00000000
x4/tp:    00000002	x20/s4:   00000000
x5/t0:    00000002	x21/s5:   00000000
x6/t1:    0000a500	x22/s6:   00000000
x7/t2:    00000000	x23/s7:   00000000
x8/s0/fp: 00000000	x24/s8:   00000000
x9/s1:    00000000	x25/s9:   00000000
x10/a0:   00000000	x26/s10:  00000000
x11/a1:   00000000	x27/s11:  00000000
x12/a2:   00000000	x28/t3:   00000000
x13/a3:   00000000	x29/t4:   00000000
x14/a4:   0000a500	x30/t5:   00000000
x15/a5:   00000000	x31/t6:   00000000
[0;32mSUCCESS: << Test 0: rv32ui-p-add >> pass (@ 3893.0ns) (friscv_testbench.sv:906)[0m

[0;34mINFO: Stop testsuite 'FRISCV Testbench' (@ 3893.0ns) (friscv_testbench.sv:908)[0m
  [1;33m- Warning number:  0[0m
  [1;35m- Critical number: 0[0m
  [1;31m- Error number:    0[0m
  [0;32m- STATUS: 1/1 test(s) passed[0m

friscv_testbench.sv:930: $finish called at 3893000 (1ps)

SVUT (@ 18:39:33) Stop friscv_testbench.sv

SVUT (@ 18:39:33) Elapsed time: 0:00:08.677546


[0;34mINFO: Execute ./tests/rv32um-p-mulhsu.v[0m
Sources didn't change, will not compile the testbench
  - Config file:      config.cfg
  - BOOT_ADDR:        65536
  - TIMEOUT:          100000
  - MIN_PC:           65908
  - TB_CHOICE:        1 (0=CORE, 1=PLATFORM)
  - TCNAME:           rv32um-p-mulhsu
  - SIMULATOR:        icarus
  - NO_VCD:           1
  - INTERACTIVE:      0
  - RAM_MODE:         compliance

       ______    ____  ________
      / ___/ |  / / / / /_  __/
      \__ \| | / / / / / / /  
     ___/ /| |/ / /_/ / / /   
    /____/ |___/\____/ /_/

    v1.10.0

SVUT (@ 18:39:33) Run with Icarus Verilog

SVUT (@ 18:39:33) Start friscv_testbench.sv

SVUT (@ 18:39:33) vvp svut.out 
WARNING: ../common/axi4l_ram.sv:112: $readmemh(test.v): Not enough words in the file for the requested range [0:268435455].
[0;34mINFO: No VCD trace will be created (@ 0) (friscv_testbench.sv:769)[0m
[0;34mINFO: Boot address: 0x00010000 (@ 0.0ns) (friscv_testbench.sv:794)[0m

[0;34mINFO: Start testsuite << FRISCV Testbench >> (@ 0.0ns) (friscv_testbench.sv:896)[0m

[0;34mINFO: Starting << Test 0: rv32ui-p-add >> (@ 0.0ns) (friscv_testbench.sv:898)[0m
[0;34mControlUnit: INFO: (@ 1037.0ns) IDLE -> Boot the processor [0m
[0;34mControlUnit: INFO: (@ 1065.0ns) JAL [0m
[0;37mControlUnit: DEBUG: (@ 1065.0ns) PC=00010000 - 0480006f / Imm20: 00024 / rd: 00  / JAL / J-type [0m
[0;37mControlUnit: DEBUG: (@ 1093.0ns) PC=00010048 - 00000093 / Imm12: 000 / Rs1: 00 / Funct3: 0 / Rd: 01 / ARITH / I-type [0m
[0;37mControlUnit: DEBUG: (@ 1095.0ns) PC=0001004c - 00000113 / Imm12: 000 / Rs1: 00 / Funct3: 0 / Rd: 02 / ARITH / I-type [0m
[0;37mControlUnit: DEBUG: (@ 1113.0ns) PC=00010050 - 00000193 / Imm12: 000 / Rs1: 00 / Funct3: 0 / Rd: 03 / ARITH / I-type [0m
[0;37mControlUnit: DEBUG: (@ 1115.0ns) PC=00010054 - 00000213 / Imm12: 000 / Rs1: 00 / Funct3: 0 / Rd: 04 / ARITH / I-type [0m
[0;37mControlUnit: DEBUG: (@ 1117.0ns) PC=00010058 - 00000293 / Imm12: 000 / Rs1: 00 / Funct3: 0 / Rd: 05 / ARITH / I-type [0m
[0;37mControlUnit: DEBUG: (@ 1119.0ns) PC=0001005c - 00000313 / Imm12: 000 / Rs1: 00 / Funct3: 0 / Rd: 06 / ARITH / I-type [0m
[0;37mControlUnit: DEBUG: (@ 1137.0ns) PC=00010060 - 00000393 / Imm12: 000 / Rs1: 00 / Funct3: 0 / Rd: 07 / ARITH / I-type [0m
[0;37mControlUnit: DEBUG: (@ 1139.0ns) PC=00010064 - 00000413 / Imm12: 000 / Rs1: 00 / Funct3: 0 / Rd: 08 / ARITH / I-type [0m
[0;37mControlUnit: DEBUG: (@ 1141.0ns) PC=00010068 - 00000493 / Imm12: 000 / Rs1: 00 / Funct3: 0 / Rd: 09 / ARITH / I-type [0m
[0;37mControlUnit: DEBUG: (@ 1143.0ns) PC=0001006c - 00000513 / Imm12: 000 / Rs1: 00 / Funct3: 0 / Rd: 0a / ARITH / I-type [0m
[0;37mControlUnit: DEBUG: (@ 1161.0ns) PC=00010070 - 00000593 / Imm12: 000 / Rs1: 00 / Funct3: 0 / Rd: 0b / ARITH / I-type [0m
[0;37mControlUnit: DEBUG: (@ 1163.0ns) PC=00010074 - 00000613 / Imm12: 000 / Rs1: 00 / Funct3: 0 / Rd: 0c / ARITH / I-type [0m
[0;37mControlUnit: DEBUG: (@ 1165.0ns) PC=00010078 - 00000693 / Imm12: 000 / Rs1: 00 / Funct3: 0 / Rd: 0d / ARITH / I-type [0m
[0;37mControlUnit: DEBUG: (@ 1167.0ns) PC=0001007c - 00000713 / Imm12: 000 / Rs1: 00 / Funct3: 0 / Rd: 0e / ARITH / I-type [0m
[0;37mControlUnit: DEBUG: (@ 1185.0ns) PC=00010080 - 00000793 / Imm12: 000 / Rs1: 00 / Funct3: 0 / Rd: 0f / ARITH / I-type [0m
[0;37mControlUnit: DEBUG: (@ 1187.0ns) PC=00010084 - 00000813 / Imm12: 000 / Rs1: 00 / Funct3: 0 / Rd: 10 / ARITH / I-type [0m
[0;37mControlUnit: DEBUG: (@ 1189.0ns) PC=00010088 - 00000893 / Imm12: 000 / Rs1: 00 / Funct3: 0 / Rd: 11 / ARITH / I-type [0m
[0;37mControlUnit: DEBUG: (@ 1191.0ns) PC=0001008c - 00000913 / Imm12: 000 / Rs1: 00 / Funct3: 0 / Rd: 12 / ARITH / I-type [0m
[0;37mControlUnit: DEBUG: (@ 1209.0ns) PC=00010090 - 00000993 / Imm12: 000 / Rs1: 00 / Funct3: 0 / Rd: 13 / ARITH / I-type [0m
[0;37mControlUnit: DEBUG: (@ 1211.0ns) PC=00010094 - 00000a13 / Imm12: 000 / Rs1: 00 / Funct3: 0 / Rd: 14 / ARITH / I-type [0m
[0;37mControlUnit: DEBUG: (@ 1213.0ns) PC=00010098 - 00000a93 / Imm12: 000 / Rs1: 00 / Funct3: 0 / Rd: 15 / ARITH / I-type [0m
[0;37mControlUnit: DEBUG: (@ 1215.0ns) PC=0001009c - 00000b13 / Imm12: 000 / Rs1: 00 / Funct3: 0 / Rd: 16 / ARITH / I-type [0m
[0;37mControlUnit: DEBUG: (@ 1235.0ns) PC=000100a0 - 00000b93 / Imm12: 000 / Rs1: 00 / Funct3: 0 / Rd: 17 / ARITH / I-type [0m
[0;37mControlUnit: DEBUG: (@ 1237.0ns) PC=000100a4 - 00000c13 / Imm12: 000 / Rs1: 00 / Funct3: 0 / Rd: 18 / ARITH / I-type [0m
[0;37mControlUnit: DEBUG: (@ 1239.0ns) PC=000100a8 - 00000c93 / Imm12: 000 / Rs1: 00 / Funct3: 0 / Rd: 19 / ARITH / I-type [0m
[0;37mControlUnit: DEBUG: (@ 1241.0ns) PC=000100ac - 00000d13 / Imm12: 000 / Rs1: 00 / Funct3: 0 / Rd: 1a / ARITH / I-type [0m
[0;37mControlUnit: DEBUG: (@ 1263.0ns) PC=000100b0 - 00000d93 / Imm12: 000 / Rs1: 00 / Funct3: 0 / Rd: 1b / ARITH / I-type [0m
[0;37mControlUnit: DEBUG: (@ 1265.0ns) PC=000100b4 - 00000e13 / Imm12: 000 / Rs1: 00 / Funct3: 0 / Rd: 1c / ARITH / I-type [0m
[0;37mControlUnit: DEBUG: (@ 1267.0ns) PC=000100b8 - 00000e93 / Imm12: 000 / Rs1: 00 / Funct3: 0 / Rd: 1d / ARITH / I-type [0m
[0;37mControlUnit: DEBUG: (@ 1269.0ns) PC=000100bc - 00000f13 / Imm12: 000 / Rs1: 00 / Funct3: 0 / Rd: 1e / ARITH / I-type [0m
[0;37mControlUnit: DEBUG: (@ 1287.0ns) PC=000100c0 - 00000f93 / Imm12: 000 / Rs1: 00 / Funct3: 0 / Rd: 1f / ARITH / I-type [0m
[0;37mControlUnit: DEBUG: (@ 1293.0ns) PC=000100c4 - f1402573 / Csr: f14 / Rs1: 00 / Funct3: 2 / Rd: 0a / CSR / I-type [0m
[0;37mControlUnit: DEBUG: (@ 1295.0ns) PC=000100c8 - 00051063 / Imm12: 000 / Rs2: 00 / Rs1: 0a / Funct3: 1 / BRANCH / B-type [0m
[0;37mControlUnit: DEBUG: (@ 1297.0ns) PC=000100cc - 00000297 / Imm20: 00000 / Rd: 05 / AUIPC / U-type [0m
[0;37mControlUnit: DEBUG: (@ 1311.0ns) PC=000100d0 - 01028293 / Imm12: 010 / Rs1: 05 / Funct3: 0 / Rd: 05 / ARITH / I-type [0m
[0;37mControlUnit: DEBUG: (@ 1317.0ns) PC=000100d4 - 30529073 / Csr: 305 / Rs1: 05 / Funct3: 1 / Rd: 00 / CSR / I-type [0m
[0;37mControlUnit: DEBUG: (@ 1319.0ns) PC=000100d8 - 18005073 / Csr: 180 / Rs1: 00 / Funct3: 5 / Rd: 00 / CSR / I-type [0m
[0;37mControlUnit: DEBUG: (@ 1321.0ns) PC=000100dc - 00000297 / Imm20: 00000 / Rd: 05 / AUIPC / U-type [0m
[0;37mControlUnit: DEBUG: (@ 1337.0ns) PC=000100e0 - 02028293 / Imm12: 020 / Rs1: 05 / Funct3: 0 / Rd: 05 / ARITH / I-type [0m
[0;37mControlUnit: DEBUG: (@ 1343.0ns) PC=000100e4 - 30529073 / Csr: 305 / Rs1: 05 / Funct3: 1 / Rd: 00 / CSR / I-type [0m
[0;37mControlUnit: DEBUG: (@ 1345.0ns) PC=000100e8 - 800002b7 / Imm20: 80000 / Rd: 05 / LUI / U-type [0m
[0;37mControlUnit: DEBUG: (@ 1347.0ns) PC=000100ec - fff28293 / Imm12: fff / Rs1: 05 / Funct3: 0 / Rd: 05 / ARITH / I-type [0m
[0;37mControlUnit: DEBUG: (@ 1365.0ns) PC=000100f0 - 3b029073 / Csr: 3b0 / Rs1: 05 / Funct3: 1 / Rd: 00 / CSR / I-type [0m
[0;37mControlUnit: DEBUG: (@ 1367.0ns) PC=000100f4 - 01f00293 / Imm12: 01f / Rs1: 00 / Funct3: 0 / Rd: 05 / ARITH / I-type [0m
[0;37mControlUnit: DEBUG: (@ 1373.0ns) PC=000100f8 - 3a029073 / Csr: 3a0 / Rs1: 05 / Funct3: 1 / Rd: 00 / CSR / I-type [0m
[0;37mControlUnit: DEBUG: (@ 1375.0ns) PC=000100fc - 30405073 / Csr: 304 / Rs1: 00 / Funct3: 5 / Rd: 00 / CSR / I-type [0m
[0;37mControlUnit: DEBUG: (@ 1395.0ns) PC=00010100 - 00000297 / Imm20: 00000 / Rd: 05 / AUIPC / U-type [0m
[0;37mControlUnit: DEBUG: (@ 1397.0ns) PC=00010104 - 01428293 / Imm12: 014 / Rs1: 05 / Funct3: 0 / Rd: 05 / ARITH / I-type [0m
[0;37mControlUnit: DEBUG: (@ 1403.0ns) PC=00010108 - 30529073 / Csr: 305 / Rs1: 05 / Funct3: 1 / Rd: 00 / CSR / I-type [0m
[0;37mControlUnit: DEBUG: (@ 1405.0ns) PC=0001010c - 30205073 / Csr: 302 / Rs1: 00 / Funct3: 5 / Rd: 00 / CSR / I-type [0m
[0;37mControlUnit: DEBUG: (@ 1427.0ns) PC=00010110 - 30305073 / Csr: 303 / Rs1: 00 / Funct3: 5 / Rd: 00 / CSR / I-type [0m
[0;37mControlUnit: DEBUG: (@ 1429.0ns) PC=00010114 - 00000193 / Imm12: 000 / Rs1: 00 / Funct3: 0 / Rd: 03 / ARITH / I-type [0m
[0;37mControlUnit: DEBUG: (@ 1435.0ns) PC=00010118 - 00000297 / Imm20: 00000 / Rd: 05 / AUIPC / U-type [0m
[0;37mControlUnit: DEBUG: (@ 1437.0ns) PC=0001011c - eec28293 / Imm12: eec / Rs1: 05 / Funct3: 0 / Rd: 05 / ARITH / I-type [0m
[0;37mControlUnit: DEBUG: (@ 1461.0ns) PC=00010120 - 30529073 / Csr: 305 / Rs1: 05 / Funct3: 1 / Rd: 00 / CSR / I-type [0m
[0;37mControlUnit: DEBUG: (@ 1463.0ns) PC=00010124 - 00100513 / Imm12: 001 / Rs1: 00 / Funct3: 0 / Rd: 0a / ARITH / I-type [0m
[0;37mControlUnit: DEBUG: (@ 1465.0ns) PC=00010128 - 01f51513 / Imm12: 01f / Rs1: 0a / Funct3: 1 / Rd: 0a / ARITH / I-type [0m
[0;37mControlUnit: DEBUG: (@ 1471.0ns) PC=0001012c - 00054c63 / Imm12: 00c / Rs2: 00 / Rs1: 0a / Funct3: 4 / BRANCH / B-type [0m
[0;34mControlUnit: INFO: (@ 1471.0ns) Branching [0m
[0;37mControlUnit: DEBUG: (@ 1535.0ns) PC=00010144 - 00000293 / Imm12: 000 / Rs1: 00 / Funct3: 0 / Rd: 05 / ARITH / I-type [0m
[0;37mControlUnit: DEBUG: (@ 1541.0ns) PC=00010148 - 00028a63 / Imm12: 00a / Rs2: 00 / Rs1: 05 / Funct3: 0 / BRANCH / B-type [0m
[0;34mControlUnit: INFO: (@ 1541.0ns) Branching [0m
[0;37mControlUnit: DEBUG: (@ 1575.0ns) PC=0001015c - 30005073 / Csr: 300 / Rs1: 00 / Funct3: 5 / Rd: 00 / CSR / I-type [0m
[0;37mControlUnit: DEBUG: (@ 1617.0ns) PC=00010160 - 00000297 / Imm20: 00000 / Rd: 05 / AUIPC / U-type [0m
[0;37mControlUnit: DEBUG: (@ 1619.0ns) PC=00010164 - 01428293 / Imm12: 014 / Rs1: 05 / Funct3: 0 / Rd: 05 / ARITH / I-type [0m
[0;37mControlUnit: DEBUG: (@ 1625.0ns) PC=00010168 - 34129073 / Csr: 341 / Rs1: 05 / Funct3: 1 / Rd: 00 / CSR / I-type [0m
[0;37mControlUnit: DEBUG: (@ 1627.0ns) PC=0001016c - f1402573 / Csr: f14 / Rs1: 00 / Funct3: 2 / Rd: 0a / CSR / I-type [0m
[0;37mControlUnit: DEBUG: (@ 1661.0ns) PC=00010170 - 30200073 / Csr: 302 / Rs1: 00 / Funct3: 0 / Rd: 00 / MRET - I-type [0m
[0;34mControlUnit: INFO: (@ 1661.0ns) MRET -> Machine Return [0m
[0;37mControlUnit: DEBUG: (@ 1667.0ns) PC=00010174 - 00000093 / Imm12: 000 / Rs1: 00 / Funct3: 0 / Rd: 01 / ARITH / I-type [0m
[0;37mControlUnit: DEBUG: (@ 1669.0ns) PC=00010178 - 00000113 / Imm12: 000 / Rs1: 00 / Funct3: 0 / Rd: 02 / ARITH / I-type [0m
[0;37mControlUnit: DEBUG: (@ 1671.0ns) PC=0001017c - 0220a733 / Funct7: 01 / Rs2: 02 / Rs1: 01 / Funct3: 2 / Rd: 0e / MULDIV / R-type [0m
[0;37mControlUnit: DEBUG: (@ 1707.0ns) PC=00010180 - 00000393 / Imm12: 000 / Rs1: 00 / Funct3: 0 / Rd: 07 / ARITH / I-type [0m
[0;37mControlUnit: DEBUG: (@ 1709.0ns) PC=00010184 - 00200193 / Imm12: 002 / Rs1: 00 / Funct3: 0 / Rd: 03 / ARITH / I-type [0m
[0;37mControlUnit: DEBUG: (@ 1715.0ns) PC=00010188 - 4a771a63 / Imm12: 25a / Rs2: 07 / Rs1: 0e / Funct3: 1 / BRANCH / B-type [0m
[0;37mControlUnit: DEBUG: (@ 1717.0ns) PC=0001018c - 00100093 / Imm12: 001 / Rs1: 00 / Funct3: 0 / Rd: 01 / ARITH / I-type [0m
[0;37mControlUnit: DEBUG: (@ 1755.0ns) PC=00010190 - 00100113 / Imm12: 001 / Rs1: 00 / Funct3: 0 / Rd: 02 / ARITH / I-type [0m
[0;37mControlUnit: DEBUG: (@ 1757.0ns) PC=00010194 - 0220a733 / Funct7: 01 / Rs2: 02 / Rs1: 01 / Funct3: 2 / Rd: 0e / MULDIV / R-type [0m
[0;37mControlUnit: DEBUG: (@ 1759.0ns) PC=00010198 - 00000393 / Imm12: 000 / Rs1: 00 / Funct3: 0 / Rd: 07 / ARITH / I-type [0m
[0;37mControlUnit: DEBUG: (@ 1761.0ns) PC=0001019c - 00300193 / Imm12: 003 / Rs1: 00 / Funct3: 0 / Rd: 03 / ARITH / I-type [0m
[0;37mControlUnit: DEBUG: (@ 1805.0ns) PC=000101a0 - 48771e63 / Imm12: 24e / Rs2: 07 / Rs1: 0e / Funct3: 1 / BRANCH / B-type [0m
[0;37mControlUnit: DEBUG: (@ 1807.0ns) PC=000101a4 - 00300093 / Imm12: 003 / Rs1: 00 / Funct3: 0 / Rd: 01 / ARITH / I-type [0m
[0;37mControlUnit: DEBUG: (@ 1809.0ns) PC=000101a8 - 00700113 / Imm12: 007 / Rs1: 00 / Funct3: 0 / Rd: 02 / ARITH / I-type [0m
[0;37mControlUnit: DEBUG: (@ 1811.0ns) PC=000101ac - 0220a733 / Funct7: 01 / Rs2: 02 / Rs1: 01 / Funct3: 2 / Rd: 0e / MULDIV / R-type [0m
[0;37mControlUnit: DEBUG: (@ 1829.0ns) PC=000101b0 - 00000393 / Imm12: 000 / Rs1: 00 / Funct3: 0 / Rd: 07 / ARITH / I-type [0m
[0;37mControlUnit: DEBUG: (@ 1831.0ns) PC=000101b4 - 00400193 / Imm12: 004 / Rs1: 00 / Funct3: 0 / Rd: 03 / ARITH / I-type [0m
[0;37mControlUnit: DEBUG: (@ 1837.0ns) PC=000101b8 - 48771263 / Imm12: 242 / Rs2: 07 / Rs1: 0e / Funct3: 1 / BRANCH / B-type [0m
[0;37mControlUnit: DEBUG: (@ 1839.0ns) PC=000101bc - 00000093 / Imm12: 000 / Rs1: 00 / Funct3: 0 / Rd: 01 / ARITH / I-type [0m
[0;37mControlUnit: DEBUG: (@ 1853.0ns) PC=000101c0 - ffff8137 / Imm20: ffff8 / Rd: 02 / LUI / U-type [0m
[0;37mControlUnit: DEBUG: (@ 1855.0ns) PC=000101c4 - 0220a733 / Funct7: 01 / Rs2: 02 / Rs1: 01 / Funct3: 2 / Rd: 0e / MULDIV / R-type [0m
[0;37mControlUnit: DEBUG: (@ 1857.0ns) PC=000101c8 - 00000393 / Imm12: 000 / Rs1: 00 / Funct3: 0 / Rd: 07 / ARITH / I-type [0m
[0;37mControlUnit: DEBUG: (@ 1859.0ns) PC=000101cc - 00500193 / Imm12: 005 / Rs1: 00 / Funct3: 0 / Rd: 03 / ARITH / I-type [0m
[0;37mControlUnit: DEBUG: (@ 1879.0ns) PC=000101d0 - 46771663 / Imm12: 236 / Rs2: 07 / Rs1: 0e / Funct3: 1 / BRANCH / B-type [0m
[0;37mControlUnit: DEBUG: (@ 1881.0ns) PC=000101d4 - 800000b7 / Imm20: 80000 / Rd: 01 / LUI / U-type [0m
[0;37mControlUnit: DEBUG: (@ 1883.0ns) PC=000101d8 - 00000113 / Imm12: 000 / Rs1: 00 / Funct3: 0 / Rd: 02 / ARITH / I-type [0m
[0;37mControlUnit: DEBUG: (@ 1885.0ns) PC=000101dc - 0220a733 / Funct7: 01 / Rs2: 02 / Rs1: 01 / Funct3: 2 / Rd: 0e / MULDIV / R-type [0m
[0;37mControlUnit: DEBUG: (@ 1907.0ns) PC=000101e0 - 00000393 / Imm12: 000 / Rs1: 00 / Funct3: 0 / Rd: 07 / ARITH / I-type [0m
[0;37mControlUnit: DEBUG: (@ 1909.0ns) PC=000101e4 - 00600193 / Imm12: 006 / Rs1: 00 / Funct3: 0 / Rd: 03 / ARITH / I-type [0m
[0;37mControlUnit: DEBUG: (@ 1915.0ns) PC=000101e8 - 44771a63 / Imm12: 22a / Rs2: 07 / Rs1: 0e / Funct3: 1 / BRANCH / B-type [0m
[0;37mControlUnit: DEBUG: (@ 1917.0ns) PC=000101ec - 800000b7 / Imm20: 80000 / Rd: 01 / LUI / U-type [0m
[0;37mControlUnit: DEBUG: (@ 1937.0ns) PC=000101f0 - ffff8137 / Imm20: ffff8 / Rd: 02 / LUI / U-type [0m
[0;37mControlUnit: DEBUG: (@ 1939.0ns) PC=000101f4 - 0220a733 / Funct7: 01 / Rs2: 02 / Rs1: 01 / Funct3: 2 / Rd: 0e / MULDIV / R-type [0m
[0;37mControlUnit: DEBUG: (@ 1945.0ns) PC=000101f8 - 800043b7 / Imm20: 80004 / Rd: 07 / LUI / U-type [0m
[0;37mControlUnit: DEBUG: (@ 1947.0ns) PC=000101fc - 00700193 / Imm12: 007 / Rs1: 00 / Funct3: 0 / Rd: 03 / ARITH / I-type [0m
[0;37mControlUnit: DEBUG: (@ 1961.0ns) PC=00010200 - 42771e63 / Imm12: 21e / Rs2: 07 / Rs1: 0e / Funct3: 1 / BRANCH / B-type [0m
[0;37mControlUnit: DEBUG: (@ 1963.0ns) PC=00010204 - aaaab0b7 / Imm20: aaaab / Rd: 01 / LUI / U-type [0m
[0;37mControlUnit: DEBUG: (@ 1965.0ns) PC=00010208 - aab08093 / Imm12: aab / Rs1: 01 / Funct3: 0 / Rd: 01 / ARITH / I-type [0m
[0;37mControlUnit: DEBUG: (@ 1971.0ns) PC=0001020c - 00030137 / Imm20: 00030 / Rd: 02 / LUI / U-type [0m
[0;37mControlUnit: DEBUG: (@ 1987.0ns) PC=00010210 - e7d10113 / Imm12: e7d / Rs1: 02 / Funct3: 0 / Rd: 02 / ARITH / I-type [0m
[0;37mControlUnit: DEBUG: (@ 1989.0ns) PC=00010214 - 0220a733 / Funct7: 01 / Rs2: 02 / Rs1: 01 / Funct3: 2 / Rd: 0e / MULDIV / R-type [0m
[0;37mControlUnit: DEBUG: (@ 1995.0ns) PC=00010218 - ffff03b7 / Imm20: ffff0 / Rd: 07 / LUI / U-type [0m
[0;37mControlUnit: DEBUG: (@ 1997.0ns) PC=0001021c - 08138393 / Imm12: 081 / Rs1: 07 / Funct3: 0 / Rd: 07 / ARITH / I-type [0m
[0;37mControlUnit: DEBUG: (@ 2015.0ns) PC=00010220 - 01e00193 / Imm12: 01e / Rs1: 00 / Funct3: 0 / Rd: 03 / ARITH / I-type [0m
[0;37mControlUnit: DEBUG: (@ 2021.0ns) PC=00010224 - 40771c63 / Imm12: 20c / Rs2: 07 / Rs1: 0e / Funct3: 1 / BRANCH / B-type [0m
[0;37mControlUnit: DEBUG: (@ 2023.0ns) PC=00010228 - 000300b7 / Imm20: 00030 / Rd: 01 / LUI / U-type [0m
[0;37mControlUnit: DEBUG: (@ 2025.0ns) PC=0001022c - e7d08093 / Imm12: e7d / Rs1: 01 / Funct3: 0 / Rd: 01 / ARITH / I-type [0m
[0;37mControlUnit: DEBUG: (@ 2045.0ns) PC=00010230 - aaaab137 / Imm20: aaaab / Rd: 02 / LUI / U-type [0m
[0;37mControlUnit: DEBUG: (@ 2047.0ns) PC=00010234 - aab10113 / Imm12: aab / Rs1: 02 / Funct3: 0 / Rd: 02 / ARITH / I-type [0m
[0;37mControlUnit: DEBUG: (@ 2049.0ns) PC=00010238 - 0220a733 / Funct7: 01 / Rs2: 02 / Rs1: 01 / Funct3: 2 / Rd: 0e / MULDIV / R-type [0m
[0;37mControlUnit: DEBUG: (@ 2055.0ns) PC=0001023c - 000203b7 / Imm20: 00020 / Rd: 07 / LUI / U-type [0m
[0;37mControlUnit: DEBUG: (@ 2069.0ns) PC=00010240 - efe38393 / Imm12: efe / Rs1: 07 / Funct3: 0 / Rd: 07 / ARITH / I-type [0m
[0;37mControlUnit: DEBUG: (@ 2071.0ns) PC=00010244 - 01f00193 / Imm12: 01f / Rs1: 00 / Funct3: 0 / Rd: 03 / ARITH / I-type [0m
[0;37mControlUnit: DEBUG: (@ 2077.0ns) PC=00010248 - 3e771a63 / Imm12: 1fa / Rs2: 07 / Rs1: 0e / Funct3: 1 / BRANCH / B-type [0m
[0;37mControlUnit: DEBUG: (@ 2079.0ns) PC=0001024c - ff0000b7 / Imm20: ff000 / Rd: 01 / LUI / U-type [0m
[0;37mControlUnit: DEBUG: (@ 2095.0ns) PC=00010250 - ff000137 / Imm20: ff000 / Rd: 02 / LUI / U-type [0m
[0;37mControlUnit: DEBUG: (@ 2097.0ns) PC=00010254 - 0220a733 / Funct7: 01 / Rs2: 02 / Rs1: 01 / Funct3: 2 / Rd: 0e / MULDIV / R-type [0m
[0;37mControlUnit: DEBUG: (@ 2103.0ns) PC=00010258 - ff0103b7 / Imm20: ff010 / Rd: 07 / LUI / U-type [0m
[0;37mControlUnit: DEBUG: (@ 2105.0ns) PC=0001025c - 02000193 / Imm12: 020 / Rs1: 00 / Funct3: 0 / Rd: 03 / ARITH / I-type [0m
[0;37mControlUnit: DEBUG: (@ 2123.0ns) PC=00010260 - 3c771e63 / Imm12: 1ee / Rs2: 07 / Rs1: 0e / Funct3: 1 / BRANCH / B-type [0m
[0;37mControlUnit: DEBUG: (@ 2125.0ns) PC=00010264 - fff00093 / Imm12: fff / Rs1: 00 / Funct3: 0 / Rd: 01 / ARITH / I-type [0m
[0;37mControlUnit: DEBUG: (@ 2127.0ns) PC=00010268 - fff00113 / Imm12: fff / Rs1: 00 / Funct3: 0 / Rd: 02 / ARITH / I-type [0m
[0;37mControlUnit: DEBUG: (@ 2129.0ns) PC=0001026c - 0220a733 / Funct7: 01 / Rs2: 02 / Rs1: 01 / Funct3: 2 / Rd: 0e / MULDIV / R-type [0m
[0;37mControlUnit: DEBUG: (@ 2153.0ns) PC=00010270 - fff00393 / Imm12: fff / Rs1: 00 / Funct3: 0 / Rd: 07 / ARITH / I-type [0m
[0;37mControlUnit: DEBUG: (@ 2155.0ns) PC=00010274 - 02100193 / Imm12: 021 / Rs1: 00 / Funct3: 0 / Rd: 03 / ARITH / I-type [0m
[0;37mControlUnit: DEBUG: (@ 2161.0ns) PC=00010278 - 3c771263 / Imm12: 1e2 / Rs2: 07 / Rs1: 0e / Funct3: 1 / BRANCH / B-type [0m
[0;37mControlUnit: DEBUG: (@ 2163.0ns) PC=0001027c - fff00093 / Imm12: fff / Rs1: 00 / Funct3: 0 / Rd: 01 / ARITH / I-type [0m
[0;37mControlUnit: DEBUG: (@ 2177.0ns) PC=00010280 - 00100113 / Imm12: 001 / Rs1: 00 / Funct3: 0 / Rd: 02 / ARITH / I-type [0m
[0;37mControlUnit: DEBUG: (@ 2179.0ns) PC=00010284 - 0220a733 / Funct7: 01 / Rs2: 02 / Rs1: 01 / Funct3: 2 / Rd: 0e / MULDIV / R-type [0m
[0;37mControlUnit: DEBUG: (@ 2181.0ns) PC=00010288 - fff00393 / Imm12: fff / Rs1: 00 / Funct3: 0 / Rd: 07 / ARITH / I-type [0m
[0;37mControlUnit: DEBUG: (@ 2183.0ns) PC=0001028c - 02200193 / Imm12: 022 / Rs1: 00 / Funct3: 0 / Rd: 03 / ARITH / I-type [0m
[0;37mControlUnit: DEBUG: (@ 2203.0ns) PC=00010290 - 3a771663 / Imm12: 1d6 / Rs2: 07 / Rs1: 0e / Funct3: 1 / BRANCH / B-type [0m
[0;37mControlUnit: DEBUG: (@ 2205.0ns) PC=00010294 - 00100093 / Imm12: 001 / Rs1: 00 / Funct3: 0 / Rd: 01 / ARITH / I-type [0m
[0;37mControlUnit: DEBUG: (@ 2207.0ns) PC=00010298 - fff00113 / Imm12: fff / Rs1: 00 / Funct3: 0 / Rd: 02 / ARITH / I-type [0m
[0;37mControlUnit: DEBUG: (@ 2209.0ns) PC=0001029c - 0220a733 / Funct7: 01 / Rs2: 02 / Rs1: 01 / Funct3: 2 / Rd: 0e / MULDIV / R-type [0m
[0;37mControlUnit: DEBUG: (@ 2227.0ns) PC=000102a0 - 00000393 / Imm12: 000 / Rs1: 00 / Funct3: 0 / Rd: 07 / ARITH / I-type [0m
[0;37mControlUnit: DEBUG: (@ 2229.0ns) PC=000102a4 - 02300193 / Imm12: 023 / Rs1: 00 / Funct3: 0 / Rd: 03 / ARITH / I-type [0m
[0;37mControlUnit: DEBUG: (@ 2235.0ns) PC=000102a8 - 38771a63 / Imm12: 1ca / Rs2: 07 / Rs1: 0e / Funct3: 1 / BRANCH / B-type [0m
[0;37mControlUnit: DEBUG: (@ 2237.0ns) PC=000102ac - 00d000b7 / Imm20: 00d00 / Rd: 01 / LUI / U-type [0m
[0;37mControlUnit: DEBUG: (@ 2251.0ns) PC=000102b0 - 00b00137 / Imm20: 00b00 / Rd: 02 / LUI / U-type [0m
[0;37mControlUnit: DEBUG: (@ 2253.0ns) PC=000102b4 - 0220a0b3 / Funct7: 01 / Rs2: 02 / Rs1: 01 / Funct3: 2 / Rd: 01 / MULDIV / R-type [0m
[0;37mControlUnit: DEBUG: (@ 2259.0ns) PC=000102b8 - 000093b7 / Imm20: 00009 / Rd: 07 / LUI / U-type [0m
[0;37mControlUnit: DEBUG: (@ 2261.0ns) PC=000102bc - f0038393 / Imm12: f00 / Rs1: 07 / Funct3: 0 / Rd: 07 / ARITH / I-type [0m
[0;37mControlUnit: DEBUG: (@ 2275.0ns) PC=000102c0 - 00800193 / Imm12: 008 / Rs1: 00 / Funct3: 0 / Rd: 03 / ARITH / I-type [0m
[0;37mControlUnit: DEBUG: (@ 2281.0ns) PC=000102c4 - 36709c63 / Imm12: 1bc / Rs2: 07 / Rs1: 01 / Funct3: 1 / BRANCH / B-type [0m
[0;37mControlUnit: DEBUG: (@ 2283.0ns) PC=000102c8 - 00e000b7 / Imm20: 00e00 / Rd: 01 / LUI / U-type [0m
[0;37mControlUnit: DEBUG: (@ 2285.0ns) PC=000102cc - 00b00137 / Imm20: 00b00 / Rd: 02 / LUI / U-type [0m
[0;37mControlUnit: DEBUG: (@ 2299.0ns) PC=000102d0 - 0220a133 / Funct7: 01 / Rs2: 02 / Rs1: 01 / Funct3: 2 / Rd: 02 / MULDIV / R-type [0m
[0;37mControlUnit: DEBUG: (@ 2305.0ns) PC=000102d4 - 0000a3b7 / Imm20: 0000a / Rd: 07 / LUI / U-type [0m
[0;37mControlUnit: DEBUG: (@ 2307.0ns) PC=000102d8 - a0038393 / Imm12: a00 / Rs1: 07 / Funct3: 0 / Rd: 07 / ARITH / I-type [0m
[0;37mControlUnit: DEBUG: (@ 2309.0ns) PC=000102dc - 00900193 / Imm12: 009 / Rs1: 00 / Funct3: 0 / Rd: 03 / ARITH / I-type [0m
[0;37mControlUnit: DEBUG: (@ 2323.0ns) PC=000102e0 - 34711e63 / Imm12: 1ae / Rs2: 07 / Rs1: 02 / Funct3: 1 / BRANCH / B-type [0m
[0;37mControlUnit: DEBUG: (@ 2325.0ns) PC=000102e4 - 00d000b7 / Imm20: 00d00 / Rd: 01 / LUI / U-type [0m
[0;37mControlUnit: DEBUG: (@ 2327.0ns) PC=000102e8 - 0210a0b3 / Funct7: 01 / Rs2: 01 / Rs1: 01 / Funct3: 2 / Rd: 01 / MULDIV / R-type [0m
[0;37mControlUnit: DEBUG: (@ 2333.0ns) PC=000102ec - 0000b3b7 / Imm20: 0000b / Rd: 07 / LUI / U-type [0m
[0;37mControlUnit: DEBUG: (@ 2349.0ns) PC=000102f0 - 90038393 / Imm12: 900 / Rs1: 07 / Funct3: 0 / Rd: 07 / ARITH / I-type [0m
[0;37mControlUnit: DEBUG: (@ 2351.0ns) PC=000102f4 - 00a00193 / Imm12: 00a / Rs1: 00 / Funct3: 0 / Rd: 03 / ARITH / I-type [0m
[0;37mControlUnit: DEBUG: (@ 2357.0ns) PC=000102f8 - 34709263 / Imm12: 1a2 / Rs2: 07 / Rs1: 01 / Funct3: 1 / BRANCH / B-type [0m
[0;37mControlUnit: DEBUG: (@ 2359.0ns) PC=000102fc - 00000213 / Imm12: 000 / Rs1: 00 / Funct3: 0 / Rd: 04 / ARITH / I-type [0m
[0;37mControlUnit: DEBUG: (@ 2377.0ns) PC=00010300 - 00d000b7 / Imm20: 00d00 / Rd: 01 / LUI / U-type [0m
[0;37mControlUnit: DEBUG: (@ 2379.0ns) PC=00010304 - 00b00137 / Imm20: 00b00 / Rd: 02 / LUI / U-type [0m
[0;37mControlUnit: DEBUG: (@ 2381.0ns) PC=00010308 - 0220a733 / Funct7: 01 / Rs2: 02 / Rs1: 01 / Funct3: 2 / Rd: 0e / MULDIV / R-type [0m
[0;37mControlUnit: DEBUG: (@ 2383.0ns) PC=0001030c - 00070313 / Imm12: 000 / Rs1: 0e / Funct3: 0 / Rd: 06 / ARITH / I-type [0m
[0;37mControlUnit: DEBUG: (@ 2407.0ns) PC=00010310 - 00120213 / Imm12: 001 / Rs1: 04 / Funct3: 0 / Rd: 04 / ARITH / I-type [0m
[0;37mControlUnit: DEBUG: (@ 2409.0ns) PC=00010314 - 00200293 / Imm12: 002 / Rs1: 00 / Funct3: 0 / Rd: 05 / ARITH / I-type [0m
[0;37mControlUnit: DEBUG: (@ 2415.0ns) PC=00010318 - fe5214e3 / Imm12: ff4 / Rs2: 05 / Rs1: 04 / Funct3: 1 / BRANCH / B-type [0m
[0;34mControlUnit: INFO: (@ 2415.0ns) Branching [0m
[0;37mControlUnit: DEBUG: (@ 2421.0ns) PC=00010300 - 00d000b7 / Imm20: 00d00 / Rd: 01 / LUI / U-type [0m
[0;37mControlUnit: DEBUG: (@ 2423.0ns) PC=00010304 - 00b00137 / Imm20: 00b00 / Rd: 02 / LUI / U-type [0m
[0;37mControlUnit: DEBUG: (@ 2425.0ns) PC=00010308 - 0220a733 / Funct7: 01 / Rs2: 02 / Rs1: 01 / Funct3: 2 / Rd: 0e / MULDIV / R-type [0m
[0;37mControlUnit: DEBUG: (@ 2427.0ns) PC=0001030c - 00070313 / Imm12: 000 / Rs1: 0e / Funct3: 0 / Rd: 06 / ARITH / I-type [0m
[0;37mControlUnit: DEBUG: (@ 2431.0ns) PC=00010310 - 00120213 / Imm12: 001 / Rs1: 04 / Funct3: 0 / Rd: 04 / ARITH / I-type [0m
[0;37mControlUnit: DEBUG: (@ 2433.0ns) PC=00010314 - 00200293 / Imm12: 002 / Rs1: 00 / Funct3: 0 / Rd: 05 / ARITH / I-type [0m
[0;37mControlUnit: DEBUG: (@ 2439.0ns) PC=00010318 - fe5214e3 / Imm12: ff4 / Rs2: 05 / Rs1: 04 / Funct3: 1 / BRANCH / B-type [0m
[0;37mControlUnit: DEBUG: (@ 2441.0ns) PC=0001031c - 000093b7 / Imm20: 00009 / Rd: 07 / LUI / U-type [0m
[0;37mControlUnit: DEBUG: (@ 2443.0ns) PC=00010320 - f0038393 / Imm12: f00 / Rs1: 07 / Funct3: 0 / Rd: 07 / ARITH / I-type [0m
[0;37mControlUnit: DEBUG: (@ 2445.0ns) PC=00010324 - 00b00193 / Imm12: 00b / Rs1: 00 / Funct3: 0 / Rd: 03 / ARITH / I-type [0m
[0;37mControlUnit: DEBUG: (@ 2451.0ns) PC=00010328 - 30731a63 / Imm12: 18a / Rs2: 07 / Rs1: 06 / Funct3: 1 / BRANCH / B-type [0m
[0;37mControlUnit: DEBUG: (@ 2453.0ns) PC=0001032c - 00000213 / Imm12: 000 / Rs1: 00 / Funct3: 0 / Rd: 04 / ARITH / I-type [0m
[0;37mControlUnit: DEBUG: (@ 2465.0ns) PC=00010330 - 00e000b7 / Imm20: 00e00 / Rd: 01 / LUI / U-type [0m
[0;37mControlUnit: DEBUG: (@ 2467.0ns) PC=00010334 - 00b00137 / Imm20: 00b00 / Rd: 02 / LUI / U-type [0m
[0;37mControlUnit: DEBUG: (@ 2469.0ns) PC=00010338 - 0220a733 / Funct7: 01 / Rs2: 02 / Rs1: 01 / Funct3: 2 / Rd: 0e / MULDIV / R-type [0m
[0;37mControlUnit: DEBUG: (@ 2471.0ns) PC=0001033c - 00000013 / Imm12: 000 / Rs1: 00 / Funct3: 0 / Rd: 00 / ARITH / I-type [0m
[0;37mControlUnit: DEBUG: (@ 2491.0ns) PC=00010340 - 00070313 / Imm12: 000 / Rs1: 0e / Funct3: 0 / Rd: 06 / ARITH / I-type [0m
[0;37mControlUnit: DEBUG: (@ 2493.0ns) PC=00010344 - 00120213 / Imm12: 001 / Rs1: 04 / Funct3: 0 / Rd: 04 / ARITH / I-type [0m
[0;37mControlUnit: DEBUG: (@ 2495.0ns) PC=00010348 - 00200293 / Imm12: 002 / Rs1: 00 / Funct3: 0 / Rd: 05 / ARITH / I-type [0m
[0;37mControlUnit: DEBUG: (@ 2501.0ns) PC=0001034c - fe5212e3 / Imm12: ff2 / Rs2: 05 / Rs1: 04 / Funct3: 1 / BRANCH / B-type [0m
[0;34mControlUnit: INFO: (@ 2501.0ns) Branching [0m
[0;37mControlUnit: DEBUG: (@ 2507.0ns) PC=00010330 - 00e000b7 / Imm20: 00e00 / Rd: 01 / LUI / U-type [0m
[0;37mControlUnit: DEBUG: (@ 2509.0ns) PC=00010334 - 00b00137 / Imm20: 00b00 / Rd: 02 / LUI / U-type [0m
[0;37mControlUnit: DEBUG: (@ 2511.0ns) PC=00010338 - 0220a733 / Funct7: 01 / Rs2: 02 / Rs1: 01 / Funct3: 2 / Rd: 0e / MULDIV / R-type [0m
[0;37mControlUnit: DEBUG: (@ 2513.0ns) PC=0001033c - 00000013 / Imm12: 000 / Rs1: 00 / Funct3: 0 / Rd: 00 / ARITH / I-type [0m
[0;37mControlUnit: DEBUG: (@ 2515.0ns) PC=00010340 - 00070313 / Imm12: 000 / Rs1: 0e / Funct3: 0 / Rd: 06 / ARITH / I-type [0m
[0;37mControlUnit: DEBUG: (@ 2517.0ns) PC=00010344 - 00120213 / Imm12: 001 / Rs1: 04 / Funct3: 0 / Rd: 04 / ARITH / I-type [0m
[0;37mControlUnit: DEBUG: (@ 2519.0ns) PC=00010348 - 00200293 / Imm12: 002 / Rs1: 00 / Funct3: 0 / Rd: 05 / ARITH / I-type [0m
[0;37mControlUnit: DEBUG: (@ 2525.0ns) PC=0001034c - fe5212e3 / Imm12: ff2 / Rs2: 05 / Rs1: 04 / Funct3: 1 / BRANCH / B-type [0m
[0;37mControlUnit: DEBUG: (@ 2527.0ns) PC=00010350 - 0000a3b7 / Imm20: 0000a / Rd: 07 / LUI / U-type [0m
[0;37mControlUnit: DEBUG: (@ 2529.0ns) PC=00010354 - a0038393 / Imm12: a00 / Rs1: 07 / Funct3: 0 / Rd: 07 / ARITH / I-type [0m
[0;37mControlUnit: DEBUG: (@ 2531.0ns) PC=00010358 - 00c00193 / Imm12: 00c / Rs1: 00 / Funct3: 0 / Rd: 03 / ARITH / I-type [0m
[0;37mControlUnit: DEBUG: (@ 2537.0ns) PC=0001035c - 2e731063 / Imm12: 170 / Rs2: 07 / Rs1: 06 / Funct3: 1 / BRANCH / B-type [0m
[0;37mControlUnit: DEBUG: (@ 2547.0ns) PC=00010360 - 00000213 / Imm12: 000 / Rs1: 00 / Funct3: 0 / Rd: 04 / ARITH / I-type [0m
[0;37mControlUnit: DEBUG: (@ 2553.0ns) PC=00010364 - 00f000b7 / Imm20: 00f00 / Rd: 01 / LUI / U-type [0m
[0;37mControlUnit: DEBUG: (@ 2555.0ns) PC=00010368 - 00b00137 / Imm20: 00b00 / Rd: 02 / LUI / U-type [0m
[0;37mControlUnit: DEBUG: (@ 2557.0ns) PC=0001036c - 0220a733 / Funct7: 01 / Rs2: 02 / Rs1: 01 / Funct3: 2 / Rd: 0e / MULDIV / R-type [0m
[0;37mControlUnit: DEBUG: (@ 2571.0ns) PC=00010370 - 00000013 / Imm12: 000 / Rs1: 00 / Funct3: 0 / Rd: 00 / ARITH / I-type [0m
[0;37mControlUnit: DEBUG: (@ 2573.0ns) PC=00010374 - 00000013 / Imm12: 000 / Rs1: 00 / Funct3: 0 / Rd: 00 / ARITH / I-type [0m
[0;37mControlUnit: DEBUG: (@ 2575.0ns) PC=00010378 - 00070313 / Imm12: 000 / Rs1: 0e / Funct3: 0 / Rd: 06 / ARITH / I-type [0m
[0;37mControlUnit: DEBUG: (@ 2577.0ns) PC=0001037c - 00120213 / Imm12: 001 / Rs1: 04 / Funct3: 0 / Rd: 04 / ARITH / I-type [0m
[0;37mControlUnit: DEBUG: (@ 2597.0ns) PC=00010380 - 00200293 / Imm12: 002 / Rs1: 00 / Funct3: 0 / Rd: 05 / ARITH / I-type [0m
[0;37mControlUnit: DEBUG: (@ 2603.0ns) PC=00010384 - fe5210e3 / Imm12: ff0 / Rs2: 05 / Rs1: 04 / Funct3: 1 / BRANCH / B-type [0m
[0;34mControlUnit: INFO: (@ 2603.0ns) Branching [0m
[0;37mControlUnit: DEBUG: (@ 2609.0ns) PC=00010364 - 00f000b7 / Imm20: 00f00 / Rd: 01 / LUI / U-type [0m
[0;37mControlUnit: DEBUG: (@ 2611.0ns) PC=00010368 - 00b00137 / Imm20: 00b00 / Rd: 02 / LUI / U-type [0m
[0;37mControlUnit: DEBUG: (@ 2613.0ns) PC=0001036c - 0220a733 / Funct7: 01 / Rs2: 02 / Rs1: 01 / Funct3: 2 / Rd: 0e / MULDIV / R-type [0m
[0;37mControlUnit: DEBUG: (@ 2615.0ns) PC=00010370 - 00000013 / Imm12: 000 / Rs1: 00 / Funct3: 0 / Rd: 00 / ARITH / I-type [0m
[0;37mControlUnit: DEBUG: (@ 2617.0ns) PC=00010374 - 00000013 / Imm12: 000 / Rs1: 00 / Funct3: 0 / Rd: 00 / ARITH / I-type [0m
[0;37mControlUnit: DEBUG: (@ 2619.0ns) PC=00010378 - 00070313 / Imm12: 000 / Rs1: 0e / Funct3: 0 / Rd: 06 / ARITH / I-type [0m
[0;37mControlUnit: DEBUG: (@ 2621.0ns) PC=0001037c - 00120213 / Imm12: 001 / Rs1: 04 / Funct3: 0 / Rd: 04 / ARITH / I-type [0m
[0;37mControlUnit: DEBUG: (@ 2623.0ns) PC=00010380 - 00200293 / Imm12: 002 / Rs1: 00 / Funct3: 0 / Rd: 05 / ARITH / I-type [0m
[0;37mControlUnit: DEBUG: (@ 2629.0ns) PC=00010384 - fe5210e3 / Imm12: ff0 / Rs2: 05 / Rs1: 04 / Funct3: 1 / BRANCH / B-type [0m
[0;37mControlUnit: DEBUG: (@ 2631.0ns) PC=00010388 - 0000a3b7 / Imm20: 0000a / Rd: 07 / LUI / U-type [0m
[0;37mControlUnit: DEBUG: (@ 2633.0ns) PC=0001038c - 50038393 / Imm12: 500 / Rs1: 07 / Funct3: 0 / Rd: 07 / ARITH / I-type [0m
[0;37mControlUnit: DEBUG: (@ 2635.0ns) PC=00010390 - 00d00193 / Imm12: 00d / Rs1: 00 / Funct3: 0 / Rd: 03 / ARITH / I-type [0m
[0;37mControlUnit: DEBUG: (@ 2641.0ns) PC=00010394 - 2a731463 / Imm12: 154 / Rs2: 07 / Rs1: 06 / Funct3: 1 / BRANCH / B-type [0m
[0;37mControlUnit: DEBUG: (@ 2643.0ns) PC=00010398 - 00000213 / Imm12: 000 / Rs1: 00 / Funct3: 0 / Rd: 04 / ARITH / I-type [0m
[0;37mControlUnit: DEBUG: (@ 2649.0ns) PC=0001039c - 00d000b7 / Imm20: 00d00 / Rd: 01 / LUI / U-type [0m
[0;37mControlUnit: DEBUG: (@ 2655.0ns) PC=000103a0 - 00b00137 / Imm20: 00b00 / Rd: 02 / LUI / U-type [0m
[0;37mControlUnit: DEBUG: (@ 2657.0ns) PC=000103a4 - 0220a733 / Funct7: 01 / Rs2: 02 / Rs1: 01 / Funct3: 2 / Rd: 0e / MULDIV / R-type [0m
[0;37mControlUnit: DEBUG: (@ 2659.0ns) PC=000103a8 - 00120213 / Imm12: 001 / Rs1: 04 / Funct3: 0 / Rd: 04 / ARITH / I-type [0m
[0;37mControlUnit: DEBUG: (@ 2661.0ns) PC=000103ac - 00200293 / Imm12: 002 / Rs1: 00 / Funct3: 0 / Rd: 05 / ARITH / I-type [0m
[0;37mControlUnit: DEBUG: (@ 2679.0ns) PC=000103b0 - fe5216e3 / Imm12: ff6 / Rs2: 05 / Rs1: 04 / Funct3: 1 / BRANCH / B-type [0m
[0;34mControlUnit: INFO: (@ 2679.0ns) Branching [0m
[0;37mControlUnit: DEBUG: (@ 2685.0ns) PC=0001039c - 00d000b7 / Imm20: 00d00 / Rd: 01 / LUI / U-type [0m
[0;37mControlUnit: DEBUG: (@ 2687.0ns) PC=000103a0 - 00b00137 / Imm20: 00b00 / Rd: 02 / LUI / U-type [0m
[0;37mControlUnit: DEBUG: (@ 2689.0ns) PC=000103a4 - 0220a733 / Funct7: 01 / Rs2: 02 / Rs1: 01 / Funct3: 2 / Rd: 0e / MULDIV / R-type [0m
[0;37mControlUnit: DEBUG: (@ 2691.0ns) PC=000103a8 - 00120213 / Imm12: 001 / Rs1: 04 / Funct3: 0 / Rd: 04 / ARITH / I-type [0m
[0;37mControlUnit: DEBUG: (@ 2693.0ns) PC=000103ac - 00200293 / Imm12: 002 / Rs1: 00 / Funct3: 0 / Rd: 05 / ARITH / I-type [0m
[0;37mControlUnit: DEBUG: (@ 2699.0ns) PC=000103b0 - fe5216e3 / Imm12: ff6 / Rs2: 05 / Rs1: 04 / Funct3: 1 / BRANCH / B-type [0m
[0;37mControlUnit: DEBUG: (@ 2701.0ns) PC=000103b4 - 000093b7 / Imm20: 00009 / Rd: 07 / LUI / U-type [0m
[0;37mControlUnit: DEBUG: (@ 2703.0ns) PC=000103b8 - f0038393 / Imm12: f00 / Rs1: 07 / Funct3: 0 / Rd: 07 / ARITH / I-type [0m
[0;37mControlUnit: DEBUG: (@ 2705.0ns) PC=000103bc - 00e00193 / Imm12: 00e / Rs1: 00 / Funct3: 0 / Rd: 03 / ARITH / I-type [0m
[0;37mControlUnit: DEBUG: (@ 2721.0ns) PC=000103c0 - 26771e63 / Imm12: 13e / Rs2: 07 / Rs1: 0e / Funct3: 1 / BRANCH / B-type [0m
[0;37mControlUnit: DEBUG: (@ 2723.0ns) PC=000103c4 - 00000213 / Imm12: 000 / Rs1: 00 / Funct3: 0 / Rd: 04 / ARITH / I-type [0m
[0;37mControlUnit: DEBUG: (@ 2729.0ns) PC=000103c8 - 00e000b7 / Imm20: 00e00 / Rd: 01 / LUI / U-type [0m
[0;37mControlUnit: DEBUG: (@ 2731.0ns) PC=000103cc - 00b00137 / Imm20: 00b00 / Rd: 02 / LUI / U-type [0m
[0;37mControlUnit: DEBUG: (@ 2745.0ns) PC=000103d0 - 00000013 / Imm12: 000 / Rs1: 00 / Funct3: 0 / Rd: 00 / ARITH / I-type [0m
[0;37mControlUnit: DEBUG: (@ 2747.0ns) PC=000103d4 - 0220a733 / Funct7: 01 / Rs2: 02 / Rs1: 01 / Funct3: 2 / Rd: 0e / MULDIV / R-type [0m
[0;37mControlUnit: DEBUG: (@ 2749.0ns) PC=000103d8 - 00120213 / Imm12: 001 / Rs1: 04 / Funct3: 0 / Rd: 04 / ARITH / I-type [0m
[0;37mControlUnit: DEBUG: (@ 2751.0ns) PC=000103dc - 00200293 / Imm12: 002 / Rs1: 00 / Funct3: 0 / Rd: 05 / ARITH / I-type [0m
[0;37mControlUnit: DEBUG: (@ 2771.0ns) PC=000103e0 - fe5214e3 / Imm12: ff4 / Rs2: 05 / Rs1: 04 / Funct3: 1 / BRANCH / B-type [0m
[0;34mControlUnit: INFO: (@ 2771.0ns) Branching [0m
[0;37mControlUnit: DEBUG: (@ 2777.0ns) PC=000103c8 - 00e000b7 / Imm20: 00e00 / Rd: 01 / LUI / U-type [0m
[0;37mControlUnit: DEBUG: (@ 2779.0ns) PC=000103cc - 00b00137 / Imm20: 00b00 / Rd: 02 / LUI / U-type [0m
[0;37mControlUnit: DEBUG: (@ 2781.0ns) PC=000103d0 - 00000013 / Imm12: 000 / Rs1: 00 / Funct3: 0 / Rd: 00 / ARITH / I-type [0m
[0;37mControlUnit: DEBUG: (@ 2783.0ns) PC=000103d4 - 0220a733 / Funct7: 01 / Rs2: 02 / Rs1: 01 / Funct3: 2 / Rd: 0e / MULDIV / R-type [0m
[0;37mControlUnit: DEBUG: (@ 2785.0ns) PC=000103d8 - 00120213 / Imm12: 001 / Rs1: 04 / Funct3: 0 / Rd: 04 / ARITH / I-type [0m
[0;37mControlUnit: DEBUG: (@ 2787.0ns) PC=000103dc - 00200293 / Imm12: 002 / Rs1: 00 / Funct3: 0 / Rd: 05 / ARITH / I-type [0m
[0;37mControlUnit: DEBUG: (@ 2793.0ns) PC=000103e0 - fe5214e3 / Imm12: ff4 / Rs2: 05 / Rs1: 04 / Funct3: 1 / BRANCH / B-type [0m
[0;37mControlUnit: DEBUG: (@ 2795.0ns) PC=000103e4 - 0000a3b7 / Imm20: 0000a / Rd: 07 / LUI / U-type [0m
[0;37mControlUnit: DEBUG: (@ 2797.0ns) PC=000103e8 - a0038393 / Imm12: a00 / Rs1: 07 / Funct3: 0 / Rd: 07 / ARITH / I-type [0m
[0;37mControlUnit: DEBUG: (@ 2799.0ns) PC=000103ec - 00f00193 / Imm12: 00f / Rs1: 00 / Funct3: 0 / Rd: 03 / ARITH / I-type [0m
[0;37mControlUnit: DEBUG: (@ 2815.0ns) PC=000103f0 - 24771663 / Imm12: 126 / Rs2: 07 / Rs1: 0e / Funct3: 1 / BRANCH / B-type [0m
[0;37mControlUnit: DEBUG: (@ 2817.0ns) PC=000103f4 - 00000213 / Imm12: 000 / Rs1: 00 / Funct3: 0 / Rd: 04 / ARITH / I-type [0m
[0;37mControlUnit: DEBUG: (@ 2823.0ns) PC=000103f8 - 00f000b7 / Imm20: 00f00 / Rd: 01 / LUI / U-type [0m
[0;37mControlUnit: DEBUG: (@ 2825.0ns) PC=000103fc - 00b00137 / Imm20: 00b00 / Rd: 02 / LUI / U-type [0m
[0;37mControlUnit: DEBUG: (@ 2839.0ns) PC=00010400 - 00000013 / Imm12: 000 / Rs1: 00 / Funct3: 0 / Rd: 00 / ARITH / I-type [0m
[0;37mControlUnit: DEBUG: (@ 2841.0ns) PC=00010404 - 00000013 / Imm12: 000 / Rs1: 00 / Funct3: 0 / Rd: 00 / ARITH / I-type [0m
[0;37mControlUnit: DEBUG: (@ 2843.0ns) PC=00010408 - 0220a733 / Funct7: 01 / Rs2: 02 / Rs1: 01 / Funct3: 2 / Rd: 0e / MULDIV / R-type [0m
[0;37mControlUnit: DEBUG: (@ 2845.0ns) PC=0001040c - 00120213 / Imm12: 001 / Rs1: 04 / Funct3: 0 / Rd: 04 / ARITH / I-type [0m
[0;37mControlUnit: DEBUG: (@ 2863.0ns) PC=00010410 - 00200293 / Imm12: 002 / Rs1: 00 / Funct3: 0 / Rd: 05 / ARITH / I-type [0m
[0;37mControlUnit: DEBUG: (@ 2869.0ns) PC=00010414 - fe5212e3 / Imm12: ff2 / Rs2: 05 / Rs1: 04 / Funct3: 1 / BRANCH / B-type [0m
[0;34mControlUnit: INFO: (@ 2869.0ns) Branching [0m
[0;37mControlUnit: DEBUG: (@ 2875.0ns) PC=000103f8 - 00f000b7 / Imm20: 00f00 / Rd: 01 / LUI / U-type [0m
[0;37mControlUnit: DEBUG: (@ 2877.0ns) PC=000103fc - 00b00137 / Imm20: 00b00 / Rd: 02 / LUI / U-type [0m
[0;37mControlUnit: DEBUG: (@ 2879.0ns) PC=00010400 - 00000013 / Imm12: 000 / Rs1: 00 / Funct3: 0 / Rd: 00 / ARITH / I-type [0m
[0;37mControlUnit: DEBUG: (@ 2881.0ns) PC=00010404 - 00000013 / Imm12: 000 / Rs1: 00 / Funct3: 0 / Rd: 00 / ARITH / I-type [0m
[0;37mControlUnit: DEBUG: (@ 2883.0ns) PC=00010408 - 0220a733 / Funct7: 01 / Rs2: 02 / Rs1: 01 / Funct3: 2 / Rd: 0e / MULDIV / R-type [0m
[0;37mControlUnit: DEBUG: (@ 2885.0ns) PC=0001040c - 00120213 / Imm12: 001 / Rs1: 04 / Funct3: 0 / Rd: 04 / ARITH / I-type [0m
[0;37mControlUnit: DEBUG: (@ 2887.0ns) PC=00010410 - 00200293 / Imm12: 002 / Rs1: 00 / Funct3: 0 / Rd: 05 / ARITH / I-type [0m
[0;37mControlUnit: DEBUG: (@ 2893.0ns) PC=00010414 - fe5212e3 / Imm12: ff2 / Rs2: 05 / Rs1: 04 / Funct3: 1 / BRANCH / B-type [0m
[0;37mControlUnit: DEBUG: (@ 2895.0ns) PC=00010418 - 0000a3b7 / Imm20: 0000a / Rd: 07 / LUI / U-type [0m
[0;37mControlUnit: DEBUG: (@ 2897.0ns) PC=0001041c - 50038393 / Imm12: 500 / Rs1: 07 / Funct3: 0 / Rd: 07 / ARITH / I-type [0m
[0;37mControlUnit: DEBUG: (@ 2899.0ns) PC=00010420 - 01000193 / Imm12: 010 / Rs1: 00 / Funct3: 0 / Rd: 03 / ARITH / I-type [0m
[0;37mControlUnit: DEBUG: (@ 2905.0ns) PC=00010424 - 20771c63 / Imm12: 10c / Rs2: 07 / Rs1: 0e / Funct3: 1 / BRANCH / B-type [0m
[0;37mControlUnit: DEBUG: (@ 2907.0ns) PC=00010428 - 00000213 / Imm12: 000 / Rs1: 00 / Funct3: 0 / Rd: 04 / ARITH / I-type [0m
[0;37mControlUnit: DEBUG: (@ 2913.0ns) PC=0001042c - 00d000b7 / Imm20: 00d00 / Rd: 01 / LUI / U-type [0m
[0;37mControlUnit: DEBUG: (@ 2919.0ns) PC=00010430 - 00000013 / Imm12: 000 / Rs1: 00 / Funct3: 0 / Rd: 00 / ARITH / I-type [0m
[0;37mControlUnit: DEBUG: (@ 2925.0ns) PC=00010434 - 00b00137 / Imm20: 00b00 / Rd: 02 / LUI / U-type [0m
[0;37mControlUnit: DEBUG: (@ 2927.0ns) PC=00010438 - 0220a733 / Funct7: 01 / Rs2: 02 / Rs1: 01 / Funct3: 2 / Rd: 0e / MULDIV / R-type [0m
[0;37mControlUnit: DEBUG: (@ 2929.0ns) PC=0001043c - 00120213 / Imm12: 001 / Rs1: 04 / Funct3: 0 / Rd: 04 / ARITH / I-type [0m
[0;37mControlUnit: DEBUG: (@ 2945.0ns) PC=00010440 - 00200293 / Imm12: 002 / Rs1: 00 / Funct3: 0 / Rd: 05 / ARITH / I-type [0m
[0;37mControlUnit: DEBUG: (@ 2951.0ns) PC=00010444 - fe5214e3 / Imm12: ff4 / Rs2: 05 / Rs1: 04 / Funct3: 1 / BRANCH / B-type [0m
[0;34mControlUnit: INFO: (@ 2951.0ns) Branching [0m
[0;37mControlUnit: DEBUG: (@ 2957.0ns) PC=0001042c - 00d000b7 / Imm20: 00d00 / Rd: 01 / LUI / U-type [0m
[0;37mControlUnit: DEBUG: (@ 2959.0ns) PC=00010430 - 00000013 / Imm12: 000 / Rs1: 00 / Funct3: 0 / Rd: 00 / ARITH / I-type [0m
[0;37mControlUnit: DEBUG: (@ 2965.0ns) PC=00010434 - 00b00137 / Imm20: 00b00 / Rd: 02 / LUI / U-type [0m
[0;37mControlUnit: DEBUG: (@ 2967.0ns) PC=00010438 - 0220a733 / Funct7: 01 / Rs2: 02 / Rs1: 01 / Funct3: 2 / Rd: 0e / MULDIV / R-type [0m
[0;37mControlUnit: DEBUG: (@ 2969.0ns) PC=0001043c - 00120213 / Imm12: 001 / Rs1: 04 / Funct3: 0 / Rd: 04 / ARITH / I-type [0m
[0;37mControlUnit: DEBUG: (@ 2971.0ns) PC=00010440 - 00200293 / Imm12: 002 / Rs1: 00 / Funct3: 0 / Rd: 05 / ARITH / I-type [0m
[0;37mControlUnit: DEBUG: (@ 2977.0ns) PC=00010444 - fe5214e3 / Imm12: ff4 / Rs2: 05 / Rs1: 04 / Funct3: 1 / BRANCH / B-type [0m
[0;37mControlUnit: DEBUG: (@ 2979.0ns) PC=00010448 - 000093b7 / Imm20: 00009 / Rd: 07 / LUI / U-type [0m
[0;37mControlUnit: DEBUG: (@ 2981.0ns) PC=0001044c - f0038393 / Imm12: f00 / Rs1: 07 / Funct3: 0 / Rd: 07 / ARITH / I-type [0m
[0;37mControlUnit: DEBUG: (@ 2983.0ns) PC=00010450 - 01100193 / Imm12: 011 / Rs1: 00 / Funct3: 0 / Rd: 03 / ARITH / I-type [0m
[0;37mControlUnit: DEBUG: (@ 2989.0ns) PC=00010454 - 1e771463 / Imm12: 0f4 / Rs2: 07 / Rs1: 0e / Funct3: 1 / BRANCH / B-type [0m
[0;37mControlUnit: DEBUG: (@ 2991.0ns) PC=00010458 - 00000213 / Imm12: 000 / Rs1: 00 / Funct3: 0 / Rd: 04 / ARITH / I-type [0m
[0;37mControlUnit: DEBUG: (@ 2997.0ns) PC=0001045c - 00e000b7 / Imm20: 00e00 / Rd: 01 / LUI / U-type [0m
[0;37mControlUnit: DEBUG: (@ 3003.0ns) PC=00010460 - 00000013 / Imm12: 000 / Rs1: 00 / Funct3: 0 / Rd: 00 / ARITH / I-type [0m
[0;37mControlUnit: DEBUG: (@ 3009.0ns) PC=00010464 - 00b00137 / Imm20: 00b00 / Rd: 02 / LUI / U-type [0m
[0;37mControlUnit: DEBUG: (@ 3011.0ns) PC=00010468 - 00000013 / Imm12: 000 / Rs1: 00 / Funct3: 0 / Rd: 00 / ARITH / I-type [0m
[0;37mControlUnit: DEBUG: (@ 3013.0ns) PC=0001046c - 0220a733 / Funct7: 01 / Rs2: 02 / Rs1: 01 / Funct3: 2 / Rd: 0e / MULDIV / R-type [0m
[0;37mControlUnit: DEBUG: (@ 3029.0ns) PC=00010470 - 00120213 / Imm12: 001 / Rs1: 04 / Funct3: 0 / Rd: 04 / ARITH / I-type [0m
[0;37mControlUnit: DEBUG: (@ 3031.0ns) PC=00010474 - 00200293 / Imm12: 002 / Rs1: 00 / Funct3: 0 / Rd: 05 / ARITH / I-type [0m
[0;37mControlUnit: DEBUG: (@ 3037.0ns) PC=00010478 - fe5212e3 / Imm12: ff2 / Rs2: 05 / Rs1: 04 / Funct3: 1 / BRANCH / B-type [0m
[0;34mControlUnit: INFO: (@ 3037.0ns) Branching [0m
[0;37mControlUnit: DEBUG: (@ 3043.0ns) PC=0001045c - 00e000b7 / Imm20: 00e00 / Rd: 01 / LUI / U-type [0m
[0;37mControlUnit: DEBUG: (@ 3045.0ns) PC=00010460 - 00000013 / Imm12: 000 / Rs1: 00 / Funct3: 0 / Rd: 00 / ARITH / I-type [0m
[0;37mControlUnit: DEBUG: (@ 3051.0ns) PC=00010464 - 00b00137 / Imm20: 00b00 / Rd: 02 / LUI / U-type [0m
[0;37mControlUnit: DEBUG: (@ 3053.0ns) PC=00010468 - 00000013 / Imm12: 000 / Rs1: 00 / Funct3: 0 / Rd: 00 / ARITH / I-type [0m
[0;37mControlUnit: DEBUG: (@ 3055.0ns) PC=0001046c - 0220a733 / Funct7: 01 / Rs2: 02 / Rs1: 01 / Funct3: 2 / Rd: 0e / MULDIV / R-type [0m
[0;37mControlUnit: DEBUG: (@ 3057.0ns) PC=00010470 - 00120213 / Imm12: 001 / Rs1: 04 / Funct3: 0 / Rd: 04 / ARITH / I-type [0m
[0;37mControlUnit: DEBUG: (@ 3059.0ns) PC=00010474 - 00200293 / Imm12: 002 / Rs1: 00 / Funct3: 0 / Rd: 05 / ARITH / I-type [0m
[0;37mControlUnit: DEBUG: (@ 3065.0ns) PC=00010478 - fe5212e3 / Imm12: ff2 / Rs2: 05 / Rs1: 04 / Funct3: 1 / BRANCH / B-type [0m
[0;37mControlUnit: DEBUG: (@ 3067.0ns) PC=0001047c - 0000a3b7 / Imm20: 0000a / Rd: 07 / LUI / U-type [0m
[0;37mControlUnit: DEBUG: (@ 3069.0ns) PC=00010480 - a0038393 / Imm12: a00 / Rs1: 07 / Funct3: 0 / Rd: 07 / ARITH / I-type [0m
[0;37mControlUnit: DEBUG: (@ 3071.0ns) PC=00010484 - 01200193 / Imm12: 012 / Rs1: 00 / Funct3: 0 / Rd: 03 / ARITH / I-type [0m
[0;37mControlUnit: DEBUG: (@ 3077.0ns) PC=00010488 - 1a771a63 / Imm12: 0da / Rs2: 07 / Rs1: 0e / Funct3: 1 / BRANCH / B-type [0m
[0;37mControlUnit: DEBUG: (@ 3079.0ns) PC=0001048c - 00000213 / Imm12: 000 / Rs1: 00 / Funct3: 0 / Rd: 04 / ARITH / I-type [0m
[0;37mControlUnit: DEBUG: (@ 3087.0ns) PC=00010490 - 00f000b7 / Imm20: 00f00 / Rd: 01 / LUI / U-type [0m
[0;37mControlUnit: DEBUG: (@ 3089.0ns) PC=00010494 - 00000013 / Imm12: 000 / Rs1: 00 / Funct3: 0 / Rd: 00 / ARITH / I-type [0m
[0;37mControlUnit: DEBUG: (@ 3091.0ns) PC=00010498 - 00000013 / Imm12: 000 / Rs1: 00 / Funct3: 0 / Rd: 00 / ARITH / I-type [0m
[0;37mControlUnit: DEBUG: (@ 3097.0ns) PC=0001049c - 00b00137 / Imm20: 00b00 / Rd: 02 / LUI / U-type [0m
[0;37mControlUnit: DEBUG: (@ 3119.0ns) PC=000104a0 - 0220a733 / Funct7: 01 / Rs2: 02 / Rs1: 01 / Funct3: 2 / Rd: 0e / MULDIV / R-type [0m
[0;37mControlUnit: DEBUG: (@ 3121.0ns) PC=000104a4 - 00120213 / Imm12: 001 / Rs1: 04 / Funct3: 0 / Rd: 04 / ARITH / I-type [0m
[0;37mControlUnit: DEBUG: (@ 3123.0ns) PC=000104a8 - 00200293 / Imm12: 002 / Rs1: 00 / Funct3: 0 / Rd: 05 / ARITH / I-type [0m
[0;37mControlUnit: DEBUG: (@ 3129.0ns) PC=000104ac - fe5212e3 / Imm12: ff2 / Rs2: 05 / Rs1: 04 / Funct3: 1 / BRANCH / B-type [0m
[0;34mControlUnit: INFO: (@ 3129.0ns) Branching [0m
[0;37mControlUnit: DEBUG: (@ 3135.0ns) PC=00010490 - 00f000b7 / Imm20: 00f00 / Rd: 01 / LUI / U-type [0m
[0;37mControlUnit: DEBUG: (@ 3137.0ns) PC=00010494 - 00000013 / Imm12: 000 / Rs1: 00 / Funct3: 0 / Rd: 00 / ARITH / I-type [0m
[0;37mControlUnit: DEBUG: (@ 3139.0ns) PC=00010498 - 00000013 / Imm12: 000 / Rs1: 00 / Funct3: 0 / Rd: 00 / ARITH / I-type [0m
[0;37mControlUnit: DEBUG: (@ 3145.0ns) PC=0001049c - 00b00137 / Imm20: 00b00 / Rd: 02 / LUI / U-type [0m
[0;37mControlUnit: DEBUG: (@ 3147.0ns) PC=000104a0 - 0220a733 / Funct7: 01 / Rs2: 02 / Rs1: 01 / Funct3: 2 / Rd: 0e / MULDIV / R-type [0m
[0;37mControlUnit: DEBUG: (@ 3149.0ns) PC=000104a4 - 00120213 / Imm12: 001 / Rs1: 04 / Funct3: 0 / Rd: 04 / ARITH / I-type [0m
[0;37mControlUnit: DEBUG: (@ 3151.0ns) PC=000104a8 - 00200293 / Imm12: 002 / Rs1: 00 / Funct3: 0 / Rd: 05 / ARITH / I-type [0m
[0;37mControlUnit: DEBUG: (@ 3157.0ns) PC=000104ac - fe5212e3 / Imm12: ff2 / Rs2: 05 / Rs1: 04 / Funct3: 1 / BRANCH / B-type [0m
[0;37mControlUnit: DEBUG: (@ 3159.0ns) PC=000104b0 - 0000a3b7 / Imm20: 0000a / Rd: 07 / LUI / U-type [0m
[0;37mControlUnit: DEBUG: (@ 3161.0ns) PC=000104b4 - 50038393 / Imm12: 500 / Rs1: 07 / Funct3: 0 / Rd: 07 / ARITH / I-type [0m
[0;37mControlUnit: DEBUG: (@ 3163.0ns) PC=000104b8 - 01300193 / Imm12: 013 / Rs1: 00 / Funct3: 0 / Rd: 03 / ARITH / I-type [0m
[0;37mControlUnit: DEBUG: (@ 3169.0ns) PC=000104bc - 18771063 / Imm12: 0c0 / Rs2: 07 / Rs1: 0e / Funct3: 1 / BRANCH / B-type [0m
[0;37mControlUnit: DEBUG: (@ 3179.0ns) PC=000104c0 - 00000213 / Imm12: 000 / Rs1: 00 / Funct3: 0 / Rd: 04 / ARITH / I-type [0m
[0;37mControlUnit: DEBUG: (@ 3185.0ns) PC=000104c4 - 00b00137 / Imm20: 00b00 / Rd: 02 / LUI / U-type [0m
[0;37mControlUnit: DEBUG: (@ 3187.0ns) PC=000104c8 - 00d000b7 / Imm20: 00d00 / Rd: 01 / LUI / U-type [0m
[0;37mControlUnit: DEBUG: (@ 3189.0ns) PC=000104cc - 0220a733 / Funct7: 01 / Rs2: 02 / Rs1: 01 / Funct3: 2 / Rd: 0e / MULDIV / R-type [0m
[0;37mControlUnit: DEBUG: (@ 3203.0ns) PC=000104d0 - 00120213 / Imm12: 001 / Rs1: 04 / Funct3: 0 / Rd: 04 / ARITH / I-type [0m
[0;37mControlUnit: DEBUG: (@ 3205.0ns) PC=000104d4 - 00200293 / Imm12: 002 / Rs1: 00 / Funct3: 0 / Rd: 05 / ARITH / I-type [0m
[0;37mControlUnit: DEBUG: (@ 3211.0ns) PC=000104d8 - fe5216e3 / Imm12: ff6 / Rs2: 05 / Rs1: 04 / Funct3: 1 / BRANCH / B-type [0m
[0;34mControlUnit: INFO: (@ 3211.0ns) Branching [0m
[0;37mControlUnit: DEBUG: (@ 3217.0ns) PC=000104c4 - 00b00137 / Imm20: 00b00 / Rd: 02 / LUI / U-type [0m
[0;37mControlUnit: DEBUG: (@ 3219.0ns) PC=000104c8 - 00d000b7 / Imm20: 00d00 / Rd: 01 / LUI / U-type [0m
[0;37mControlUnit: DEBUG: (@ 3221.0ns) PC=000104cc - 0220a733 / Funct7: 01 / Rs2: 02 / Rs1: 01 / Funct3: 2 / Rd: 0e / MULDIV / R-type [0m
[0;37mControlUnit: DEBUG: (@ 3223.0ns) PC=000104d0 - 00120213 / Imm12: 001 / Rs1: 04 / Funct3: 0 / Rd: 04 / ARITH / I-type [0m
[0;37mControlUnit: DEBUG: (@ 3225.0ns) PC=000104d4 - 00200293 / Imm12: 002 / Rs1: 00 / Funct3: 0 / Rd: 05 / ARITH / I-type [0m
[0;37mControlUnit: DEBUG: (@ 3231.0ns) PC=000104d8 - fe5216e3 / Imm12: ff6 / Rs2: 05 / Rs1: 04 / Funct3: 1 / BRANCH / B-type [0m
[0;37mControlUnit: DEBUG: (@ 3233.0ns) PC=000104dc - 000093b7 / Imm20: 00009 / Rd: 07 / LUI / U-type [0m
[0;37mControlUnit: DEBUG: (@ 3235.0ns) PC=000104e0 - f0038393 / Imm12: f00 / Rs1: 07 / Funct3: 0 / Rd: 07 / ARITH / I-type [0m
[0;37mControlUnit: DEBUG: (@ 3237.0ns) PC=000104e4 - 01400193 / Imm12: 014 / Rs1: 00 / Funct3: 0 / Rd: 03 / ARITH / I-type [0m
[0;37mControlUnit: DEBUG: (@ 3243.0ns) PC=000104e8 - 14771a63 / Imm12: 0aa / Rs2: 07 / Rs1: 0e / Funct3: 1 / BRANCH / B-type [0m
[0;37mControlUnit: DEBUG: (@ 3245.0ns) PC=000104ec - 00000213 / Imm12: 000 / Rs1: 00 / Funct3: 0 / Rd: 04 / ARITH / I-type [0m
[0;37mControlUnit: DEBUG: (@ 3257.0ns) PC=000104f0 - 00b00137 / Imm20: 00b00 / Rd: 02 / LUI / U-type [0m
[0;37mControlUnit: DEBUG: (@ 3259.0ns) PC=000104f4 - 00e000b7 / Imm20: 00e00 / Rd: 01 / LUI / U-type [0m
[0;37mControlUnit: DEBUG: (@ 3261.0ns) PC=000104f8 - 00000013 / Imm12: 000 / Rs1: 00 / Funct3: 0 / Rd: 00 / ARITH / I-type [0m
[0;37mControlUnit: DEBUG: (@ 3263.0ns) PC=000104fc - 0220a733 / Funct7: 01 / Rs2: 02 / Rs1: 01 / Funct3: 2 / Rd: 0e / MULDIV / R-type [0m
[0;37mControlUnit: DEBUG: (@ 3283.0ns) PC=00010500 - 00120213 / Imm12: 001 / Rs1: 04 / Funct3: 0 / Rd: 04 / ARITH / I-type [0m
[0;37mControlUnit: DEBUG: (@ 3285.0ns) PC=00010504 - 00200293 / Imm12: 002 / Rs1: 00 / Funct3: 0 / Rd: 05 / ARITH / I-type [0m
[0;37mControlUnit: DEBUG: (@ 3291.0ns) PC=00010508 - fe5214e3 / Imm12: ff4 / Rs2: 05 / Rs1: 04 / Funct3: 1 / BRANCH / B-type [0m
[0;34mControlUnit: INFO: (@ 3291.0ns) Branching [0m
[0;37mControlUnit: DEBUG: (@ 3297.0ns) PC=000104f0 - 00b00137 / Imm20: 00b00 / Rd: 02 / LUI / U-type [0m
[0;37mControlUnit: DEBUG: (@ 3299.0ns) PC=000104f4 - 00e000b7 / Imm20: 00e00 / Rd: 01 / LUI / U-type [0m
[0;37mControlUnit: DEBUG: (@ 3301.0ns) PC=000104f8 - 00000013 / Imm12: 000 / Rs1: 00 / Funct3: 0 / Rd: 00 / ARITH / I-type [0m
[0;37mControlUnit: DEBUG: (@ 3303.0ns) PC=000104fc - 0220a733 / Funct7: 01 / Rs2: 02 / Rs1: 01 / Funct3: 2 / Rd: 0e / MULDIV / R-type [0m
[0;37mControlUnit: DEBUG: (@ 3305.0ns) PC=00010500 - 00120213 / Imm12: 001 / Rs1: 04 / Funct3: 0 / Rd: 04 / ARITH / I-type [0m
[0;37mControlUnit: DEBUG: (@ 3307.0ns) PC=00010504 - 00200293 / Imm12: 002 / Rs1: 00 / Funct3: 0 / Rd: 05 / ARITH / I-type [0m
[0;37mControlUnit: DEBUG: (@ 3313.0ns) PC=00010508 - fe5214e3 / Imm12: ff4 / Rs2: 05 / Rs1: 04 / Funct3: 1 / BRANCH / B-type [0m
[0;37mControlUnit: DEBUG: (@ 3315.0ns) PC=0001050c - 0000a3b7 / Imm20: 0000a / Rd: 07 / LUI / U-type [0m
[0;37mControlUnit: DEBUG: (@ 3317.0ns) PC=00010510 - a0038393 / Imm12: a00 / Rs1: 07 / Funct3: 0 / Rd: 07 / ARITH / I-type [0m
[0;37mControlUnit: DEBUG: (@ 3319.0ns) PC=00010514 - 01500193 / Imm12: 015 / Rs1: 00 / Funct3: 0 / Rd: 03 / ARITH / I-type [0m
[0;37mControlUnit: DEBUG: (@ 3325.0ns) PC=00010518 - 12771263 / Imm12: 092 / Rs2: 07 / Rs1: 0e / Funct3: 1 / BRANCH / B-type [0m
[0;37mControlUnit: DEBUG: (@ 3327.0ns) PC=0001051c - 00000213 / Imm12: 000 / Rs1: 00 / Funct3: 0 / Rd: 04 / ARITH / I-type [0m
[0;37mControlUnit: DEBUG: (@ 3337.0ns) PC=00010520 - 00b00137 / Imm20: 00b00 / Rd: 02 / LUI / U-type [0m
[0;37mControlUnit: DEBUG: (@ 3339.0ns) PC=00010524 - 00f000b7 / Imm20: 00f00 / Rd: 01 / LUI / U-type [0m
[0;37mControlUnit: DEBUG: (@ 3341.0ns) PC=00010528 - 00000013 / Imm12: 000 / Rs1: 00 / Funct3: 0 / Rd: 00 / ARITH / I-type [0m
[0;37mControlUnit: DEBUG: (@ 3343.0ns) PC=0001052c - 00000013 / Imm12: 000 / Rs1: 00 / Funct3: 0 / Rd: 00 / ARITH / I-type [0m
[0;37mControlUnit: DEBUG: (@ 3365.0ns) PC=00010530 - 0220a733 / Funct7: 01 / Rs2: 02 / Rs1: 01 / Funct3: 2 / Rd: 0e / MULDIV / R-type [0m
[0;37mControlUnit: DEBUG: (@ 3367.0ns) PC=00010534 - 00120213 / Imm12: 001 / Rs1: 04 / Funct3: 0 / Rd: 04 / ARITH / I-type [0m
[0;37mControlUnit: DEBUG: (@ 3369.0ns) PC=00010538 - 00200293 / Imm12: 002 / Rs1: 00 / Funct3: 0 / Rd: 05 / ARITH / I-type [0m
[0;37mControlUnit: DEBUG: (@ 3375.0ns) PC=0001053c - fe5212e3 / Imm12: ff2 / Rs2: 05 / Rs1: 04 / Funct3: 1 / BRANCH / B-type [0m
[0;34mControlUnit: INFO: (@ 3375.0ns) Branching [0m
[0;37mControlUnit: DEBUG: (@ 3381.0ns) PC=00010520 - 00b00137 / Imm20: 00b00 / Rd: 02 / LUI / U-type [0m
[0;37mControlUnit: DEBUG: (@ 3383.0ns) PC=00010524 - 00f000b7 / Imm20: 00f00 / Rd: 01 / LUI / U-type [0m
[0;37mControlUnit: DEBUG: (@ 3385.0ns) PC=00010528 - 00000013 / Imm12: 000 / Rs1: 00 / Funct3: 0 / Rd: 00 / ARITH / I-type [0m
[0;37mControlUnit: DEBUG: (@ 3387.0ns) PC=0001052c - 00000013 / Imm12: 000 / Rs1: 00 / Funct3: 0 / Rd: 00 / ARITH / I-type [0m
[0;37mControlUnit: DEBUG: (@ 3389.0ns) PC=00010530 - 0220a733 / Funct7: 01 / Rs2: 02 / Rs1: 01 / Funct3: 2 / Rd: 0e / MULDIV / R-type [0m
[0;37mControlUnit: DEBUG: (@ 3391.0ns) PC=00010534 - 00120213 / Imm12: 001 / Rs1: 04 / Funct3: 0 / Rd: 04 / ARITH / I-type [0m
[0;37mControlUnit: DEBUG: (@ 3393.0ns) PC=00010538 - 00200293 / Imm12: 002 / Rs1: 00 / Funct3: 0 / Rd: 05 / ARITH / I-type [0m
[0;37mControlUnit: DEBUG: (@ 3399.0ns) PC=0001053c - fe5212e3 / Imm12: ff2 / Rs2: 05 / Rs1: 04 / Funct3: 1 / BRANCH / B-type [0m
[0;37mControlUnit: DEBUG: (@ 3401.0ns) PC=00010540 - 0000a3b7 / Imm20: 0000a / Rd: 07 / LUI / U-type [0m
[0;37mControlUnit: DEBUG: (@ 3403.0ns) PC=00010544 - 50038393 / Imm12: 500 / Rs1: 07 / Funct3: 0 / Rd: 07 / ARITH / I-type [0m
[0;37mControlUnit: DEBUG: (@ 3405.0ns) PC=00010548 - 01600193 / Imm12: 016 / Rs1: 00 / Funct3: 0 / Rd: 03 / ARITH / I-type [0m
[0;37mControlUnit: DEBUG: (@ 3411.0ns) PC=0001054c - 0e771863 / Imm12: 078 / Rs2: 07 / Rs1: 0e / Funct3: 1 / BRANCH / B-type [0m
[0;37mControlUnit: DEBUG: (@ 3421.0ns) PC=00010550 - 00000213 / Imm12: 000 / Rs1: 00 / Funct3: 0 / Rd: 04 / ARITH / I-type [0m
[0;37mControlUnit: DEBUG: (@ 3427.0ns) PC=00010554 - 00b00137 / Imm20: 00b00 / Rd: 02 / LUI / U-type [0m
[0;37mControlUnit: DEBUG: (@ 3429.0ns) PC=00010558 - 00000013 / Imm12: 000 / Rs1: 00 / Funct3: 0 / Rd: 00 / ARITH / I-type [0m
[0;37mControlUnit: DEBUG: (@ 3435.0ns) PC=0001055c - 00d000b7 / Imm20: 00d00 / Rd: 01 / LUI / U-type [0m
[0;37mControlUnit: DEBUG: (@ 3447.0ns) PC=00010560 - 0220a733 / Funct7: 01 / Rs2: 02 / Rs1: 01 / Funct3: 2 / Rd: 0e / MULDIV / R-type [0m
[0;37mControlUnit: DEBUG: (@ 3449.0ns) PC=00010564 - 00120213 / Imm12: 001 / Rs1: 04 / Funct3: 0 / Rd: 04 / ARITH / I-type [0m
[0;37mControlUnit: DEBUG: (@ 3451.0ns) PC=00010568 - 00200293 / Imm12: 002 / Rs1: 00 / Funct3: 0 / Rd: 05 / ARITH / I-type [0m
[0;37mControlUnit: DEBUG: (@ 3457.0ns) PC=0001056c - fe5214e3 / Imm12: ff4 / Rs2: 05 / Rs1: 04 / Funct3: 1 / BRANCH / B-type [0m
[0;34mControlUnit: INFO: (@ 3457.0ns) Branching [0m
[0;37mControlUnit: DEBUG: (@ 3463.0ns) PC=00010554 - 00b00137 / Imm20: 00b00 / Rd: 02 / LUI / U-type [0m
[0;37mControlUnit: DEBUG: (@ 3465.0ns) PC=00010558 - 00000013 / Imm12: 000 / Rs1: 00 / Funct3: 0 / Rd: 00 / ARITH / I-type [0m
[0;37mControlUnit: DEBUG: (@ 3471.0ns) PC=0001055c - 00d000b7 / Imm20: 00d00 / Rd: 01 / LUI / U-type [0m
[0;37mControlUnit: DEBUG: (@ 3473.0ns) PC=00010560 - 0220a733 / Funct7: 01 / Rs2: 02 / Rs1: 01 / Funct3: 2 / Rd: 0e / MULDIV / R-type [0m
[0;37mControlUnit: DEBUG: (@ 3475.0ns) PC=00010564 - 00120213 / Imm12: 001 / Rs1: 04 / Funct3: 0 / Rd: 04 / ARITH / I-type [0m
[0;37mControlUnit: DEBUG: (@ 3477.0ns) PC=00010568 - 00200293 / Imm12: 002 / Rs1: 00 / Funct3: 0 / Rd: 05 / ARITH / I-type [0m
[0;37mControlUnit: DEBUG: (@ 3483.0ns) PC=0001056c - fe5214e3 / Imm12: ff4 / Rs2: 05 / Rs1: 04 / Funct3: 1 / BRANCH / B-type [0m
[0;37mControlUnit: DEBUG: (@ 3485.0ns) PC=00010570 - 000093b7 / Imm20: 00009 / Rd: 07 / LUI / U-type [0m
[0;37mControlUnit: DEBUG: (@ 3487.0ns) PC=00010574 - f0038393 / Imm12: f00 / Rs1: 07 / Funct3: 0 / Rd: 07 / ARITH / I-type [0m
[0;37mControlUnit: DEBUG: (@ 3489.0ns) PC=00010578 - 01700193 / Imm12: 017 / Rs1: 00 / Funct3: 0 / Rd: 03 / ARITH / I-type [0m
[0;37mControlUnit: DEBUG: (@ 3495.0ns) PC=0001057c - 0c771063 / Imm12: 060 / Rs2: 07 / Rs1: 0e / Funct3: 1 / BRANCH / B-type [0m
[0;37mControlUnit: DEBUG: (@ 3505.0ns) PC=00010580 - 00000213 / Imm12: 000 / Rs1: 00 / Funct3: 0 / Rd: 04 / ARITH / I-type [0m
[0;37mControlUnit: DEBUG: (@ 3511.0ns) PC=00010584 - 00b00137 / Imm20: 00b00 / Rd: 02 / LUI / U-type [0m
[0;37mControlUnit: DEBUG: (@ 3513.0ns) PC=00010588 - 00000013 / Imm12: 000 / Rs1: 00 / Funct3: 0 / Rd: 00 / ARITH / I-type [0m
[0;37mControlUnit: DEBUG: (@ 3519.0ns) PC=0001058c - 00e000b7 / Imm20: 00e00 / Rd: 01 / LUI / U-type [0m
[0;37mControlUnit: DEBUG: (@ 3531.0ns) PC=00010590 - 00000013 / Imm12: 000 / Rs1: 00 / Funct3: 0 / Rd: 00 / ARITH / I-type [0m
[0;37mControlUnit: DEBUG: (@ 3533.0ns) PC=00010594 - 0220a733 / Funct7: 01 / Rs2: 02 / Rs1: 01 / Funct3: 2 / Rd: 0e / MULDIV / R-type [0m
[0;37mControlUnit: DEBUG: (@ 3535.0ns) PC=00010598 - 00120213 / Imm12: 001 / Rs1: 04 / Funct3: 0 / Rd: 04 / ARITH / I-type [0m
[0;37mControlUnit: DEBUG: (@ 3537.0ns) PC=0001059c - 00200293 / Imm12: 002 / Rs1: 00 / Funct3: 0 / Rd: 05 / ARITH / I-type [0m
[0;37mControlUnit: DEBUG: (@ 3559.0ns) PC=000105a0 - fe5212e3 / Imm12: ff2 / Rs2: 05 / Rs1: 04 / Funct3: 1 / BRANCH / B-type [0m
[0;34mControlUnit: INFO: (@ 3559.0ns) Branching [0m
[0;37mControlUnit: DEBUG: (@ 3565.0ns) PC=00010584 - 00b00137 / Imm20: 00b00 / Rd: 02 / LUI / U-type [0m
[0;37mControlUnit: DEBUG: (@ 3567.0ns) PC=00010588 - 00000013 / Imm12: 000 / Rs1: 00 / Funct3: 0 / Rd: 00 / ARITH / I-type [0m
[0;37mControlUnit: DEBUG: (@ 3573.0ns) PC=0001058c - 00e000b7 / Imm20: 00e00 / Rd: 01 / LUI / U-type [0m
[0;37mControlUnit: DEBUG: (@ 3575.0ns) PC=00010590 - 00000013 / Imm12: 000 / Rs1: 00 / Funct3: 0 / Rd: 00 / ARITH / I-type [0m
[0;37mControlUnit: DEBUG: (@ 3577.0ns) PC=00010594 - 0220a733 / Funct7: 01 / Rs2: 02 / Rs1: 01 / Funct3: 2 / Rd: 0e / MULDIV / R-type [0m
[0;37mControlUnit: DEBUG: (@ 3579.0ns) PC=00010598 - 00120213 / Imm12: 001 / Rs1: 04 / Funct3: 0 / Rd: 04 / ARITH / I-type [0m
[0;37mControlUnit: DEBUG: (@ 3581.0ns) PC=0001059c - 00200293 / Imm12: 002 / Rs1: 00 / Funct3: 0 / Rd: 05 / ARITH / I-type [0m
[0;37mControlUnit: DEBUG: (@ 3587.0ns) PC=000105a0 - fe5212e3 / Imm12: ff2 / Rs2: 05 / Rs1: 04 / Funct3: 1 / BRANCH / B-type [0m
[0;37mControlUnit: DEBUG: (@ 3589.0ns) PC=000105a4 - 0000a3b7 / Imm20: 0000a / Rd: 07 / LUI / U-type [0m
[0;37mControlUnit: DEBUG: (@ 3591.0ns) PC=000105a8 - a0038393 / Imm12: a00 / Rs1: 07 / Funct3: 0 / Rd: 07 / ARITH / I-type [0m
[0;37mControlUnit: DEBUG: (@ 3593.0ns) PC=000105ac - 01800193 / Imm12: 018 / Rs1: 00 / Funct3: 0 / Rd: 03 / ARITH / I-type [0m
[0;37mControlUnit: DEBUG: (@ 3603.0ns) PC=000105b0 - 08771663 / Imm12: 046 / Rs2: 07 / Rs1: 0e / Funct3: 1 / BRANCH / B-type [0m
[0;37mControlUnit: DEBUG: (@ 3605.0ns) PC=000105b4 - 00000213 / Imm12: 000 / Rs1: 00 / Funct3: 0 / Rd: 04 / ARITH / I-type [0m
[0;37mControlUnit: DEBUG: (@ 3611.0ns) PC=000105b8 - 00b00137 / Imm20: 00b00 / Rd: 02 / LUI / U-type [0m
[0;37mControlUnit: DEBUG: (@ 3613.0ns) PC=000105bc - 00000013 / Imm12: 000 / Rs1: 00 / Funct3: 0 / Rd: 00 / ARITH / I-type [0m
[0;37mControlUnit: DEBUG: (@ 3627.0ns) PC=000105c0 - 00000013 / Imm12: 000 / Rs1: 00 / Funct3: 0 / Rd: 00 / ARITH / I-type [0m
[0;37mControlUnit: DEBUG: (@ 3633.0ns) PC=000105c4 - 00f000b7 / Imm20: 00f00 / Rd: 01 / LUI / U-type [0m
[0;37mControlUnit: DEBUG: (@ 3635.0ns) PC=000105c8 - 0220a733 / Funct7: 01 / Rs2: 02 / Rs1: 01 / Funct3: 2 / Rd: 0e / MULDIV / R-type [0m
[0;37mControlUnit: DEBUG: (@ 3637.0ns) PC=000105cc - 00120213 / Imm12: 001 / Rs1: 04 / Funct3: 0 / Rd: 04 / ARITH / I-type [0m
[0;37mControlUnit: DEBUG: (@ 3651.0ns) PC=000105d0 - 00200293 / Imm12: 002 / Rs1: 00 / Funct3: 0 / Rd: 05 / ARITH / I-type [0m
[0;37mControlUnit: DEBUG: (@ 3657.0ns) PC=000105d4 - fe5212e3 / Imm12: ff2 / Rs2: 05 / Rs1: 04 / Funct3: 1 / BRANCH / B-type [0m
[0;34mControlUnit: INFO: (@ 3657.0ns) Branching [0m
[0;37mControlUnit: DEBUG: (@ 3663.0ns) PC=000105b8 - 00b00137 / Imm20: 00b00 / Rd: 02 / LUI / U-type [0m
[0;37mControlUnit: DEBUG: (@ 3665.0ns) PC=000105bc - 00000013 / Imm12: 000 / Rs1: 00 / Funct3: 0 / Rd: 00 / ARITH / I-type [0m
[0;37mControlUnit: DEBUG: (@ 3667.0ns) PC=000105c0 - 00000013 / Imm12: 000 / Rs1: 00 / Funct3: 0 / Rd: 00 / ARITH / I-type [0m
[0;37mControlUnit: DEBUG: (@ 3673.0ns) PC=000105c4 - 00f000b7 / Imm20: 00f00 / Rd: 01 / LUI / U-type [0m
[0;37mControlUnit: DEBUG: (@ 3675.0ns) PC=000105c8 - 0220a733 / Funct7: 01 / Rs2: 02 / Rs1: 01 / Funct3: 2 / Rd: 0e / MULDIV / R-type [0m
[0;37mControlUnit: DEBUG: (@ 3677.0ns) PC=000105cc - 00120213 / Imm12: 001 / Rs1: 04 / Funct3: 0 / Rd: 04 / ARITH / I-type [0m
[0;37mControlUnit: DEBUG: (@ 3679.0ns) PC=000105d0 - 00200293 / Imm12: 002 / Rs1: 00 / Funct3: 0 / Rd: 05 / ARITH / I-type [0m
[0;37mControlUnit: DEBUG: (@ 3685.0ns) PC=000105d4 - fe5212e3 / Imm12: ff2 / Rs2: 05 / Rs1: 04 / Funct3: 1 / BRANCH / B-type [0m
[0;37mControlUnit: DEBUG: (@ 3687.0ns) PC=000105d8 - 0000a3b7 / Imm20: 0000a / Rd: 07 / LUI / U-type [0m
[0;37mControlUnit: DEBUG: (@ 3689.0ns) PC=000105dc - 50038393 / Imm12: 500 / Rs1: 07 / Funct3: 0 / Rd: 07 / ARITH / I-type [0m
[0;37mControlUnit: DEBUG: (@ 3691.0ns) PC=000105e0 - 01900193 / Imm12: 019 / Rs1: 00 / Funct3: 0 / Rd: 03 / ARITH / I-type [0m
[0;37mControlUnit: DEBUG: (@ 3697.0ns) PC=000105e4 - 04771c63 / Imm12: 02c / Rs2: 07 / Rs1: 0e / Funct3: 1 / BRANCH / B-type [0m
[0;37mControlUnit: DEBUG: (@ 3699.0ns) PC=000105e8 - 7c0000b7 / Imm20: 7c000 / Rd: 01 / LUI / U-type [0m
[0;37mControlUnit: DEBUG: (@ 3701.0ns) PC=000105ec - 02102133 / Funct7: 01 / Rs2: 01 / Rs1: 00 / Funct3: 2 / Rd: 02 / MULDIV / R-type [0m
[0;37mControlUnit: DEBUG: (@ 3713.0ns) PC=000105f0 - 00000393 / Imm12: 000 / Rs1: 00 / Funct3: 0 / Rd: 07 / ARITH / I-type [0m
[0;37mControlUnit: DEBUG: (@ 3715.0ns) PC=000105f4 - 01a00193 / Imm12: 01a / Rs1: 00 / Funct3: 0 / Rd: 03 / ARITH / I-type [0m
[0;37mControlUnit: DEBUG: (@ 3721.0ns) PC=000105f8 - 04711263 / Imm12: 022 / Rs2: 07 / Rs1: 02 / Funct3: 1 / BRANCH / B-type [0m
[0;37mControlUnit: DEBUG: (@ 3723.0ns) PC=000105fc - 800000b7 / Imm20: 80000 / Rd: 01 / LUI / U-type [0m
[0;37mControlUnit: DEBUG: (@ 3739.0ns) PC=00010600 - 0200a133 / Funct7: 01 / Rs2: 00 / Rs1: 01 / Funct3: 2 / Rd: 02 / MULDIV / R-type [0m
[0;37mControlUnit: DEBUG: (@ 3741.0ns) PC=00010604 - 00000393 / Imm12: 000 / Rs1: 00 / Funct3: 0 / Rd: 07 / ARITH / I-type [0m
[0;37mControlUnit: DEBUG: (@ 3743.0ns) PC=00010608 - 01b00193 / Imm12: 01b / Rs1: 00 / Funct3: 0 / Rd: 03 / ARITH / I-type [0m
[0;37mControlUnit: DEBUG: (@ 3749.0ns) PC=0001060c - 02711863 / Imm12: 018 / Rs2: 07 / Rs1: 02 / Funct3: 1 / BRANCH / B-type [0m
[0;37mControlUnit: DEBUG: (@ 3767.0ns) PC=00010610 - 020020b3 / Funct7: 01 / Rs2: 00 / Rs1: 00 / Funct3: 2 / Rd: 01 / MULDIV / R-type [0m
[0;37mControlUnit: DEBUG: (@ 3769.0ns) PC=00010614 - 00000393 / Imm12: 000 / Rs1: 00 / Funct3: 0 / Rd: 07 / ARITH / I-type [0m
[0;37mControlUnit: DEBUG: (@ 3771.0ns) PC=00010618 - 01c00193 / Imm12: 01c / Rs1: 00 / Funct3: 0 / Rd: 03 / ARITH / I-type [0m
[0;37mControlUnit: DEBUG: (@ 3777.0ns) PC=0001061c - 02709063 / Imm12: 010 / Rs2: 07 / Rs1: 01 / Funct3: 1 / BRANCH / B-type [0m
[0;37mControlUnit: DEBUG: (@ 3797.0ns) PC=00010620 - 021000b7 / Imm20: 02100 / Rd: 01 / LUI / U-type [0m
[0;37mControlUnit: DEBUG: (@ 3799.0ns) PC=00010624 - 02200137 / Imm20: 02200 / Rd: 02 / LUI / U-type [0m
[0;37mControlUnit: DEBUG: (@ 3801.0ns) PC=00010628 - 0220a033 / Funct7: 01 / Rs2: 02 / Rs1: 01 / Funct3: 2 / Rd: 00 / MULDIV / R-type [0m
[0;37mControlUnit: DEBUG: (@ 3803.0ns) PC=0001062c - 00000393 / Imm12: 000 / Rs1: 00 / Funct3: 0 / Rd: 07 / ARITH / I-type [0m
[0;37mControlUnit: DEBUG: (@ 3821.0ns) PC=00010630 - 01d00193 / Imm12: 01d / Rs1: 00 / Funct3: 0 / Rd: 03 / ARITH / I-type [0m
[0;37mControlUnit: DEBUG: (@ 3827.0ns) PC=00010634 - 00701463 / Imm12: 004 / Rs2: 07 / Rs1: 00 / Funct3: 1 / BRANCH / B-type [0m
[0;37mControlUnit: DEBUG: (@ 3829.0ns) PC=00010638 - 02301263 / Imm12: 012 / Rs2: 03 / Rs1: 00 / Funct3: 1 / BRANCH / B-type [0m
[0;34mControlUnit: INFO: (@ 3829.0ns) Branching [0m
[0;37mControlUnit: DEBUG: (@ 3863.0ns) PC=0001065c - 0ff0000f / Imm12: 000 / Rs1: 00 / Funct3: 0 / Rd: 00 / FENCE / I-type [0m
[0;37mControlUnit: DEBUG: (@ 3881.0ns) PC=00010660 - 00100193 / Imm12: 001 / Rs1: 00 / Funct3: 0 / Rd: 03 / ARITH / I-type [0m
[0;37mControlUnit: DEBUG: (@ 3883.0ns) PC=00010664 - 05d00893 / Imm12: 05d / Rs1: 00 / Funct3: 0 / Rd: 11 / ARITH / I-type [0m
[0;37mControlUnit: DEBUG: (@ 3885.0ns) PC=00010668 - 00000513 / Imm12: 000 / Rs1: 00 / Funct3: 0 / Rd: 0a / ARITH / I-type [0m
[0;37mControlUnit: DEBUG: (@ 3891.0ns) PC=0001066c - 00100073 / Imm12: 001 / Rs1: 00 / Funct3: 0 / Rd: 00 / EBREAK - I-type [0m
[0;34mControlUnit: INFO: (@ 3891.0ns) EBREAK -> Stop the processor [0m

[0;34mINFO: PC=0x1066c (@ 3893.0ns) (friscv_testbench.sv:803)[0m
[0;34mINFO: X31=0x0 (@ 3893.0ns) (friscv_testbench.sv:809)[0m
[0;34mINFO: Halt on EBREAK (@ 3893.0ns) (friscv_testbench.sv:816)[0m
[0;34mINFO: Halt on MRET (@ 3893.0ns) (friscv_testbench.sv:817)[0m
pc:       0001066c	x16/a6:   00000000
x1/ra:    02100000	x17/a7:   0000005d
x2/sp:    02200000	x18/s2:   00000000
x3/gp:    00000001	x19/s3:   00000000
x4/tp:    00000002	x20/s4:   00000000
x5/t0:    00000002	x21/s5:   00000000
x6/t1:    0000a500	x22/s6:   00000000
x7/t2:    00000000	x23/s7:   00000000
x8/s0/fp: 00000000	x24/s8:   00000000
x9/s1:    00000000	x25/s9:   00000000
x10/a0:   00000000	x26/s10:  00000000
x11/a1:   00000000	x27/s11:  00000000
x12/a2:   00000000	x28/t3:   00000000
x13/a3:   00000000	x29/t4:   00000000
x14/a4:   0000a500	x30/t5:   00000000
x15/a5:   00000000	x31/t6:   00000000
[0;32mSUCCESS: << Test 0: rv32ui-p-add >> pass (@ 3893.0ns) (friscv_testbench.sv:906)[0m

[0;34mINFO: Stop testsuite 'FRISCV Testbench' (@ 3893.0ns) (friscv_testbench.sv:908)[0m
  [1;33m- Warning number:  0[0m
  [1;35m- Critical number: 0[0m
  [1;31m- Error number:    0[0m
  [0;32m- STATUS: 1/1 test(s) passed[0m

friscv_testbench.sv:930: $finish called at 3893000 (1ps)

SVUT (@ 18:39:41) Stop friscv_testbench.sv

SVUT (@ 18:39:41) Elapsed time: 0:00:08.171373


[0;34mINFO: Execute ./tests/rv32um-p-mulhu.v[0m
Sources didn't change, will not compile the testbench
  - Config file:      config.cfg
  - BOOT_ADDR:        65536
  - TIMEOUT:          100000
  - MIN_PC:           65908
  - TB_CHOICE:        1 (0=CORE, 1=PLATFORM)
  - TCNAME:           rv32um-p-mulhu
  - SIMULATOR:        icarus
  - NO_VCD:           1
  - INTERACTIVE:      0
  - RAM_MODE:         compliance

       ______    ____  ________
      / ___/ |  / / / / /_  __/
      \__ \| | / / / / / / /  
     ___/ /| |/ / /_/ / / /   
    /____/ |___/\____/ /_/

    v1.10.0

SVUT (@ 18:39:42) Run with Icarus Verilog

SVUT (@ 18:39:42) Start friscv_testbench.sv

SVUT (@ 18:39:42) vvp svut.out 
WARNING: ../common/axi4l_ram.sv:112: $readmemh(test.v): Not enough words in the file for the requested range [0:268435455].
[0;34mINFO: No VCD trace will be created (@ 0) (friscv_testbench.sv:769)[0m
[0;34mINFO: Boot address: 0x00010000 (@ 0.0ns) (friscv_testbench.sv:794)[0m

[0;34mINFO: Start testsuite << FRISCV Testbench >> (@ 0.0ns) (friscv_testbench.sv:896)[0m

[0;34mINFO: Starting << Test 0: rv32ui-p-add >> (@ 0.0ns) (friscv_testbench.sv:898)[0m
[0;34mControlUnit: INFO: (@ 1037.0ns) IDLE -> Boot the processor [0m
[0;34mControlUnit: INFO: (@ 1065.0ns) JAL [0m
[0;37mControlUnit: DEBUG: (@ 1065.0ns) PC=00010000 - 0480006f / Imm20: 00024 / rd: 00  / JAL / J-type [0m
[0;37mControlUnit: DEBUG: (@ 1093.0ns) PC=00010048 - 00000093 / Imm12: 000 / Rs1: 00 / Funct3: 0 / Rd: 01 / ARITH / I-type [0m
[0;37mControlUnit: DEBUG: (@ 1095.0ns) PC=0001004c - 00000113 / Imm12: 000 / Rs1: 00 / Funct3: 0 / Rd: 02 / ARITH / I-type [0m
[0;37mControlUnit: DEBUG: (@ 1113.0ns) PC=00010050 - 00000193 / Imm12: 000 / Rs1: 00 / Funct3: 0 / Rd: 03 / ARITH / I-type [0m
[0;37mControlUnit: DEBUG: (@ 1115.0ns) PC=00010054 - 00000213 / Imm12: 000 / Rs1: 00 / Funct3: 0 / Rd: 04 / ARITH / I-type [0m
[0;37mControlUnit: DEBUG: (@ 1117.0ns) PC=00010058 - 00000293 / Imm12: 000 / Rs1: 00 / Funct3: 0 / Rd: 05 / ARITH / I-type [0m
[0;37mControlUnit: DEBUG: (@ 1119.0ns) PC=0001005c - 00000313 / Imm12: 000 / Rs1: 00 / Funct3: 0 / Rd: 06 / ARITH / I-type [0m
[0;37mControlUnit: DEBUG: (@ 1137.0ns) PC=00010060 - 00000393 / Imm12: 000 / Rs1: 00 / Funct3: 0 / Rd: 07 / ARITH / I-type [0m
[0;37mControlUnit: DEBUG: (@ 1139.0ns) PC=00010064 - 00000413 / Imm12: 000 / Rs1: 00 / Funct3: 0 / Rd: 08 / ARITH / I-type [0m
[0;37mControlUnit: DEBUG: (@ 1141.0ns) PC=00010068 - 00000493 / Imm12: 000 / Rs1: 00 / Funct3: 0 / Rd: 09 / ARITH / I-type [0m
[0;37mControlUnit: DEBUG: (@ 1143.0ns) PC=0001006c - 00000513 / Imm12: 000 / Rs1: 00 / Funct3: 0 / Rd: 0a / ARITH / I-type [0m
[0;37mControlUnit: DEBUG: (@ 1161.0ns) PC=00010070 - 00000593 / Imm12: 000 / Rs1: 00 / Funct3: 0 / Rd: 0b / ARITH / I-type [0m
[0;37mControlUnit: DEBUG: (@ 1163.0ns) PC=00010074 - 00000613 / Imm12: 000 / Rs1: 00 / Funct3: 0 / Rd: 0c / ARITH / I-type [0m
[0;37mControlUnit: DEBUG: (@ 1165.0ns) PC=00010078 - 00000693 / Imm12: 000 / Rs1: 00 / Funct3: 0 / Rd: 0d / ARITH / I-type [0m
[0;37mControlUnit: DEBUG: (@ 1167.0ns) PC=0001007c - 00000713 / Imm12: 000 / Rs1: 00 / Funct3: 0 / Rd: 0e / ARITH / I-type [0m
[0;37mControlUnit: DEBUG: (@ 1185.0ns) PC=00010080 - 00000793 / Imm12: 000 / Rs1: 00 / Funct3: 0 / Rd: 0f / ARITH / I-type [0m
[0;37mControlUnit: DEBUG: (@ 1187.0ns) PC=00010084 - 00000813 / Imm12: 000 / Rs1: 00 / Funct3: 0 / Rd: 10 / ARITH / I-type [0m
[0;37mControlUnit: DEBUG: (@ 1189.0ns) PC=00010088 - 00000893 / Imm12: 000 / Rs1: 00 / Funct3: 0 / Rd: 11 / ARITH / I-type [0m
[0;37mControlUnit: DEBUG: (@ 1191.0ns) PC=0001008c - 00000913 / Imm12: 000 / Rs1: 00 / Funct3: 0 / Rd: 12 / ARITH / I-type [0m
[0;37mControlUnit: DEBUG: (@ 1209.0ns) PC=00010090 - 00000993 / Imm12: 000 / Rs1: 00 / Funct3: 0 / Rd: 13 / ARITH / I-type [0m
[0;37mControlUnit: DEBUG: (@ 1211.0ns) PC=00010094 - 00000a13 / Imm12: 000 / Rs1: 00 / Funct3: 0 / Rd: 14 / ARITH / I-type [0m
[0;37mControlUnit: DEBUG: (@ 1213.0ns) PC=00010098 - 00000a93 / Imm12: 000 / Rs1: 00 / Funct3: 0 / Rd: 15 / ARITH / I-type [0m
[0;37mControlUnit: DEBUG: (@ 1215.0ns) PC=0001009c - 00000b13 / Imm12: 000 / Rs1: 00 / Funct3: 0 / Rd: 16 / ARITH / I-type [0m
[0;37mControlUnit: DEBUG: (@ 1235.0ns) PC=000100a0 - 00000b93 / Imm12: 000 / Rs1: 00 / Funct3: 0 / Rd: 17 / ARITH / I-type [0m
[0;37mControlUnit: DEBUG: (@ 1237.0ns) PC=000100a4 - 00000c13 / Imm12: 000 / Rs1: 00 / Funct3: 0 / Rd: 18 / ARITH / I-type [0m
[0;37mControlUnit: DEBUG: (@ 1239.0ns) PC=000100a8 - 00000c93 / Imm12: 000 / Rs1: 00 / Funct3: 0 / Rd: 19 / ARITH / I-type [0m
[0;37mControlUnit: DEBUG: (@ 1241.0ns) PC=000100ac - 00000d13 / Imm12: 000 / Rs1: 00 / Funct3: 0 / Rd: 1a / ARITH / I-type [0m
[0;37mControlUnit: DEBUG: (@ 1263.0ns) PC=000100b0 - 00000d93 / Imm12: 000 / Rs1: 00 / Funct3: 0 / Rd: 1b / ARITH / I-type [0m
[0;37mControlUnit: DEBUG: (@ 1265.0ns) PC=000100b4 - 00000e13 / Imm12: 000 / Rs1: 00 / Funct3: 0 / Rd: 1c / ARITH / I-type [0m
[0;37mControlUnit: DEBUG: (@ 1267.0ns) PC=000100b8 - 00000e93 / Imm12: 000 / Rs1: 00 / Funct3: 0 / Rd: 1d / ARITH / I-type [0m
[0;37mControlUnit: DEBUG: (@ 1269.0ns) PC=000100bc - 00000f13 / Imm12: 000 / Rs1: 00 / Funct3: 0 / Rd: 1e / ARITH / I-type [0m
[0;37mControlUnit: DEBUG: (@ 1287.0ns) PC=000100c0 - 00000f93 / Imm12: 000 / Rs1: 00 / Funct3: 0 / Rd: 1f / ARITH / I-type [0m
[0;37mControlUnit: DEBUG: (@ 1293.0ns) PC=000100c4 - f1402573 / Csr: f14 / Rs1: 00 / Funct3: 2 / Rd: 0a / CSR / I-type [0m
[0;37mControlUnit: DEBUG: (@ 1295.0ns) PC=000100c8 - 00051063 / Imm12: 000 / Rs2: 00 / Rs1: 0a / Funct3: 1 / BRANCH / B-type [0m
[0;37mControlUnit: DEBUG: (@ 1297.0ns) PC=000100cc - 00000297 / Imm20: 00000 / Rd: 05 / AUIPC / U-type [0m
[0;37mControlUnit: DEBUG: (@ 1311.0ns) PC=000100d0 - 01028293 / Imm12: 010 / Rs1: 05 / Funct3: 0 / Rd: 05 / ARITH / I-type [0m
[0;37mControlUnit: DEBUG: (@ 1317.0ns) PC=000100d4 - 30529073 / Csr: 305 / Rs1: 05 / Funct3: 1 / Rd: 00 / CSR / I-type [0m
[0;37mControlUnit: DEBUG: (@ 1319.0ns) PC=000100d8 - 18005073 / Csr: 180 / Rs1: 00 / Funct3: 5 / Rd: 00 / CSR / I-type [0m
[0;37mControlUnit: DEBUG: (@ 1321.0ns) PC=000100dc - 00000297 / Imm20: 00000 / Rd: 05 / AUIPC / U-type [0m
[0;37mControlUnit: DEBUG: (@ 1337.0ns) PC=000100e0 - 02028293 / Imm12: 020 / Rs1: 05 / Funct3: 0 / Rd: 05 / ARITH / I-type [0m
[0;37mControlUnit: DEBUG: (@ 1343.0ns) PC=000100e4 - 30529073 / Csr: 305 / Rs1: 05 / Funct3: 1 / Rd: 00 / CSR / I-type [0m
[0;37mControlUnit: DEBUG: (@ 1345.0ns) PC=000100e8 - 800002b7 / Imm20: 80000 / Rd: 05 / LUI / U-type [0m
[0;37mControlUnit: DEBUG: (@ 1347.0ns) PC=000100ec - fff28293 / Imm12: fff / Rs1: 05 / Funct3: 0 / Rd: 05 / ARITH / I-type [0m
[0;37mControlUnit: DEBUG: (@ 1365.0ns) PC=000100f0 - 3b029073 / Csr: 3b0 / Rs1: 05 / Funct3: 1 / Rd: 00 / CSR / I-type [0m
[0;37mControlUnit: DEBUG: (@ 1367.0ns) PC=000100f4 - 01f00293 / Imm12: 01f / Rs1: 00 / Funct3: 0 / Rd: 05 / ARITH / I-type [0m
[0;37mControlUnit: DEBUG: (@ 1373.0ns) PC=000100f8 - 3a029073 / Csr: 3a0 / Rs1: 05 / Funct3: 1 / Rd: 00 / CSR / I-type [0m
[0;37mControlUnit: DEBUG: (@ 1375.0ns) PC=000100fc - 30405073 / Csr: 304 / Rs1: 00 / Funct3: 5 / Rd: 00 / CSR / I-type [0m
[0;37mControlUnit: DEBUG: (@ 1395.0ns) PC=00010100 - 00000297 / Imm20: 00000 / Rd: 05 / AUIPC / U-type [0m
[0;37mControlUnit: DEBUG: (@ 1397.0ns) PC=00010104 - 01428293 / Imm12: 014 / Rs1: 05 / Funct3: 0 / Rd: 05 / ARITH / I-type [0m
[0;37mControlUnit: DEBUG: (@ 1403.0ns) PC=00010108 - 30529073 / Csr: 305 / Rs1: 05 / Funct3: 1 / Rd: 00 / CSR / I-type [0m
[0;37mControlUnit: DEBUG: (@ 1405.0ns) PC=0001010c - 30205073 / Csr: 302 / Rs1: 00 / Funct3: 5 / Rd: 00 / CSR / I-type [0m
[0;37mControlUnit: DEBUG: (@ 1427.0ns) PC=00010110 - 30305073 / Csr: 303 / Rs1: 00 / Funct3: 5 / Rd: 00 / CSR / I-type [0m
[0;37mControlUnit: DEBUG: (@ 1429.0ns) PC=00010114 - 00000193 / Imm12: 000 / Rs1: 00 / Funct3: 0 / Rd: 03 / ARITH / I-type [0m
[0;37mControlUnit: DEBUG: (@ 1435.0ns) PC=00010118 - 00000297 / Imm20: 00000 / Rd: 05 / AUIPC / U-type [0m
[0;37mControlUnit: DEBUG: (@ 1437.0ns) PC=0001011c - eec28293 / Imm12: eec / Rs1: 05 / Funct3: 0 / Rd: 05 / ARITH / I-type [0m
[0;37mControlUnit: DEBUG: (@ 1461.0ns) PC=00010120 - 30529073 / Csr: 305 / Rs1: 05 / Funct3: 1 / Rd: 00 / CSR / I-type [0m
[0;37mControlUnit: DEBUG: (@ 1463.0ns) PC=00010124 - 00100513 / Imm12: 001 / Rs1: 00 / Funct3: 0 / Rd: 0a / ARITH / I-type [0m
[0;37mControlUnit: DEBUG: (@ 1465.0ns) PC=00010128 - 01f51513 / Imm12: 01f / Rs1: 0a / Funct3: 1 / Rd: 0a / ARITH / I-type [0m
[0;37mControlUnit: DEBUG: (@ 1471.0ns) PC=0001012c - 00054c63 / Imm12: 00c / Rs2: 00 / Rs1: 0a / Funct3: 4 / BRANCH / B-type [0m
[0;34mControlUnit: INFO: (@ 1471.0ns) Branching [0m
[0;37mControlUnit: DEBUG: (@ 1535.0ns) PC=00010144 - 00000293 / Imm12: 000 / Rs1: 00 / Funct3: 0 / Rd: 05 / ARITH / I-type [0m
[0;37mControlUnit: DEBUG: (@ 1541.0ns) PC=00010148 - 00028a63 / Imm12: 00a / Rs2: 00 / Rs1: 05 / Funct3: 0 / BRANCH / B-type [0m
[0;34mControlUnit: INFO: (@ 1541.0ns) Branching [0m
[0;37mControlUnit: DEBUG: (@ 1575.0ns) PC=0001015c - 30005073 / Csr: 300 / Rs1: 00 / Funct3: 5 / Rd: 00 / CSR / I-type [0m
[0;37mControlUnit: DEBUG: (@ 1617.0ns) PC=00010160 - 00000297 / Imm20: 00000 / Rd: 05 / AUIPC / U-type [0m
[0;37mControlUnit: DEBUG: (@ 1619.0ns) PC=00010164 - 01428293 / Imm12: 014 / Rs1: 05 / Funct3: 0 / Rd: 05 / ARITH / I-type [0m
[0;37mControlUnit: DEBUG: (@ 1625.0ns) PC=00010168 - 34129073 / Csr: 341 / Rs1: 05 / Funct3: 1 / Rd: 00 / CSR / I-type [0m
[0;37mControlUnit: DEBUG: (@ 1627.0ns) PC=0001016c - f1402573 / Csr: f14 / Rs1: 00 / Funct3: 2 / Rd: 0a / CSR / I-type [0m
[0;37mControlUnit: DEBUG: (@ 1661.0ns) PC=00010170 - 30200073 / Csr: 302 / Rs1: 00 / Funct3: 0 / Rd: 00 / MRET - I-type [0m
[0;34mControlUnit: INFO: (@ 1661.0ns) MRET -> Machine Return [0m
[0;37mControlUnit: DEBUG: (@ 1667.0ns) PC=00010174 - 00000093 / Imm12: 000 / Rs1: 00 / Funct3: 0 / Rd: 01 / ARITH / I-type [0m
[0;37mControlUnit: DEBUG: (@ 1669.0ns) PC=00010178 - 00000113 / Imm12: 000 / Rs1: 00 / Funct3: 0 / Rd: 02 / ARITH / I-type [0m
[0;37mControlUnit: DEBUG: (@ 1671.0ns) PC=0001017c - 0220b733 / Funct7: 01 / Rs2: 02 / Rs1: 01 / Funct3: 3 / Rd: 0e / MULDIV / R-type [0m
[0;37mControlUnit: DEBUG: (@ 1707.0ns) PC=00010180 - 00000393 / Imm12: 000 / Rs1: 00 / Funct3: 0 / Rd: 07 / ARITH / I-type [0m
[0;37mControlUnit: DEBUG: (@ 1709.0ns) PC=00010184 - 00200193 / Imm12: 002 / Rs1: 00 / Funct3: 0 / Rd: 03 / ARITH / I-type [0m
[0;37mControlUnit: DEBUG: (@ 1715.0ns) PC=00010188 - 4a771a63 / Imm12: 25a / Rs2: 07 / Rs1: 0e / Funct3: 1 / BRANCH / B-type [0m
[0;37mControlUnit: DEBUG: (@ 1717.0ns) PC=0001018c - 00100093 / Imm12: 001 / Rs1: 00 / Funct3: 0 / Rd: 01 / ARITH / I-type [0m
[0;37mControlUnit: DEBUG: (@ 1755.0ns) PC=00010190 - 00100113 / Imm12: 001 / Rs1: 00 / Funct3: 0 / Rd: 02 / ARITH / I-type [0m
[0;37mControlUnit: DEBUG: (@ 1757.0ns) PC=00010194 - 0220b733 / Funct7: 01 / Rs2: 02 / Rs1: 01 / Funct3: 3 / Rd: 0e / MULDIV / R-type [0m
[0;37mControlUnit: DEBUG: (@ 1759.0ns) PC=00010198 - 00000393 / Imm12: 000 / Rs1: 00 / Funct3: 0 / Rd: 07 / ARITH / I-type [0m
[0;37mControlUnit: DEBUG: (@ 1761.0ns) PC=0001019c - 00300193 / Imm12: 003 / Rs1: 00 / Funct3: 0 / Rd: 03 / ARITH / I-type [0m
[0;37mControlUnit: DEBUG: (@ 1805.0ns) PC=000101a0 - 48771e63 / Imm12: 24e / Rs2: 07 / Rs1: 0e / Funct3: 1 / BRANCH / B-type [0m
[0;37mControlUnit: DEBUG: (@ 1807.0ns) PC=000101a4 - 00300093 / Imm12: 003 / Rs1: 00 / Funct3: 0 / Rd: 01 / ARITH / I-type [0m
[0;37mControlUnit: DEBUG: (@ 1809.0ns) PC=000101a8 - 00700113 / Imm12: 007 / Rs1: 00 / Funct3: 0 / Rd: 02 / ARITH / I-type [0m
[0;37mControlUnit: DEBUG: (@ 1811.0ns) PC=000101ac - 0220b733 / Funct7: 01 / Rs2: 02 / Rs1: 01 / Funct3: 3 / Rd: 0e / MULDIV / R-type [0m
[0;37mControlUnit: DEBUG: (@ 1829.0ns) PC=000101b0 - 00000393 / Imm12: 000 / Rs1: 00 / Funct3: 0 / Rd: 07 / ARITH / I-type [0m
[0;37mControlUnit: DEBUG: (@ 1831.0ns) PC=000101b4 - 00400193 / Imm12: 004 / Rs1: 00 / Funct3: 0 / Rd: 03 / ARITH / I-type [0m
[0;37mControlUnit: DEBUG: (@ 1837.0ns) PC=000101b8 - 48771263 / Imm12: 242 / Rs2: 07 / Rs1: 0e / Funct3: 1 / BRANCH / B-type [0m
[0;37mControlUnit: DEBUG: (@ 1839.0ns) PC=000101bc - 00000093 / Imm12: 000 / Rs1: 00 / Funct3: 0 / Rd: 01 / ARITH / I-type [0m
[0;37mControlUnit: DEBUG: (@ 1853.0ns) PC=000101c0 - ffff8137 / Imm20: ffff8 / Rd: 02 / LUI / U-type [0m
[0;37mControlUnit: DEBUG: (@ 1855.0ns) PC=000101c4 - 0220b733 / Funct7: 01 / Rs2: 02 / Rs1: 01 / Funct3: 3 / Rd: 0e / MULDIV / R-type [0m
[0;37mControlUnit: DEBUG: (@ 1857.0ns) PC=000101c8 - 00000393 / Imm12: 000 / Rs1: 00 / Funct3: 0 / Rd: 07 / ARITH / I-type [0m
[0;37mControlUnit: DEBUG: (@ 1859.0ns) PC=000101cc - 00500193 / Imm12: 005 / Rs1: 00 / Funct3: 0 / Rd: 03 / ARITH / I-type [0m
[0;37mControlUnit: DEBUG: (@ 1879.0ns) PC=000101d0 - 46771663 / Imm12: 236 / Rs2: 07 / Rs1: 0e / Funct3: 1 / BRANCH / B-type [0m
[0;37mControlUnit: DEBUG: (@ 1881.0ns) PC=000101d4 - 800000b7 / Imm20: 80000 / Rd: 01 / LUI / U-type [0m
[0;37mControlUnit: DEBUG: (@ 1883.0ns) PC=000101d8 - 00000113 / Imm12: 000 / Rs1: 00 / Funct3: 0 / Rd: 02 / ARITH / I-type [0m
[0;37mControlUnit: DEBUG: (@ 1885.0ns) PC=000101dc - 0220b733 / Funct7: 01 / Rs2: 02 / Rs1: 01 / Funct3: 3 / Rd: 0e / MULDIV / R-type [0m
[0;37mControlUnit: DEBUG: (@ 1907.0ns) PC=000101e0 - 00000393 / Imm12: 000 / Rs1: 00 / Funct3: 0 / Rd: 07 / ARITH / I-type [0m
[0;37mControlUnit: DEBUG: (@ 1909.0ns) PC=000101e4 - 00600193 / Imm12: 006 / Rs1: 00 / Funct3: 0 / Rd: 03 / ARITH / I-type [0m
[0;37mControlUnit: DEBUG: (@ 1915.0ns) PC=000101e8 - 44771a63 / Imm12: 22a / Rs2: 07 / Rs1: 0e / Funct3: 1 / BRANCH / B-type [0m
[0;37mControlUnit: DEBUG: (@ 1917.0ns) PC=000101ec - 800000b7 / Imm20: 80000 / Rd: 01 / LUI / U-type [0m
[0;37mControlUnit: DEBUG: (@ 1937.0ns) PC=000101f0 - ffff8137 / Imm20: ffff8 / Rd: 02 / LUI / U-type [0m
[0;37mControlUnit: DEBUG: (@ 1939.0ns) PC=000101f4 - 0220b733 / Funct7: 01 / Rs2: 02 / Rs1: 01 / Funct3: 3 / Rd: 0e / MULDIV / R-type [0m
[0;37mControlUnit: DEBUG: (@ 1945.0ns) PC=000101f8 - 7fffc3b7 / Imm20: 7fffc / Rd: 07 / LUI / U-type [0m
[0;37mControlUnit: DEBUG: (@ 1947.0ns) PC=000101fc - 00700193 / Imm12: 007 / Rs1: 00 / Funct3: 0 / Rd: 03 / ARITH / I-type [0m
[0;37mControlUnit: DEBUG: (@ 1961.0ns) PC=00010200 - 42771e63 / Imm12: 21e / Rs2: 07 / Rs1: 0e / Funct3: 1 / BRANCH / B-type [0m
[0;37mControlUnit: DEBUG: (@ 1963.0ns) PC=00010204 - aaaab0b7 / Imm20: aaaab / Rd: 01 / LUI / U-type [0m
[0;37mControlUnit: DEBUG: (@ 1965.0ns) PC=00010208 - aab08093 / Imm12: aab / Rs1: 01 / Funct3: 0 / Rd: 01 / ARITH / I-type [0m
[0;37mControlUnit: DEBUG: (@ 1971.0ns) PC=0001020c - 00030137 / Imm20: 00030 / Rd: 02 / LUI / U-type [0m
[0;37mControlUnit: DEBUG: (@ 1987.0ns) PC=00010210 - e7d10113 / Imm12: e7d / Rs1: 02 / Funct3: 0 / Rd: 02 / ARITH / I-type [0m
[0;37mControlUnit: DEBUG: (@ 1989.0ns) PC=00010214 - 0220b733 / Funct7: 01 / Rs2: 02 / Rs1: 01 / Funct3: 3 / Rd: 0e / MULDIV / R-type [0m
[0;37mControlUnit: DEBUG: (@ 1995.0ns) PC=00010218 - 000203b7 / Imm20: 00020 / Rd: 07 / LUI / U-type [0m
[0;37mControlUnit: DEBUG: (@ 1997.0ns) PC=0001021c - efe38393 / Imm12: efe / Rs1: 07 / Funct3: 0 / Rd: 07 / ARITH / I-type [0m
[0;37mControlUnit: DEBUG: (@ 2015.0ns) PC=00010220 - 01e00193 / Imm12: 01e / Rs1: 00 / Funct3: 0 / Rd: 03 / ARITH / I-type [0m
[0;37mControlUnit: DEBUG: (@ 2021.0ns) PC=00010224 - 40771c63 / Imm12: 20c / Rs2: 07 / Rs1: 0e / Funct3: 1 / BRANCH / B-type [0m
[0;37mControlUnit: DEBUG: (@ 2023.0ns) PC=00010228 - 000300b7 / Imm20: 00030 / Rd: 01 / LUI / U-type [0m
[0;37mControlUnit: DEBUG: (@ 2025.0ns) PC=0001022c - e7d08093 / Imm12: e7d / Rs1: 01 / Funct3: 0 / Rd: 01 / ARITH / I-type [0m
[0;37mControlUnit: DEBUG: (@ 2045.0ns) PC=00010230 - aaaab137 / Imm20: aaaab / Rd: 02 / LUI / U-type [0m
[0;37mControlUnit: DEBUG: (@ 2047.0ns) PC=00010234 - aab10113 / Imm12: aab / Rs1: 02 / Funct3: 0 / Rd: 02 / ARITH / I-type [0m
[0;37mControlUnit: DEBUG: (@ 2049.0ns) PC=00010238 - 0220b733 / Funct7: 01 / Rs2: 02 / Rs1: 01 / Funct3: 3 / Rd: 0e / MULDIV / R-type [0m
[0;37mControlUnit: DEBUG: (@ 2055.0ns) PC=0001023c - 000203b7 / Imm20: 00020 / Rd: 07 / LUI / U-type [0m
[0;37mControlUnit: DEBUG: (@ 2069.0ns) PC=00010240 - efe38393 / Imm12: efe / Rs1: 07 / Funct3: 0 / Rd: 07 / ARITH / I-type [0m
[0;37mControlUnit: DEBUG: (@ 2071.0ns) PC=00010244 - 01f00193 / Imm12: 01f / Rs1: 00 / Funct3: 0 / Rd: 03 / ARITH / I-type [0m
[0;37mControlUnit: DEBUG: (@ 2077.0ns) PC=00010248 - 3e771a63 / Imm12: 1fa / Rs2: 07 / Rs1: 0e / Funct3: 1 / BRANCH / B-type [0m
[0;37mControlUnit: DEBUG: (@ 2079.0ns) PC=0001024c - ff0000b7 / Imm20: ff000 / Rd: 01 / LUI / U-type [0m
[0;37mControlUnit: DEBUG: (@ 2095.0ns) PC=00010250 - ff000137 / Imm20: ff000 / Rd: 02 / LUI / U-type [0m
[0;37mControlUnit: DEBUG: (@ 2097.0ns) PC=00010254 - 0220b733 / Funct7: 01 / Rs2: 02 / Rs1: 01 / Funct3: 3 / Rd: 0e / MULDIV / R-type [0m
[0;37mControlUnit: DEBUG: (@ 2103.0ns) PC=00010258 - fe0103b7 / Imm20: fe010 / Rd: 07 / LUI / U-type [0m
[0;37mControlUnit: DEBUG: (@ 2105.0ns) PC=0001025c - 02000193 / Imm12: 020 / Rs1: 00 / Funct3: 0 / Rd: 03 / ARITH / I-type [0m
[0;37mControlUnit: DEBUG: (@ 2123.0ns) PC=00010260 - 3c771e63 / Imm12: 1ee / Rs2: 07 / Rs1: 0e / Funct3: 1 / BRANCH / B-type [0m
[0;37mControlUnit: DEBUG: (@ 2125.0ns) PC=00010264 - fff00093 / Imm12: fff / Rs1: 00 / Funct3: 0 / Rd: 01 / ARITH / I-type [0m
[0;37mControlUnit: DEBUG: (@ 2127.0ns) PC=00010268 - fff00113 / Imm12: fff / Rs1: 00 / Funct3: 0 / Rd: 02 / ARITH / I-type [0m
[0;37mControlUnit: DEBUG: (@ 2129.0ns) PC=0001026c - 0220b733 / Funct7: 01 / Rs2: 02 / Rs1: 01 / Funct3: 3 / Rd: 0e / MULDIV / R-type [0m
[0;37mControlUnit: DEBUG: (@ 2153.0ns) PC=00010270 - ffe00393 / Imm12: ffe / Rs1: 00 / Funct3: 0 / Rd: 07 / ARITH / I-type [0m
[0;37mControlUnit: DEBUG: (@ 2155.0ns) PC=00010274 - 02100193 / Imm12: 021 / Rs1: 00 / Funct3: 0 / Rd: 03 / ARITH / I-type [0m
[0;37mControlUnit: DEBUG: (@ 2161.0ns) PC=00010278 - 3c771263 / Imm12: 1e2 / Rs2: 07 / Rs1: 0e / Funct3: 1 / BRANCH / B-type [0m
[0;37mControlUnit: DEBUG: (@ 2163.0ns) PC=0001027c - fff00093 / Imm12: fff / Rs1: 00 / Funct3: 0 / Rd: 01 / ARITH / I-type [0m
[0;37mControlUnit: DEBUG: (@ 2177.0ns) PC=00010280 - 00100113 / Imm12: 001 / Rs1: 00 / Funct3: 0 / Rd: 02 / ARITH / I-type [0m
[0;37mControlUnit: DEBUG: (@ 2179.0ns) PC=00010284 - 0220b733 / Funct7: 01 / Rs2: 02 / Rs1: 01 / Funct3: 3 / Rd: 0e / MULDIV / R-type [0m
[0;37mControlUnit: DEBUG: (@ 2181.0ns) PC=00010288 - 00000393 / Imm12: 000 / Rs1: 00 / Funct3: 0 / Rd: 07 / ARITH / I-type [0m
[0;37mControlUnit: DEBUG: (@ 2183.0ns) PC=0001028c - 02200193 / Imm12: 022 / Rs1: 00 / Funct3: 0 / Rd: 03 / ARITH / I-type [0m
[0;37mControlUnit: DEBUG: (@ 2203.0ns) PC=00010290 - 3a771663 / Imm12: 1d6 / Rs2: 07 / Rs1: 0e / Funct3: 1 / BRANCH / B-type [0m
[0;37mControlUnit: DEBUG: (@ 2205.0ns) PC=00010294 - 00100093 / Imm12: 001 / Rs1: 00 / Funct3: 0 / Rd: 01 / ARITH / I-type [0m
[0;37mControlUnit: DEBUG: (@ 2207.0ns) PC=00010298 - fff00113 / Imm12: fff / Rs1: 00 / Funct3: 0 / Rd: 02 / ARITH / I-type [0m
[0;37mControlUnit: DEBUG: (@ 2209.0ns) PC=0001029c - 0220b733 / Funct7: 01 / Rs2: 02 / Rs1: 01 / Funct3: 3 / Rd: 0e / MULDIV / R-type [0m
[0;37mControlUnit: DEBUG: (@ 2227.0ns) PC=000102a0 - 00000393 / Imm12: 000 / Rs1: 00 / Funct3: 0 / Rd: 07 / ARITH / I-type [0m
[0;37mControlUnit: DEBUG: (@ 2229.0ns) PC=000102a4 - 02300193 / Imm12: 023 / Rs1: 00 / Funct3: 0 / Rd: 03 / ARITH / I-type [0m
[0;37mControlUnit: DEBUG: (@ 2235.0ns) PC=000102a8 - 38771a63 / Imm12: 1ca / Rs2: 07 / Rs1: 0e / Funct3: 1 / BRANCH / B-type [0m
[0;37mControlUnit: DEBUG: (@ 2237.0ns) PC=000102ac - 00d000b7 / Imm20: 00d00 / Rd: 01 / LUI / U-type [0m
[0;37mControlUnit: DEBUG: (@ 2251.0ns) PC=000102b0 - 00b00137 / Imm20: 00b00 / Rd: 02 / LUI / U-type [0m
[0;37mControlUnit: DEBUG: (@ 2253.0ns) PC=000102b4 - 0220b0b3 / Funct7: 01 / Rs2: 02 / Rs1: 01 / Funct3: 3 / Rd: 01 / MULDIV / R-type [0m
[0;37mControlUnit: DEBUG: (@ 2259.0ns) PC=000102b8 - 000093b7 / Imm20: 00009 / Rd: 07 / LUI / U-type [0m
[0;37mControlUnit: DEBUG: (@ 2261.0ns) PC=000102bc - f0038393 / Imm12: f00 / Rs1: 07 / Funct3: 0 / Rd: 07 / ARITH / I-type [0m
[0;37mControlUnit: DEBUG: (@ 2275.0ns) PC=000102c0 - 00800193 / Imm12: 008 / Rs1: 00 / Funct3: 0 / Rd: 03 / ARITH / I-type [0m
[0;37mControlUnit: DEBUG: (@ 2281.0ns) PC=000102c4 - 36709c63 / Imm12: 1bc / Rs2: 07 / Rs1: 01 / Funct3: 1 / BRANCH / B-type [0m
[0;37mControlUnit: DEBUG: (@ 2283.0ns) PC=000102c8 - 00e000b7 / Imm20: 00e00 / Rd: 01 / LUI / U-type [0m
[0;37mControlUnit: DEBUG: (@ 2285.0ns) PC=000102cc - 00b00137 / Imm20: 00b00 / Rd: 02 / LUI / U-type [0m
[0;37mControlUnit: DEBUG: (@ 2299.0ns) PC=000102d0 - 0220b133 / Funct7: 01 / Rs2: 02 / Rs1: 01 / Funct3: 3 / Rd: 02 / MULDIV / R-type [0m
[0;37mControlUnit: DEBUG: (@ 2305.0ns) PC=000102d4 - 0000a3b7 / Imm20: 0000a / Rd: 07 / LUI / U-type [0m
[0;37mControlUnit: DEBUG: (@ 2307.0ns) PC=000102d8 - a0038393 / Imm12: a00 / Rs1: 07 / Funct3: 0 / Rd: 07 / ARITH / I-type [0m
[0;37mControlUnit: DEBUG: (@ 2309.0ns) PC=000102dc - 00900193 / Imm12: 009 / Rs1: 00 / Funct3: 0 / Rd: 03 / ARITH / I-type [0m
[0;37mControlUnit: DEBUG: (@ 2323.0ns) PC=000102e0 - 34711e63 / Imm12: 1ae / Rs2: 07 / Rs1: 02 / Funct3: 1 / BRANCH / B-type [0m
[0;37mControlUnit: DEBUG: (@ 2325.0ns) PC=000102e4 - 00d000b7 / Imm20: 00d00 / Rd: 01 / LUI / U-type [0m
[0;37mControlUnit: DEBUG: (@ 2327.0ns) PC=000102e8 - 0210b0b3 / Funct7: 01 / Rs2: 01 / Rs1: 01 / Funct3: 3 / Rd: 01 / MULDIV / R-type [0m
[0;37mControlUnit: DEBUG: (@ 2333.0ns) PC=000102ec - 0000b3b7 / Imm20: 0000b / Rd: 07 / LUI / U-type [0m
[0;37mControlUnit: DEBUG: (@ 2349.0ns) PC=000102f0 - 90038393 / Imm12: 900 / Rs1: 07 / Funct3: 0 / Rd: 07 / ARITH / I-type [0m
[0;37mControlUnit: DEBUG: (@ 2351.0ns) PC=000102f4 - 00a00193 / Imm12: 00a / Rs1: 00 / Funct3: 0 / Rd: 03 / ARITH / I-type [0m
[0;37mControlUnit: DEBUG: (@ 2357.0ns) PC=000102f8 - 34709263 / Imm12: 1a2 / Rs2: 07 / Rs1: 01 / Funct3: 1 / BRANCH / B-type [0m
[0;37mControlUnit: DEBUG: (@ 2359.0ns) PC=000102fc - 00000213 / Imm12: 000 / Rs1: 00 / Funct3: 0 / Rd: 04 / ARITH / I-type [0m
[0;37mControlUnit: DEBUG: (@ 2377.0ns) PC=00010300 - 00d000b7 / Imm20: 00d00 / Rd: 01 / LUI / U-type [0m
[0;37mControlUnit: DEBUG: (@ 2379.0ns) PC=00010304 - 00b00137 / Imm20: 00b00 / Rd: 02 / LUI / U-type [0m
[0;37mControlUnit: DEBUG: (@ 2381.0ns) PC=00010308 - 0220b733 / Funct7: 01 / Rs2: 02 / Rs1: 01 / Funct3: 3 / Rd: 0e / MULDIV / R-type [0m
[0;37mControlUnit: DEBUG: (@ 2383.0ns) PC=0001030c - 00070313 / Imm12: 000 / Rs1: 0e / Funct3: 0 / Rd: 06 / ARITH / I-type [0m
[0;37mControlUnit: DEBUG: (@ 2407.0ns) PC=00010310 - 00120213 / Imm12: 001 / Rs1: 04 / Funct3: 0 / Rd: 04 / ARITH / I-type [0m
[0;37mControlUnit: DEBUG: (@ 2409.0ns) PC=00010314 - 00200293 / Imm12: 002 / Rs1: 00 / Funct3: 0 / Rd: 05 / ARITH / I-type [0m
[0;37mControlUnit: DEBUG: (@ 2415.0ns) PC=00010318 - fe5214e3 / Imm12: ff4 / Rs2: 05 / Rs1: 04 / Funct3: 1 / BRANCH / B-type [0m
[0;34mControlUnit: INFO: (@ 2415.0ns) Branching [0m
[0;37mControlUnit: DEBUG: (@ 2421.0ns) PC=00010300 - 00d000b7 / Imm20: 00d00 / Rd: 01 / LUI / U-type [0m
[0;37mControlUnit: DEBUG: (@ 2423.0ns) PC=00010304 - 00b00137 / Imm20: 00b00 / Rd: 02 / LUI / U-type [0m
[0;37mControlUnit: DEBUG: (@ 2425.0ns) PC=00010308 - 0220b733 / Funct7: 01 / Rs2: 02 / Rs1: 01 / Funct3: 3 / Rd: 0e / MULDIV / R-type [0m
[0;37mControlUnit: DEBUG: (@ 2427.0ns) PC=0001030c - 00070313 / Imm12: 000 / Rs1: 0e / Funct3: 0 / Rd: 06 / ARITH / I-type [0m
[0;37mControlUnit: DEBUG: (@ 2431.0ns) PC=00010310 - 00120213 / Imm12: 001 / Rs1: 04 / Funct3: 0 / Rd: 04 / ARITH / I-type [0m
[0;37mControlUnit: DEBUG: (@ 2433.0ns) PC=00010314 - 00200293 / Imm12: 002 / Rs1: 00 / Funct3: 0 / Rd: 05 / ARITH / I-type [0m
[0;37mControlUnit: DEBUG: (@ 2439.0ns) PC=00010318 - fe5214e3 / Imm12: ff4 / Rs2: 05 / Rs1: 04 / Funct3: 1 / BRANCH / B-type [0m
[0;37mControlUnit: DEBUG: (@ 2441.0ns) PC=0001031c - 000093b7 / Imm20: 00009 / Rd: 07 / LUI / U-type [0m
[0;37mControlUnit: DEBUG: (@ 2443.0ns) PC=00010320 - f0038393 / Imm12: f00 / Rs1: 07 / Funct3: 0 / Rd: 07 / ARITH / I-type [0m
[0;37mControlUnit: DEBUG: (@ 2445.0ns) PC=00010324 - 00b00193 / Imm12: 00b / Rs1: 00 / Funct3: 0 / Rd: 03 / ARITH / I-type [0m
[0;37mControlUnit: DEBUG: (@ 2451.0ns) PC=00010328 - 30731a63 / Imm12: 18a / Rs2: 07 / Rs1: 06 / Funct3: 1 / BRANCH / B-type [0m
[0;37mControlUnit: DEBUG: (@ 2453.0ns) PC=0001032c - 00000213 / Imm12: 000 / Rs1: 00 / Funct3: 0 / Rd: 04 / ARITH / I-type [0m
[0;37mControlUnit: DEBUG: (@ 2465.0ns) PC=00010330 - 00e000b7 / Imm20: 00e00 / Rd: 01 / LUI / U-type [0m
[0;37mControlUnit: DEBUG: (@ 2467.0ns) PC=00010334 - 00b00137 / Imm20: 00b00 / Rd: 02 / LUI / U-type [0m
[0;37mControlUnit: DEBUG: (@ 2469.0ns) PC=00010338 - 0220b733 / Funct7: 01 / Rs2: 02 / Rs1: 01 / Funct3: 3 / Rd: 0e / MULDIV / R-type [0m
[0;37mControlUnit: DEBUG: (@ 2471.0ns) PC=0001033c - 00000013 / Imm12: 000 / Rs1: 00 / Funct3: 0 / Rd: 00 / ARITH / I-type [0m
[0;37mControlUnit: DEBUG: (@ 2491.0ns) PC=00010340 - 00070313 / Imm12: 000 / Rs1: 0e / Funct3: 0 / Rd: 06 / ARITH / I-type [0m
[0;37mControlUnit: DEBUG: (@ 2493.0ns) PC=00010344 - 00120213 / Imm12: 001 / Rs1: 04 / Funct3: 0 / Rd: 04 / ARITH / I-type [0m
[0;37mControlUnit: DEBUG: (@ 2495.0ns) PC=00010348 - 00200293 / Imm12: 002 / Rs1: 00 / Funct3: 0 / Rd: 05 / ARITH / I-type [0m
[0;37mControlUnit: DEBUG: (@ 2501.0ns) PC=0001034c - fe5212e3 / Imm12: ff2 / Rs2: 05 / Rs1: 04 / Funct3: 1 / BRANCH / B-type [0m
[0;34mControlUnit: INFO: (@ 2501.0ns) Branching [0m
[0;37mControlUnit: DEBUG: (@ 2507.0ns) PC=00010330 - 00e000b7 / Imm20: 00e00 / Rd: 01 / LUI / U-type [0m
[0;37mControlUnit: DEBUG: (@ 2509.0ns) PC=00010334 - 00b00137 / Imm20: 00b00 / Rd: 02 / LUI / U-type [0m
[0;37mControlUnit: DEBUG: (@ 2511.0ns) PC=00010338 - 0220b733 / Funct7: 01 / Rs2: 02 / Rs1: 01 / Funct3: 3 / Rd: 0e / MULDIV / R-type [0m
[0;37mControlUnit: DEBUG: (@ 2513.0ns) PC=0001033c - 00000013 / Imm12: 000 / Rs1: 00 / Funct3: 0 / Rd: 00 / ARITH / I-type [0m
[0;37mControlUnit: DEBUG: (@ 2515.0ns) PC=00010340 - 00070313 / Imm12: 000 / Rs1: 0e / Funct3: 0 / Rd: 06 / ARITH / I-type [0m
[0;37mControlUnit: DEBUG: (@ 2517.0ns) PC=00010344 - 00120213 / Imm12: 001 / Rs1: 04 / Funct3: 0 / Rd: 04 / ARITH / I-type [0m
[0;37mControlUnit: DEBUG: (@ 2519.0ns) PC=00010348 - 00200293 / Imm12: 002 / Rs1: 00 / Funct3: 0 / Rd: 05 / ARITH / I-type [0m
[0;37mControlUnit: DEBUG: (@ 2525.0ns) PC=0001034c - fe5212e3 / Imm12: ff2 / Rs2: 05 / Rs1: 04 / Funct3: 1 / BRANCH / B-type [0m
[0;37mControlUnit: DEBUG: (@ 2527.0ns) PC=00010350 - 0000a3b7 / Imm20: 0000a / Rd: 07 / LUI / U-type [0m
[0;37mControlUnit: DEBUG: (@ 2529.0ns) PC=00010354 - a0038393 / Imm12: a00 / Rs1: 07 / Funct3: 0 / Rd: 07 / ARITH / I-type [0m
[0;37mControlUnit: DEBUG: (@ 2531.0ns) PC=00010358 - 00c00193 / Imm12: 00c / Rs1: 00 / Funct3: 0 / Rd: 03 / ARITH / I-type [0m
[0;37mControlUnit: DEBUG: (@ 2537.0ns) PC=0001035c - 2e731063 / Imm12: 170 / Rs2: 07 / Rs1: 06 / Funct3: 1 / BRANCH / B-type [0m
[0;37mControlUnit: DEBUG: (@ 2547.0ns) PC=00010360 - 00000213 / Imm12: 000 / Rs1: 00 / Funct3: 0 / Rd: 04 / ARITH / I-type [0m
[0;37mControlUnit: DEBUG: (@ 2553.0ns) PC=00010364 - 00f000b7 / Imm20: 00f00 / Rd: 01 / LUI / U-type [0m
[0;37mControlUnit: DEBUG: (@ 2555.0ns) PC=00010368 - 00b00137 / Imm20: 00b00 / Rd: 02 / LUI / U-type [0m
[0;37mControlUnit: DEBUG: (@ 2557.0ns) PC=0001036c - 0220b733 / Funct7: 01 / Rs2: 02 / Rs1: 01 / Funct3: 3 / Rd: 0e / MULDIV / R-type [0m
[0;37mControlUnit: DEBUG: (@ 2571.0ns) PC=00010370 - 00000013 / Imm12: 000 / Rs1: 00 / Funct3: 0 / Rd: 00 / ARITH / I-type [0m
[0;37mControlUnit: DEBUG: (@ 2573.0ns) PC=00010374 - 00000013 / Imm12: 000 / Rs1: 00 / Funct3: 0 / Rd: 00 / ARITH / I-type [0m
[0;37mControlUnit: DEBUG: (@ 2575.0ns) PC=00010378 - 00070313 / Imm12: 000 / Rs1: 0e / Funct3: 0 / Rd: 06 / ARITH / I-type [0m
[0;37mControlUnit: DEBUG: (@ 2577.0ns) PC=0001037c - 00120213 / Imm12: 001 / Rs1: 04 / Funct3: 0 / Rd: 04 / ARITH / I-type [0m
[0;37mControlUnit: DEBUG: (@ 2597.0ns) PC=00010380 - 00200293 / Imm12: 002 / Rs1: 00 / Funct3: 0 / Rd: 05 / ARITH / I-type [0m
[0;37mControlUnit: DEBUG: (@ 2603.0ns) PC=00010384 - fe5210e3 / Imm12: ff0 / Rs2: 05 / Rs1: 04 / Funct3: 1 / BRANCH / B-type [0m
[0;34mControlUnit: INFO: (@ 2603.0ns) Branching [0m
[0;37mControlUnit: DEBUG: (@ 2609.0ns) PC=00010364 - 00f000b7 / Imm20: 00f00 / Rd: 01 / LUI / U-type [0m
[0;37mControlUnit: DEBUG: (@ 2611.0ns) PC=00010368 - 00b00137 / Imm20: 00b00 / Rd: 02 / LUI / U-type [0m
[0;37mControlUnit: DEBUG: (@ 2613.0ns) PC=0001036c - 0220b733 / Funct7: 01 / Rs2: 02 / Rs1: 01 / Funct3: 3 / Rd: 0e / MULDIV / R-type [0m
[0;37mControlUnit: DEBUG: (@ 2615.0ns) PC=00010370 - 00000013 / Imm12: 000 / Rs1: 00 / Funct3: 0 / Rd: 00 / ARITH / I-type [0m
[0;37mControlUnit: DEBUG: (@ 2617.0ns) PC=00010374 - 00000013 / Imm12: 000 / Rs1: 00 / Funct3: 0 / Rd: 00 / ARITH / I-type [0m
[0;37mControlUnit: DEBUG: (@ 2619.0ns) PC=00010378 - 00070313 / Imm12: 000 / Rs1: 0e / Funct3: 0 / Rd: 06 / ARITH / I-type [0m
[0;37mControlUnit: DEBUG: (@ 2621.0ns) PC=0001037c - 00120213 / Imm12: 001 / Rs1: 04 / Funct3: 0 / Rd: 04 / ARITH / I-type [0m
[0;37mControlUnit: DEBUG: (@ 2623.0ns) PC=00010380 - 00200293 / Imm12: 002 / Rs1: 00 / Funct3: 0 / Rd: 05 / ARITH / I-type [0m
[0;37mControlUnit: DEBUG: (@ 2629.0ns) PC=00010384 - fe5210e3 / Imm12: ff0 / Rs2: 05 / Rs1: 04 / Funct3: 1 / BRANCH / B-type [0m
[0;37mControlUnit: DEBUG: (@ 2631.0ns) PC=00010388 - 0000a3b7 / Imm20: 0000a / Rd: 07 / LUI / U-type [0m
[0;37mControlUnit: DEBUG: (@ 2633.0ns) PC=0001038c - 50038393 / Imm12: 500 / Rs1: 07 / Funct3: 0 / Rd: 07 / ARITH / I-type [0m
[0;37mControlUnit: DEBUG: (@ 2635.0ns) PC=00010390 - 00d00193 / Imm12: 00d / Rs1: 00 / Funct3: 0 / Rd: 03 / ARITH / I-type [0m
[0;37mControlUnit: DEBUG: (@ 2641.0ns) PC=00010394 - 2a731463 / Imm12: 154 / Rs2: 07 / Rs1: 06 / Funct3: 1 / BRANCH / B-type [0m
[0;37mControlUnit: DEBUG: (@ 2643.0ns) PC=00010398 - 00000213 / Imm12: 000 / Rs1: 00 / Funct3: 0 / Rd: 04 / ARITH / I-type [0m
[0;37mControlUnit: DEBUG: (@ 2649.0ns) PC=0001039c - 00d000b7 / Imm20: 00d00 / Rd: 01 / LUI / U-type [0m
[0;37mControlUnit: DEBUG: (@ 2655.0ns) PC=000103a0 - 00b00137 / Imm20: 00b00 / Rd: 02 / LUI / U-type [0m
[0;37mControlUnit: DEBUG: (@ 2657.0ns) PC=000103a4 - 0220b733 / Funct7: 01 / Rs2: 02 / Rs1: 01 / Funct3: 3 / Rd: 0e / MULDIV / R-type [0m
[0;37mControlUnit: DEBUG: (@ 2659.0ns) PC=000103a8 - 00120213 / Imm12: 001 / Rs1: 04 / Funct3: 0 / Rd: 04 / ARITH / I-type [0m
[0;37mControlUnit: DEBUG: (@ 2661.0ns) PC=000103ac - 00200293 / Imm12: 002 / Rs1: 00 / Funct3: 0 / Rd: 05 / ARITH / I-type [0m
[0;37mControlUnit: DEBUG: (@ 2679.0ns) PC=000103b0 - fe5216e3 / Imm12: ff6 / Rs2: 05 / Rs1: 04 / Funct3: 1 / BRANCH / B-type [0m
[0;34mControlUnit: INFO: (@ 2679.0ns) Branching [0m
[0;37mControlUnit: DEBUG: (@ 2685.0ns) PC=0001039c - 00d000b7 / Imm20: 00d00 / Rd: 01 / LUI / U-type [0m
[0;37mControlUnit: DEBUG: (@ 2687.0ns) PC=000103a0 - 00b00137 / Imm20: 00b00 / Rd: 02 / LUI / U-type [0m
[0;37mControlUnit: DEBUG: (@ 2689.0ns) PC=000103a4 - 0220b733 / Funct7: 01 / Rs2: 02 / Rs1: 01 / Funct3: 3 / Rd: 0e / MULDIV / R-type [0m
[0;37mControlUnit: DEBUG: (@ 2691.0ns) PC=000103a8 - 00120213 / Imm12: 001 / Rs1: 04 / Funct3: 0 / Rd: 04 / ARITH / I-type [0m
[0;37mControlUnit: DEBUG: (@ 2693.0ns) PC=000103ac - 00200293 / Imm12: 002 / Rs1: 00 / Funct3: 0 / Rd: 05 / ARITH / I-type [0m
[0;37mControlUnit: DEBUG: (@ 2699.0ns) PC=000103b0 - fe5216e3 / Imm12: ff6 / Rs2: 05 / Rs1: 04 / Funct3: 1 / BRANCH / B-type [0m
[0;37mControlUnit: DEBUG: (@ 2701.0ns) PC=000103b4 - 000093b7 / Imm20: 00009 / Rd: 07 / LUI / U-type [0m
[0;37mControlUnit: DEBUG: (@ 2703.0ns) PC=000103b8 - f0038393 / Imm12: f00 / Rs1: 07 / Funct3: 0 / Rd: 07 / ARITH / I-type [0m
[0;37mControlUnit: DEBUG: (@ 2705.0ns) PC=000103bc - 00e00193 / Imm12: 00e / Rs1: 00 / Funct3: 0 / Rd: 03 / ARITH / I-type [0m
[0;37mControlUnit: DEBUG: (@ 2721.0ns) PC=000103c0 - 26771e63 / Imm12: 13e / Rs2: 07 / Rs1: 0e / Funct3: 1 / BRANCH / B-type [0m
[0;37mControlUnit: DEBUG: (@ 2723.0ns) PC=000103c4 - 00000213 / Imm12: 000 / Rs1: 00 / Funct3: 0 / Rd: 04 / ARITH / I-type [0m
[0;37mControlUnit: DEBUG: (@ 2729.0ns) PC=000103c8 - 00e000b7 / Imm20: 00e00 / Rd: 01 / LUI / U-type [0m
[0;37mControlUnit: DEBUG: (@ 2731.0ns) PC=000103cc - 00b00137 / Imm20: 00b00 / Rd: 02 / LUI / U-type [0m
[0;37mControlUnit: DEBUG: (@ 2745.0ns) PC=000103d0 - 00000013 / Imm12: 000 / Rs1: 00 / Funct3: 0 / Rd: 00 / ARITH / I-type [0m
[0;37mControlUnit: DEBUG: (@ 2747.0ns) PC=000103d4 - 0220b733 / Funct7: 01 / Rs2: 02 / Rs1: 01 / Funct3: 3 / Rd: 0e / MULDIV / R-type [0m
[0;37mControlUnit: DEBUG: (@ 2749.0ns) PC=000103d8 - 00120213 / Imm12: 001 / Rs1: 04 / Funct3: 0 / Rd: 04 / ARITH / I-type [0m
[0;37mControlUnit: DEBUG: (@ 2751.0ns) PC=000103dc - 00200293 / Imm12: 002 / Rs1: 00 / Funct3: 0 / Rd: 05 / ARITH / I-type [0m
[0;37mControlUnit: DEBUG: (@ 2771.0ns) PC=000103e0 - fe5214e3 / Imm12: ff4 / Rs2: 05 / Rs1: 04 / Funct3: 1 / BRANCH / B-type [0m
[0;34mControlUnit: INFO: (@ 2771.0ns) Branching [0m
[0;37mControlUnit: DEBUG: (@ 2777.0ns) PC=000103c8 - 00e000b7 / Imm20: 00e00 / Rd: 01 / LUI / U-type [0m
[0;37mControlUnit: DEBUG: (@ 2779.0ns) PC=000103cc - 00b00137 / Imm20: 00b00 / Rd: 02 / LUI / U-type [0m
[0;37mControlUnit: DEBUG: (@ 2781.0ns) PC=000103d0 - 00000013 / Imm12: 000 / Rs1: 00 / Funct3: 0 / Rd: 00 / ARITH / I-type [0m
[0;37mControlUnit: DEBUG: (@ 2783.0ns) PC=000103d4 - 0220b733 / Funct7: 01 / Rs2: 02 / Rs1: 01 / Funct3: 3 / Rd: 0e / MULDIV / R-type [0m
[0;37mControlUnit: DEBUG: (@ 2785.0ns) PC=000103d8 - 00120213 / Imm12: 001 / Rs1: 04 / Funct3: 0 / Rd: 04 / ARITH / I-type [0m
[0;37mControlUnit: DEBUG: (@ 2787.0ns) PC=000103dc - 00200293 / Imm12: 002 / Rs1: 00 / Funct3: 0 / Rd: 05 / ARITH / I-type [0m
[0;37mControlUnit: DEBUG: (@ 2793.0ns) PC=000103e0 - fe5214e3 / Imm12: ff4 / Rs2: 05 / Rs1: 04 / Funct3: 1 / BRANCH / B-type [0m
[0;37mControlUnit: DEBUG: (@ 2795.0ns) PC=000103e4 - 0000a3b7 / Imm20: 0000a / Rd: 07 / LUI / U-type [0m
[0;37mControlUnit: DEBUG: (@ 2797.0ns) PC=000103e8 - a0038393 / Imm12: a00 / Rs1: 07 / Funct3: 0 / Rd: 07 / ARITH / I-type [0m
[0;37mControlUnit: DEBUG: (@ 2799.0ns) PC=000103ec - 00f00193 / Imm12: 00f / Rs1: 00 / Funct3: 0 / Rd: 03 / ARITH / I-type [0m
[0;37mControlUnit: DEBUG: (@ 2815.0ns) PC=000103f0 - 24771663 / Imm12: 126 / Rs2: 07 / Rs1: 0e / Funct3: 1 / BRANCH / B-type [0m
[0;37mControlUnit: DEBUG: (@ 2817.0ns) PC=000103f4 - 00000213 / Imm12: 000 / Rs1: 00 / Funct3: 0 / Rd: 04 / ARITH / I-type [0m
[0;37mControlUnit: DEBUG: (@ 2823.0ns) PC=000103f8 - 00f000b7 / Imm20: 00f00 / Rd: 01 / LUI / U-type [0m
[0;37mControlUnit: DEBUG: (@ 2825.0ns) PC=000103fc - 00b00137 / Imm20: 00b00 / Rd: 02 / LUI / U-type [0m
[0;37mControlUnit: DEBUG: (@ 2839.0ns) PC=00010400 - 00000013 / Imm12: 000 / Rs1: 00 / Funct3: 0 / Rd: 00 / ARITH / I-type [0m
[0;37mControlUnit: DEBUG: (@ 2841.0ns) PC=00010404 - 00000013 / Imm12: 000 / Rs1: 00 / Funct3: 0 / Rd: 00 / ARITH / I-type [0m
[0;37mControlUnit: DEBUG: (@ 2843.0ns) PC=00010408 - 0220b733 / Funct7: 01 / Rs2: 02 / Rs1: 01 / Funct3: 3 / Rd: 0e / MULDIV / R-type [0m
[0;37mControlUnit: DEBUG: (@ 2845.0ns) PC=0001040c - 00120213 / Imm12: 001 / Rs1: 04 / Funct3: 0 / Rd: 04 / ARITH / I-type [0m
[0;37mControlUnit: DEBUG: (@ 2863.0ns) PC=00010410 - 00200293 / Imm12: 002 / Rs1: 00 / Funct3: 0 / Rd: 05 / ARITH / I-type [0m
[0;37mControlUnit: DEBUG: (@ 2869.0ns) PC=00010414 - fe5212e3 / Imm12: ff2 / Rs2: 05 / Rs1: 04 / Funct3: 1 / BRANCH / B-type [0m
[0;34mControlUnit: INFO: (@ 2869.0ns) Branching [0m
[0;37mControlUnit: DEBUG: (@ 2875.0ns) PC=000103f8 - 00f000b7 / Imm20: 00f00 / Rd: 01 / LUI / U-type [0m
[0;37mControlUnit: DEBUG: (@ 2877.0ns) PC=000103fc - 00b00137 / Imm20: 00b00 / Rd: 02 / LUI / U-type [0m
[0;37mControlUnit: DEBUG: (@ 2879.0ns) PC=00010400 - 00000013 / Imm12: 000 / Rs1: 00 / Funct3: 0 / Rd: 00 / ARITH / I-type [0m
[0;37mControlUnit: DEBUG: (@ 2881.0ns) PC=00010404 - 00000013 / Imm12: 000 / Rs1: 00 / Funct3: 0 / Rd: 00 / ARITH / I-type [0m
[0;37mControlUnit: DEBUG: (@ 2883.0ns) PC=00010408 - 0220b733 / Funct7: 01 / Rs2: 02 / Rs1: 01 / Funct3: 3 / Rd: 0e / MULDIV / R-type [0m
[0;37mControlUnit: DEBUG: (@ 2885.0ns) PC=0001040c - 00120213 / Imm12: 001 / Rs1: 04 / Funct3: 0 / Rd: 04 / ARITH / I-type [0m
[0;37mControlUnit: DEBUG: (@ 2887.0ns) PC=00010410 - 00200293 / Imm12: 002 / Rs1: 00 / Funct3: 0 / Rd: 05 / ARITH / I-type [0m
[0;37mControlUnit: DEBUG: (@ 2893.0ns) PC=00010414 - fe5212e3 / Imm12: ff2 / Rs2: 05 / Rs1: 04 / Funct3: 1 / BRANCH / B-type [0m
[0;37mControlUnit: DEBUG: (@ 2895.0ns) PC=00010418 - 0000a3b7 / Imm20: 0000a / Rd: 07 / LUI / U-type [0m
[0;37mControlUnit: DEBUG: (@ 2897.0ns) PC=0001041c - 50038393 / Imm12: 500 / Rs1: 07 / Funct3: 0 / Rd: 07 / ARITH / I-type [0m
[0;37mControlUnit: DEBUG: (@ 2899.0ns) PC=00010420 - 01000193 / Imm12: 010 / Rs1: 00 / Funct3: 0 / Rd: 03 / ARITH / I-type [0m
[0;37mControlUnit: DEBUG: (@ 2905.0ns) PC=00010424 - 20771c63 / Imm12: 10c / Rs2: 07 / Rs1: 0e / Funct3: 1 / BRANCH / B-type [0m
[0;37mControlUnit: DEBUG: (@ 2907.0ns) PC=00010428 - 00000213 / Imm12: 000 / Rs1: 00 / Funct3: 0 / Rd: 04 / ARITH / I-type [0m
[0;37mControlUnit: DEBUG: (@ 2913.0ns) PC=0001042c - 00d000b7 / Imm20: 00d00 / Rd: 01 / LUI / U-type [0m
[0;37mControlUnit: DEBUG: (@ 2919.0ns) PC=00010430 - 00000013 / Imm12: 000 / Rs1: 00 / Funct3: 0 / Rd: 00 / ARITH / I-type [0m
[0;37mControlUnit: DEBUG: (@ 2925.0ns) PC=00010434 - 00b00137 / Imm20: 00b00 / Rd: 02 / LUI / U-type [0m
[0;37mControlUnit: DEBUG: (@ 2927.0ns) PC=00010438 - 0220b733 / Funct7: 01 / Rs2: 02 / Rs1: 01 / Funct3: 3 / Rd: 0e / MULDIV / R-type [0m
[0;37mControlUnit: DEBUG: (@ 2929.0ns) PC=0001043c - 00120213 / Imm12: 001 / Rs1: 04 / Funct3: 0 / Rd: 04 / ARITH / I-type [0m
[0;37mControlUnit: DEBUG: (@ 2945.0ns) PC=00010440 - 00200293 / Imm12: 002 / Rs1: 00 / Funct3: 0 / Rd: 05 / ARITH / I-type [0m
[0;37mControlUnit: DEBUG: (@ 2951.0ns) PC=00010444 - fe5214e3 / Imm12: ff4 / Rs2: 05 / Rs1: 04 / Funct3: 1 / BRANCH / B-type [0m
[0;34mControlUnit: INFO: (@ 2951.0ns) Branching [0m
[0;37mControlUnit: DEBUG: (@ 2957.0ns) PC=0001042c - 00d000b7 / Imm20: 00d00 / Rd: 01 / LUI / U-type [0m
[0;37mControlUnit: DEBUG: (@ 2959.0ns) PC=00010430 - 00000013 / Imm12: 000 / Rs1: 00 / Funct3: 0 / Rd: 00 / ARITH / I-type [0m
[0;37mControlUnit: DEBUG: (@ 2965.0ns) PC=00010434 - 00b00137 / Imm20: 00b00 / Rd: 02 / LUI / U-type [0m
[0;37mControlUnit: DEBUG: (@ 2967.0ns) PC=00010438 - 0220b733 / Funct7: 01 / Rs2: 02 / Rs1: 01 / Funct3: 3 / Rd: 0e / MULDIV / R-type [0m
[0;37mControlUnit: DEBUG: (@ 2969.0ns) PC=0001043c - 00120213 / Imm12: 001 / Rs1: 04 / Funct3: 0 / Rd: 04 / ARITH / I-type [0m
[0;37mControlUnit: DEBUG: (@ 2971.0ns) PC=00010440 - 00200293 / Imm12: 002 / Rs1: 00 / Funct3: 0 / Rd: 05 / ARITH / I-type [0m
[0;37mControlUnit: DEBUG: (@ 2977.0ns) PC=00010444 - fe5214e3 / Imm12: ff4 / Rs2: 05 / Rs1: 04 / Funct3: 1 / BRANCH / B-type [0m
[0;37mControlUnit: DEBUG: (@ 2979.0ns) PC=00010448 - 000093b7 / Imm20: 00009 / Rd: 07 / LUI / U-type [0m
[0;37mControlUnit: DEBUG: (@ 2981.0ns) PC=0001044c - f0038393 / Imm12: f00 / Rs1: 07 / Funct3: 0 / Rd: 07 / ARITH / I-type [0m
[0;37mControlUnit: DEBUG: (@ 2983.0ns) PC=00010450 - 01100193 / Imm12: 011 / Rs1: 00 / Funct3: 0 / Rd: 03 / ARITH / I-type [0m
[0;37mControlUnit: DEBUG: (@ 2989.0ns) PC=00010454 - 1e771463 / Imm12: 0f4 / Rs2: 07 / Rs1: 0e / Funct3: 1 / BRANCH / B-type [0m
[0;37mControlUnit: DEBUG: (@ 2991.0ns) PC=00010458 - 00000213 / Imm12: 000 / Rs1: 00 / Funct3: 0 / Rd: 04 / ARITH / I-type [0m
[0;37mControlUnit: DEBUG: (@ 2997.0ns) PC=0001045c - 00e000b7 / Imm20: 00e00 / Rd: 01 / LUI / U-type [0m
[0;37mControlUnit: DEBUG: (@ 3003.0ns) PC=00010460 - 00000013 / Imm12: 000 / Rs1: 00 / Funct3: 0 / Rd: 00 / ARITH / I-type [0m
[0;37mControlUnit: DEBUG: (@ 3009.0ns) PC=00010464 - 00b00137 / Imm20: 00b00 / Rd: 02 / LUI / U-type [0m
[0;37mControlUnit: DEBUG: (@ 3011.0ns) PC=00010468 - 00000013 / Imm12: 000 / Rs1: 00 / Funct3: 0 / Rd: 00 / ARITH / I-type [0m
[0;37mControlUnit: DEBUG: (@ 3013.0ns) PC=0001046c - 0220b733 / Funct7: 01 / Rs2: 02 / Rs1: 01 / Funct3: 3 / Rd: 0e / MULDIV / R-type [0m
[0;37mControlUnit: DEBUG: (@ 3029.0ns) PC=00010470 - 00120213 / Imm12: 001 / Rs1: 04 / Funct3: 0 / Rd: 04 / ARITH / I-type [0m
[0;37mControlUnit: DEBUG: (@ 3031.0ns) PC=00010474 - 00200293 / Imm12: 002 / Rs1: 00 / Funct3: 0 / Rd: 05 / ARITH / I-type [0m
[0;37mControlUnit: DEBUG: (@ 3037.0ns) PC=00010478 - fe5212e3 / Imm12: ff2 / Rs2: 05 / Rs1: 04 / Funct3: 1 / BRANCH / B-type [0m
[0;34mControlUnit: INFO: (@ 3037.0ns) Branching [0m
[0;37mControlUnit: DEBUG: (@ 3043.0ns) PC=0001045c - 00e000b7 / Imm20: 00e00 / Rd: 01 / LUI / U-type [0m
[0;37mControlUnit: DEBUG: (@ 3045.0ns) PC=00010460 - 00000013 / Imm12: 000 / Rs1: 00 / Funct3: 0 / Rd: 00 / ARITH / I-type [0m
[0;37mControlUnit: DEBUG: (@ 3051.0ns) PC=00010464 - 00b00137 / Imm20: 00b00 / Rd: 02 / LUI / U-type [0m
[0;37mControlUnit: DEBUG: (@ 3053.0ns) PC=00010468 - 00000013 / Imm12: 000 / Rs1: 00 / Funct3: 0 / Rd: 00 / ARITH / I-type [0m
[0;37mControlUnit: DEBUG: (@ 3055.0ns) PC=0001046c - 0220b733 / Funct7: 01 / Rs2: 02 / Rs1: 01 / Funct3: 3 / Rd: 0e / MULDIV / R-type [0m
[0;37mControlUnit: DEBUG: (@ 3057.0ns) PC=00010470 - 00120213 / Imm12: 001 / Rs1: 04 / Funct3: 0 / Rd: 04 / ARITH / I-type [0m
[0;37mControlUnit: DEBUG: (@ 3059.0ns) PC=00010474 - 00200293 / Imm12: 002 / Rs1: 00 / Funct3: 0 / Rd: 05 / ARITH / I-type [0m
[0;37mControlUnit: DEBUG: (@ 3065.0ns) PC=00010478 - fe5212e3 / Imm12: ff2 / Rs2: 05 / Rs1: 04 / Funct3: 1 / BRANCH / B-type [0m
[0;37mControlUnit: DEBUG: (@ 3067.0ns) PC=0001047c - 0000a3b7 / Imm20: 0000a / Rd: 07 / LUI / U-type [0m
[0;37mControlUnit: DEBUG: (@ 3069.0ns) PC=00010480 - a0038393 / Imm12: a00 / Rs1: 07 / Funct3: 0 / Rd: 07 / ARITH / I-type [0m
[0;37mControlUnit: DEBUG: (@ 3071.0ns) PC=00010484 - 01200193 / Imm12: 012 / Rs1: 00 / Funct3: 0 / Rd: 03 / ARITH / I-type [0m
[0;37mControlUnit: DEBUG: (@ 3077.0ns) PC=00010488 - 1a771a63 / Imm12: 0da / Rs2: 07 / Rs1: 0e / Funct3: 1 / BRANCH / B-type [0m
[0;37mControlUnit: DEBUG: (@ 3079.0ns) PC=0001048c - 00000213 / Imm12: 000 / Rs1: 00 / Funct3: 0 / Rd: 04 / ARITH / I-type [0m
[0;37mControlUnit: DEBUG: (@ 3087.0ns) PC=00010490 - 00f000b7 / Imm20: 00f00 / Rd: 01 / LUI / U-type [0m
[0;37mControlUnit: DEBUG: (@ 3089.0ns) PC=00010494 - 00000013 / Imm12: 000 / Rs1: 00 / Funct3: 0 / Rd: 00 / ARITH / I-type [0m
[0;37mControlUnit: DEBUG: (@ 3091.0ns) PC=00010498 - 00000013 / Imm12: 000 / Rs1: 00 / Funct3: 0 / Rd: 00 / ARITH / I-type [0m
[0;37mControlUnit: DEBUG: (@ 3097.0ns) PC=0001049c - 00b00137 / Imm20: 00b00 / Rd: 02 / LUI / U-type [0m
[0;37mControlUnit: DEBUG: (@ 3119.0ns) PC=000104a0 - 0220b733 / Funct7: 01 / Rs2: 02 / Rs1: 01 / Funct3: 3 / Rd: 0e / MULDIV / R-type [0m
[0;37mControlUnit: DEBUG: (@ 3121.0ns) PC=000104a4 - 00120213 / Imm12: 001 / Rs1: 04 / Funct3: 0 / Rd: 04 / ARITH / I-type [0m
[0;37mControlUnit: DEBUG: (@ 3123.0ns) PC=000104a8 - 00200293 / Imm12: 002 / Rs1: 00 / Funct3: 0 / Rd: 05 / ARITH / I-type [0m
[0;37mControlUnit: DEBUG: (@ 3129.0ns) PC=000104ac - fe5212e3 / Imm12: ff2 / Rs2: 05 / Rs1: 04 / Funct3: 1 / BRANCH / B-type [0m
[0;34mControlUnit: INFO: (@ 3129.0ns) Branching [0m
[0;37mControlUnit: DEBUG: (@ 3135.0ns) PC=00010490 - 00f000b7 / Imm20: 00f00 / Rd: 01 / LUI / U-type [0m
[0;37mControlUnit: DEBUG: (@ 3137.0ns) PC=00010494 - 00000013 / Imm12: 000 / Rs1: 00 / Funct3: 0 / Rd: 00 / ARITH / I-type [0m
[0;37mControlUnit: DEBUG: (@ 3139.0ns) PC=00010498 - 00000013 / Imm12: 000 / Rs1: 00 / Funct3: 0 / Rd: 00 / ARITH / I-type [0m
[0;37mControlUnit: DEBUG: (@ 3145.0ns) PC=0001049c - 00b00137 / Imm20: 00b00 / Rd: 02 / LUI / U-type [0m
[0;37mControlUnit: DEBUG: (@ 3147.0ns) PC=000104a0 - 0220b733 / Funct7: 01 / Rs2: 02 / Rs1: 01 / Funct3: 3 / Rd: 0e / MULDIV / R-type [0m
[0;37mControlUnit: DEBUG: (@ 3149.0ns) PC=000104a4 - 00120213 / Imm12: 001 / Rs1: 04 / Funct3: 0 / Rd: 04 / ARITH / I-type [0m
[0;37mControlUnit: DEBUG: (@ 3151.0ns) PC=000104a8 - 00200293 / Imm12: 002 / Rs1: 00 / Funct3: 0 / Rd: 05 / ARITH / I-type [0m
[0;37mControlUnit: DEBUG: (@ 3157.0ns) PC=000104ac - fe5212e3 / Imm12: ff2 / Rs2: 05 / Rs1: 04 / Funct3: 1 / BRANCH / B-type [0m
[0;37mControlUnit: DEBUG: (@ 3159.0ns) PC=000104b0 - 0000a3b7 / Imm20: 0000a / Rd: 07 / LUI / U-type [0m
[0;37mControlUnit: DEBUG: (@ 3161.0ns) PC=000104b4 - 50038393 / Imm12: 500 / Rs1: 07 / Funct3: 0 / Rd: 07 / ARITH / I-type [0m
[0;37mControlUnit: DEBUG: (@ 3163.0ns) PC=000104b8 - 01300193 / Imm12: 013 / Rs1: 00 / Funct3: 0 / Rd: 03 / ARITH / I-type [0m
[0;37mControlUnit: DEBUG: (@ 3169.0ns) PC=000104bc - 18771063 / Imm12: 0c0 / Rs2: 07 / Rs1: 0e / Funct3: 1 / BRANCH / B-type [0m
[0;37mControlUnit: DEBUG: (@ 3179.0ns) PC=000104c0 - 00000213 / Imm12: 000 / Rs1: 00 / Funct3: 0 / Rd: 04 / ARITH / I-type [0m
[0;37mControlUnit: DEBUG: (@ 3185.0ns) PC=000104c4 - 00b00137 / Imm20: 00b00 / Rd: 02 / LUI / U-type [0m
[0;37mControlUnit: DEBUG: (@ 3187.0ns) PC=000104c8 - 00d000b7 / Imm20: 00d00 / Rd: 01 / LUI / U-type [0m
[0;37mControlUnit: DEBUG: (@ 3189.0ns) PC=000104cc - 0220b733 / Funct7: 01 / Rs2: 02 / Rs1: 01 / Funct3: 3 / Rd: 0e / MULDIV / R-type [0m
[0;37mControlUnit: DEBUG: (@ 3203.0ns) PC=000104d0 - 00120213 / Imm12: 001 / Rs1: 04 / Funct3: 0 / Rd: 04 / ARITH / I-type [0m
[0;37mControlUnit: DEBUG: (@ 3205.0ns) PC=000104d4 - 00200293 / Imm12: 002 / Rs1: 00 / Funct3: 0 / Rd: 05 / ARITH / I-type [0m
[0;37mControlUnit: DEBUG: (@ 3211.0ns) PC=000104d8 - fe5216e3 / Imm12: ff6 / Rs2: 05 / Rs1: 04 / Funct3: 1 / BRANCH / B-type [0m
[0;34mControlUnit: INFO: (@ 3211.0ns) Branching [0m
[0;37mControlUnit: DEBUG: (@ 3217.0ns) PC=000104c4 - 00b00137 / Imm20: 00b00 / Rd: 02 / LUI / U-type [0m
[0;37mControlUnit: DEBUG: (@ 3219.0ns) PC=000104c8 - 00d000b7 / Imm20: 00d00 / Rd: 01 / LUI / U-type [0m
[0;37mControlUnit: DEBUG: (@ 3221.0ns) PC=000104cc - 0220b733 / Funct7: 01 / Rs2: 02 / Rs1: 01 / Funct3: 3 / Rd: 0e / MULDIV / R-type [0m
[0;37mControlUnit: DEBUG: (@ 3223.0ns) PC=000104d0 - 00120213 / Imm12: 001 / Rs1: 04 / Funct3: 0 / Rd: 04 / ARITH / I-type [0m
[0;37mControlUnit: DEBUG: (@ 3225.0ns) PC=000104d4 - 00200293 / Imm12: 002 / Rs1: 00 / Funct3: 0 / Rd: 05 / ARITH / I-type [0m
[0;37mControlUnit: DEBUG: (@ 3231.0ns) PC=000104d8 - fe5216e3 / Imm12: ff6 / Rs2: 05 / Rs1: 04 / Funct3: 1 / BRANCH / B-type [0m
[0;37mControlUnit: DEBUG: (@ 3233.0ns) PC=000104dc - 000093b7 / Imm20: 00009 / Rd: 07 / LUI / U-type [0m
[0;37mControlUnit: DEBUG: (@ 3235.0ns) PC=000104e0 - f0038393 / Imm12: f00 / Rs1: 07 / Funct3: 0 / Rd: 07 / ARITH / I-type [0m
[0;37mControlUnit: DEBUG: (@ 3237.0ns) PC=000104e4 - 01400193 / Imm12: 014 / Rs1: 00 / Funct3: 0 / Rd: 03 / ARITH / I-type [0m
[0;37mControlUnit: DEBUG: (@ 3243.0ns) PC=000104e8 - 14771a63 / Imm12: 0aa / Rs2: 07 / Rs1: 0e / Funct3: 1 / BRANCH / B-type [0m
[0;37mControlUnit: DEBUG: (@ 3245.0ns) PC=000104ec - 00000213 / Imm12: 000 / Rs1: 00 / Funct3: 0 / Rd: 04 / ARITH / I-type [0m
[0;37mControlUnit: DEBUG: (@ 3257.0ns) PC=000104f0 - 00b00137 / Imm20: 00b00 / Rd: 02 / LUI / U-type [0m
[0;37mControlUnit: DEBUG: (@ 3259.0ns) PC=000104f4 - 00e000b7 / Imm20: 00e00 / Rd: 01 / LUI / U-type [0m
[0;37mControlUnit: DEBUG: (@ 3261.0ns) PC=000104f8 - 00000013 / Imm12: 000 / Rs1: 00 / Funct3: 0 / Rd: 00 / ARITH / I-type [0m
[0;37mControlUnit: DEBUG: (@ 3263.0ns) PC=000104fc - 0220b733 / Funct7: 01 / Rs2: 02 / Rs1: 01 / Funct3: 3 / Rd: 0e / MULDIV / R-type [0m
[0;37mControlUnit: DEBUG: (@ 3283.0ns) PC=00010500 - 00120213 / Imm12: 001 / Rs1: 04 / Funct3: 0 / Rd: 04 / ARITH / I-type [0m
[0;37mControlUnit: DEBUG: (@ 3285.0ns) PC=00010504 - 00200293 / Imm12: 002 / Rs1: 00 / Funct3: 0 / Rd: 05 / ARITH / I-type [0m
[0;37mControlUnit: DEBUG: (@ 3291.0ns) PC=00010508 - fe5214e3 / Imm12: ff4 / Rs2: 05 / Rs1: 04 / Funct3: 1 / BRANCH / B-type [0m
[0;34mControlUnit: INFO: (@ 3291.0ns) Branching [0m
[0;37mControlUnit: DEBUG: (@ 3297.0ns) PC=000104f0 - 00b00137 / Imm20: 00b00 / Rd: 02 / LUI / U-type [0m
[0;37mControlUnit: DEBUG: (@ 3299.0ns) PC=000104f4 - 00e000b7 / Imm20: 00e00 / Rd: 01 / LUI / U-type [0m
[0;37mControlUnit: DEBUG: (@ 3301.0ns) PC=000104f8 - 00000013 / Imm12: 000 / Rs1: 00 / Funct3: 0 / Rd: 00 / ARITH / I-type [0m
[0;37mControlUnit: DEBUG: (@ 3303.0ns) PC=000104fc - 0220b733 / Funct7: 01 / Rs2: 02 / Rs1: 01 / Funct3: 3 / Rd: 0e / MULDIV / R-type [0m
[0;37mControlUnit: DEBUG: (@ 3305.0ns) PC=00010500 - 00120213 / Imm12: 001 / Rs1: 04 / Funct3: 0 / Rd: 04 / ARITH / I-type [0m
[0;37mControlUnit: DEBUG: (@ 3307.0ns) PC=00010504 - 00200293 / Imm12: 002 / Rs1: 00 / Funct3: 0 / Rd: 05 / ARITH / I-type [0m
[0;37mControlUnit: DEBUG: (@ 3313.0ns) PC=00010508 - fe5214e3 / Imm12: ff4 / Rs2: 05 / Rs1: 04 / Funct3: 1 / BRANCH / B-type [0m
[0;37mControlUnit: DEBUG: (@ 3315.0ns) PC=0001050c - 0000a3b7 / Imm20: 0000a / Rd: 07 / LUI / U-type [0m
[0;37mControlUnit: DEBUG: (@ 3317.0ns) PC=00010510 - a0038393 / Imm12: a00 / Rs1: 07 / Funct3: 0 / Rd: 07 / ARITH / I-type [0m
[0;37mControlUnit: DEBUG: (@ 3319.0ns) PC=00010514 - 01500193 / Imm12: 015 / Rs1: 00 / Funct3: 0 / Rd: 03 / ARITH / I-type [0m
[0;37mControlUnit: DEBUG: (@ 3325.0ns) PC=00010518 - 12771263 / Imm12: 092 / Rs2: 07 / Rs1: 0e / Funct3: 1 / BRANCH / B-type [0m
[0;37mControlUnit: DEBUG: (@ 3327.0ns) PC=0001051c - 00000213 / Imm12: 000 / Rs1: 00 / Funct3: 0 / Rd: 04 / ARITH / I-type [0m
[0;37mControlUnit: DEBUG: (@ 3337.0ns) PC=00010520 - 00b00137 / Imm20: 00b00 / Rd: 02 / LUI / U-type [0m
[0;37mControlUnit: DEBUG: (@ 3339.0ns) PC=00010524 - 00f000b7 / Imm20: 00f00 / Rd: 01 / LUI / U-type [0m
[0;37mControlUnit: DEBUG: (@ 3341.0ns) PC=00010528 - 00000013 / Imm12: 000 / Rs1: 00 / Funct3: 0 / Rd: 00 / ARITH / I-type [0m
[0;37mControlUnit: DEBUG: (@ 3343.0ns) PC=0001052c - 00000013 / Imm12: 000 / Rs1: 00 / Funct3: 0 / Rd: 00 / ARITH / I-type [0m
[0;37mControlUnit: DEBUG: (@ 3365.0ns) PC=00010530 - 0220b733 / Funct7: 01 / Rs2: 02 / Rs1: 01 / Funct3: 3 / Rd: 0e / MULDIV / R-type [0m
[0;37mControlUnit: DEBUG: (@ 3367.0ns) PC=00010534 - 00120213 / Imm12: 001 / Rs1: 04 / Funct3: 0 / Rd: 04 / ARITH / I-type [0m
[0;37mControlUnit: DEBUG: (@ 3369.0ns) PC=00010538 - 00200293 / Imm12: 002 / Rs1: 00 / Funct3: 0 / Rd: 05 / ARITH / I-type [0m
[0;37mControlUnit: DEBUG: (@ 3375.0ns) PC=0001053c - fe5212e3 / Imm12: ff2 / Rs2: 05 / Rs1: 04 / Funct3: 1 / BRANCH / B-type [0m
[0;34mControlUnit: INFO: (@ 3375.0ns) Branching [0m
[0;37mControlUnit: DEBUG: (@ 3381.0ns) PC=00010520 - 00b00137 / Imm20: 00b00 / Rd: 02 / LUI / U-type [0m
[0;37mControlUnit: DEBUG: (@ 3383.0ns) PC=00010524 - 00f000b7 / Imm20: 00f00 / Rd: 01 / LUI / U-type [0m
[0;37mControlUnit: DEBUG: (@ 3385.0ns) PC=00010528 - 00000013 / Imm12: 000 / Rs1: 00 / Funct3: 0 / Rd: 00 / ARITH / I-type [0m
[0;37mControlUnit: DEBUG: (@ 3387.0ns) PC=0001052c - 00000013 / Imm12: 000 / Rs1: 00 / Funct3: 0 / Rd: 00 / ARITH / I-type [0m
[0;37mControlUnit: DEBUG: (@ 3389.0ns) PC=00010530 - 0220b733 / Funct7: 01 / Rs2: 02 / Rs1: 01 / Funct3: 3 / Rd: 0e / MULDIV / R-type [0m
[0;37mControlUnit: DEBUG: (@ 3391.0ns) PC=00010534 - 00120213 / Imm12: 001 / Rs1: 04 / Funct3: 0 / Rd: 04 / ARITH / I-type [0m
[0;37mControlUnit: DEBUG: (@ 3393.0ns) PC=00010538 - 00200293 / Imm12: 002 / Rs1: 00 / Funct3: 0 / Rd: 05 / ARITH / I-type [0m
[0;37mControlUnit: DEBUG: (@ 3399.0ns) PC=0001053c - fe5212e3 / Imm12: ff2 / Rs2: 05 / Rs1: 04 / Funct3: 1 / BRANCH / B-type [0m
[0;37mControlUnit: DEBUG: (@ 3401.0ns) PC=00010540 - 0000a3b7 / Imm20: 0000a / Rd: 07 / LUI / U-type [0m
[0;37mControlUnit: DEBUG: (@ 3403.0ns) PC=00010544 - 50038393 / Imm12: 500 / Rs1: 07 / Funct3: 0 / Rd: 07 / ARITH / I-type [0m
[0;37mControlUnit: DEBUG: (@ 3405.0ns) PC=00010548 - 01600193 / Imm12: 016 / Rs1: 00 / Funct3: 0 / Rd: 03 / ARITH / I-type [0m
[0;37mControlUnit: DEBUG: (@ 3411.0ns) PC=0001054c - 0e771863 / Imm12: 078 / Rs2: 07 / Rs1: 0e / Funct3: 1 / BRANCH / B-type [0m
[0;37mControlUnit: DEBUG: (@ 3421.0ns) PC=00010550 - 00000213 / Imm12: 000 / Rs1: 00 / Funct3: 0 / Rd: 04 / ARITH / I-type [0m
[0;37mControlUnit: DEBUG: (@ 3427.0ns) PC=00010554 - 00b00137 / Imm20: 00b00 / Rd: 02 / LUI / U-type [0m
[0;37mControlUnit: DEBUG: (@ 3429.0ns) PC=00010558 - 00000013 / Imm12: 000 / Rs1: 00 / Funct3: 0 / Rd: 00 / ARITH / I-type [0m
[0;37mControlUnit: DEBUG: (@ 3435.0ns) PC=0001055c - 00d000b7 / Imm20: 00d00 / Rd: 01 / LUI / U-type [0m
[0;37mControlUnit: DEBUG: (@ 3447.0ns) PC=00010560 - 0220b733 / Funct7: 01 / Rs2: 02 / Rs1: 01 / Funct3: 3 / Rd: 0e / MULDIV / R-type [0m
[0;37mControlUnit: DEBUG: (@ 3449.0ns) PC=00010564 - 00120213 / Imm12: 001 / Rs1: 04 / Funct3: 0 / Rd: 04 / ARITH / I-type [0m
[0;37mControlUnit: DEBUG: (@ 3451.0ns) PC=00010568 - 00200293 / Imm12: 002 / Rs1: 00 / Funct3: 0 / Rd: 05 / ARITH / I-type [0m
[0;37mControlUnit: DEBUG: (@ 3457.0ns) PC=0001056c - fe5214e3 / Imm12: ff4 / Rs2: 05 / Rs1: 04 / Funct3: 1 / BRANCH / B-type [0m
[0;34mControlUnit: INFO: (@ 3457.0ns) Branching [0m
[0;37mControlUnit: DEBUG: (@ 3463.0ns) PC=00010554 - 00b00137 / Imm20: 00b00 / Rd: 02 / LUI / U-type [0m
[0;37mControlUnit: DEBUG: (@ 3465.0ns) PC=00010558 - 00000013 / Imm12: 000 / Rs1: 00 / Funct3: 0 / Rd: 00 / ARITH / I-type [0m
[0;37mControlUnit: DEBUG: (@ 3471.0ns) PC=0001055c - 00d000b7 / Imm20: 00d00 / Rd: 01 / LUI / U-type [0m
[0;37mControlUnit: DEBUG: (@ 3473.0ns) PC=00010560 - 0220b733 / Funct7: 01 / Rs2: 02 / Rs1: 01 / Funct3: 3 / Rd: 0e / MULDIV / R-type [0m
[0;37mControlUnit: DEBUG: (@ 3475.0ns) PC=00010564 - 00120213 / Imm12: 001 / Rs1: 04 / Funct3: 0 / Rd: 04 / ARITH / I-type [0m
[0;37mControlUnit: DEBUG: (@ 3477.0ns) PC=00010568 - 00200293 / Imm12: 002 / Rs1: 00 / Funct3: 0 / Rd: 05 / ARITH / I-type [0m
[0;37mControlUnit: DEBUG: (@ 3483.0ns) PC=0001056c - fe5214e3 / Imm12: ff4 / Rs2: 05 / Rs1: 04 / Funct3: 1 / BRANCH / B-type [0m
[0;37mControlUnit: DEBUG: (@ 3485.0ns) PC=00010570 - 000093b7 / Imm20: 00009 / Rd: 07 / LUI / U-type [0m
[0;37mControlUnit: DEBUG: (@ 3487.0ns) PC=00010574 - f0038393 / Imm12: f00 / Rs1: 07 / Funct3: 0 / Rd: 07 / ARITH / I-type [0m
[0;37mControlUnit: DEBUG: (@ 3489.0ns) PC=00010578 - 01700193 / Imm12: 017 / Rs1: 00 / Funct3: 0 / Rd: 03 / ARITH / I-type [0m
[0;37mControlUnit: DEBUG: (@ 3495.0ns) PC=0001057c - 0c771063 / Imm12: 060 / Rs2: 07 / Rs1: 0e / Funct3: 1 / BRANCH / B-type [0m
[0;37mControlUnit: DEBUG: (@ 3505.0ns) PC=00010580 - 00000213 / Imm12: 000 / Rs1: 00 / Funct3: 0 / Rd: 04 / ARITH / I-type [0m
[0;37mControlUnit: DEBUG: (@ 3511.0ns) PC=00010584 - 00b00137 / Imm20: 00b00 / Rd: 02 / LUI / U-type [0m
[0;37mControlUnit: DEBUG: (@ 3513.0ns) PC=00010588 - 00000013 / Imm12: 000 / Rs1: 00 / Funct3: 0 / Rd: 00 / ARITH / I-type [0m
[0;37mControlUnit: DEBUG: (@ 3519.0ns) PC=0001058c - 00e000b7 / Imm20: 00e00 / Rd: 01 / LUI / U-type [0m
[0;37mControlUnit: DEBUG: (@ 3531.0ns) PC=00010590 - 00000013 / Imm12: 000 / Rs1: 00 / Funct3: 0 / Rd: 00 / ARITH / I-type [0m
[0;37mControlUnit: DEBUG: (@ 3533.0ns) PC=00010594 - 0220b733 / Funct7: 01 / Rs2: 02 / Rs1: 01 / Funct3: 3 / Rd: 0e / MULDIV / R-type [0m
[0;37mControlUnit: DEBUG: (@ 3535.0ns) PC=00010598 - 00120213 / Imm12: 001 / Rs1: 04 / Funct3: 0 / Rd: 04 / ARITH / I-type [0m
[0;37mControlUnit: DEBUG: (@ 3537.0ns) PC=0001059c - 00200293 / Imm12: 002 / Rs1: 00 / Funct3: 0 / Rd: 05 / ARITH / I-type [0m
[0;37mControlUnit: DEBUG: (@ 3559.0ns) PC=000105a0 - fe5212e3 / Imm12: ff2 / Rs2: 05 / Rs1: 04 / Funct3: 1 / BRANCH / B-type [0m
[0;34mControlUnit: INFO: (@ 3559.0ns) Branching [0m
[0;37mControlUnit: DEBUG: (@ 3565.0ns) PC=00010584 - 00b00137 / Imm20: 00b00 / Rd: 02 / LUI / U-type [0m
[0;37mControlUnit: DEBUG: (@ 3567.0ns) PC=00010588 - 00000013 / Imm12: 000 / Rs1: 00 / Funct3: 0 / Rd: 00 / ARITH / I-type [0m
[0;37mControlUnit: DEBUG: (@ 3573.0ns) PC=0001058c - 00e000b7 / Imm20: 00e00 / Rd: 01 / LUI / U-type [0m
[0;37mControlUnit: DEBUG: (@ 3575.0ns) PC=00010590 - 00000013 / Imm12: 000 / Rs1: 00 / Funct3: 0 / Rd: 00 / ARITH / I-type [0m
[0;37mControlUnit: DEBUG: (@ 3577.0ns) PC=00010594 - 0220b733 / Funct7: 01 / Rs2: 02 / Rs1: 01 / Funct3: 3 / Rd: 0e / MULDIV / R-type [0m
[0;37mControlUnit: DEBUG: (@ 3579.0ns) PC=00010598 - 00120213 / Imm12: 001 / Rs1: 04 / Funct3: 0 / Rd: 04 / ARITH / I-type [0m
[0;37mControlUnit: DEBUG: (@ 3581.0ns) PC=0001059c - 00200293 / Imm12: 002 / Rs1: 00 / Funct3: 0 / Rd: 05 / ARITH / I-type [0m
[0;37mControlUnit: DEBUG: (@ 3587.0ns) PC=000105a0 - fe5212e3 / Imm12: ff2 / Rs2: 05 / Rs1: 04 / Funct3: 1 / BRANCH / B-type [0m
[0;37mControlUnit: DEBUG: (@ 3589.0ns) PC=000105a4 - 0000a3b7 / Imm20: 0000a / Rd: 07 / LUI / U-type [0m
[0;37mControlUnit: DEBUG: (@ 3591.0ns) PC=000105a8 - a0038393 / Imm12: a00 / Rs1: 07 / Funct3: 0 / Rd: 07 / ARITH / I-type [0m
[0;37mControlUnit: DEBUG: (@ 3593.0ns) PC=000105ac - 01800193 / Imm12: 018 / Rs1: 00 / Funct3: 0 / Rd: 03 / ARITH / I-type [0m
[0;37mControlUnit: DEBUG: (@ 3603.0ns) PC=000105b0 - 08771663 / Imm12: 046 / Rs2: 07 / Rs1: 0e / Funct3: 1 / BRANCH / B-type [0m
[0;37mControlUnit: DEBUG: (@ 3605.0ns) PC=000105b4 - 00000213 / Imm12: 000 / Rs1: 00 / Funct3: 0 / Rd: 04 / ARITH / I-type [0m
[0;37mControlUnit: DEBUG: (@ 3611.0ns) PC=000105b8 - 00b00137 / Imm20: 00b00 / Rd: 02 / LUI / U-type [0m
[0;37mControlUnit: DEBUG: (@ 3613.0ns) PC=000105bc - 00000013 / Imm12: 000 / Rs1: 00 / Funct3: 0 / Rd: 00 / ARITH / I-type [0m
[0;37mControlUnit: DEBUG: (@ 3627.0ns) PC=000105c0 - 00000013 / Imm12: 000 / Rs1: 00 / Funct3: 0 / Rd: 00 / ARITH / I-type [0m
[0;37mControlUnit: DEBUG: (@ 3633.0ns) PC=000105c4 - 00f000b7 / Imm20: 00f00 / Rd: 01 / LUI / U-type [0m
[0;37mControlUnit: DEBUG: (@ 3635.0ns) PC=000105c8 - 0220b733 / Funct7: 01 / Rs2: 02 / Rs1: 01 / Funct3: 3 / Rd: 0e / MULDIV / R-type [0m
[0;37mControlUnit: DEBUG: (@ 3637.0ns) PC=000105cc - 00120213 / Imm12: 001 / Rs1: 04 / Funct3: 0 / Rd: 04 / ARITH / I-type [0m
[0;37mControlUnit: DEBUG: (@ 3651.0ns) PC=000105d0 - 00200293 / Imm12: 002 / Rs1: 00 / Funct3: 0 / Rd: 05 / ARITH / I-type [0m
[0;37mControlUnit: DEBUG: (@ 3657.0ns) PC=000105d4 - fe5212e3 / Imm12: ff2 / Rs2: 05 / Rs1: 04 / Funct3: 1 / BRANCH / B-type [0m
[0;34mControlUnit: INFO: (@ 3657.0ns) Branching [0m
[0;37mControlUnit: DEBUG: (@ 3663.0ns) PC=000105b8 - 00b00137 / Imm20: 00b00 / Rd: 02 / LUI / U-type [0m
[0;37mControlUnit: DEBUG: (@ 3665.0ns) PC=000105bc - 00000013 / Imm12: 000 / Rs1: 00 / Funct3: 0 / Rd: 00 / ARITH / I-type [0m
[0;37mControlUnit: DEBUG: (@ 3667.0ns) PC=000105c0 - 00000013 / Imm12: 000 / Rs1: 00 / Funct3: 0 / Rd: 00 / ARITH / I-type [0m
[0;37mControlUnit: DEBUG: (@ 3673.0ns) PC=000105c4 - 00f000b7 / Imm20: 00f00 / Rd: 01 / LUI / U-type [0m
[0;37mControlUnit: DEBUG: (@ 3675.0ns) PC=000105c8 - 0220b733 / Funct7: 01 / Rs2: 02 / Rs1: 01 / Funct3: 3 / Rd: 0e / MULDIV / R-type [0m
[0;37mControlUnit: DEBUG: (@ 3677.0ns) PC=000105cc - 00120213 / Imm12: 001 / Rs1: 04 / Funct3: 0 / Rd: 04 / ARITH / I-type [0m
[0;37mControlUnit: DEBUG: (@ 3679.0ns) PC=000105d0 - 00200293 / Imm12: 002 / Rs1: 00 / Funct3: 0 / Rd: 05 / ARITH / I-type [0m
[0;37mControlUnit: DEBUG: (@ 3685.0ns) PC=000105d4 - fe5212e3 / Imm12: ff2 / Rs2: 05 / Rs1: 04 / Funct3: 1 / BRANCH / B-type [0m
[0;37mControlUnit: DEBUG: (@ 3687.0ns) PC=000105d8 - 0000a3b7 / Imm20: 0000a / Rd: 07 / LUI / U-type [0m
[0;37mControlUnit: DEBUG: (@ 3689.0ns) PC=000105dc - 50038393 / Imm12: 500 / Rs1: 07 / Funct3: 0 / Rd: 07 / ARITH / I-type [0m
[0;37mControlUnit: DEBUG: (@ 3691.0ns) PC=000105e0 - 01900193 / Imm12: 019 / Rs1: 00 / Funct3: 0 / Rd: 03 / ARITH / I-type [0m
[0;37mControlUnit: DEBUG: (@ 3697.0ns) PC=000105e4 - 04771c63 / Imm12: 02c / Rs2: 07 / Rs1: 0e / Funct3: 1 / BRANCH / B-type [0m
[0;37mControlUnit: DEBUG: (@ 3699.0ns) PC=000105e8 - 7c0000b7 / Imm20: 7c000 / Rd: 01 / LUI / U-type [0m
[0;37mControlUnit: DEBUG: (@ 3701.0ns) PC=000105ec - 02103133 / Funct7: 01 / Rs2: 01 / Rs1: 00 / Funct3: 3 / Rd: 02 / MULDIV / R-type [0m
[0;37mControlUnit: DEBUG: (@ 3713.0ns) PC=000105f0 - 00000393 / Imm12: 000 / Rs1: 00 / Funct3: 0 / Rd: 07 / ARITH / I-type [0m
[0;37mControlUnit: DEBUG: (@ 3715.0ns) PC=000105f4 - 01a00193 / Imm12: 01a / Rs1: 00 / Funct3: 0 / Rd: 03 / ARITH / I-type [0m
[0;37mControlUnit: DEBUG: (@ 3721.0ns) PC=000105f8 - 04711263 / Imm12: 022 / Rs2: 07 / Rs1: 02 / Funct3: 1 / BRANCH / B-type [0m
[0;37mControlUnit: DEBUG: (@ 3723.0ns) PC=000105fc - 800000b7 / Imm20: 80000 / Rd: 01 / LUI / U-type [0m
[0;37mControlUnit: DEBUG: (@ 3739.0ns) PC=00010600 - 0200b133 / Funct7: 01 / Rs2: 00 / Rs1: 01 / Funct3: 3 / Rd: 02 / MULDIV / R-type [0m
[0;37mControlUnit: DEBUG: (@ 3741.0ns) PC=00010604 - 00000393 / Imm12: 000 / Rs1: 00 / Funct3: 0 / Rd: 07 / ARITH / I-type [0m
[0;37mControlUnit: DEBUG: (@ 3743.0ns) PC=00010608 - 01b00193 / Imm12: 01b / Rs1: 00 / Funct3: 0 / Rd: 03 / ARITH / I-type [0m
[0;37mControlUnit: DEBUG: (@ 3749.0ns) PC=0001060c - 02711863 / Imm12: 018 / Rs2: 07 / Rs1: 02 / Funct3: 1 / BRANCH / B-type [0m
[0;37mControlUnit: DEBUG: (@ 3767.0ns) PC=00010610 - 020030b3 / Funct7: 01 / Rs2: 00 / Rs1: 00 / Funct3: 3 / Rd: 01 / MULDIV / R-type [0m
[0;37mControlUnit: DEBUG: (@ 3769.0ns) PC=00010614 - 00000393 / Imm12: 000 / Rs1: 00 / Funct3: 0 / Rd: 07 / ARITH / I-type [0m
[0;37mControlUnit: DEBUG: (@ 3771.0ns) PC=00010618 - 01c00193 / Imm12: 01c / Rs1: 00 / Funct3: 0 / Rd: 03 / ARITH / I-type [0m
[0;37mControlUnit: DEBUG: (@ 3777.0ns) PC=0001061c - 02709063 / Imm12: 010 / Rs2: 07 / Rs1: 01 / Funct3: 1 / BRANCH / B-type [0m
[0;37mControlUnit: DEBUG: (@ 3797.0ns) PC=00010620 - 021000b7 / Imm20: 02100 / Rd: 01 / LUI / U-type [0m
[0;37mControlUnit: DEBUG: (@ 3799.0ns) PC=00010624 - 02200137 / Imm20: 02200 / Rd: 02 / LUI / U-type [0m
[0;37mControlUnit: DEBUG: (@ 3801.0ns) PC=00010628 - 0220b033 / Funct7: 01 / Rs2: 02 / Rs1: 01 / Funct3: 3 / Rd: 00 / MULDIV / R-type [0m
[0;37mControlUnit: DEBUG: (@ 3803.0ns) PC=0001062c - 00000393 / Imm12: 000 / Rs1: 00 / Funct3: 0 / Rd: 07 / ARITH / I-type [0m
[0;37mControlUnit: DEBUG: (@ 3821.0ns) PC=00010630 - 01d00193 / Imm12: 01d / Rs1: 00 / Funct3: 0 / Rd: 03 / ARITH / I-type [0m
[0;37mControlUnit: DEBUG: (@ 3827.0ns) PC=00010634 - 00701463 / Imm12: 004 / Rs2: 07 / Rs1: 00 / Funct3: 1 / BRANCH / B-type [0m
[0;37mControlUnit: DEBUG: (@ 3829.0ns) PC=00010638 - 02301263 / Imm12: 012 / Rs2: 03 / Rs1: 00 / Funct3: 1 / BRANCH / B-type [0m
[0;34mControlUnit: INFO: (@ 3829.0ns) Branching [0m
[0;37mControlUnit: DEBUG: (@ 3863.0ns) PC=0001065c - 0ff0000f / Imm12: 000 / Rs1: 00 / Funct3: 0 / Rd: 00 / FENCE / I-type [0m
[0;37mControlUnit: DEBUG: (@ 3881.0ns) PC=00010660 - 00100193 / Imm12: 001 / Rs1: 00 / Funct3: 0 / Rd: 03 / ARITH / I-type [0m
[0;37mControlUnit: DEBUG: (@ 3883.0ns) PC=00010664 - 05d00893 / Imm12: 05d / Rs1: 00 / Funct3: 0 / Rd: 11 / ARITH / I-type [0m
[0;37mControlUnit: DEBUG: (@ 3885.0ns) PC=00010668 - 00000513 / Imm12: 000 / Rs1: 00 / Funct3: 0 / Rd: 0a / ARITH / I-type [0m
[0;37mControlUnit: DEBUG: (@ 3891.0ns) PC=0001066c - 00100073 / Imm12: 001 / Rs1: 00 / Funct3: 0 / Rd: 00 / EBREAK - I-type [0m
[0;34mControlUnit: INFO: (@ 3891.0ns) EBREAK -> Stop the processor [0m

[0;34mINFO: PC=0x1066c (@ 3893.0ns) (friscv_testbench.sv:803)[0m
[0;34mINFO: X31=0x0 (@ 3893.0ns) (friscv_testbench.sv:809)[0m
[0;34mINFO: Halt on EBREAK (@ 3893.0ns) (friscv_testbench.sv:816)[0m
[0;34mINFO: Halt on MRET (@ 3893.0ns) (friscv_testbench.sv:817)[0m
pc:       0001066c	x16/a6:   00000000
x1/ra:    02100000	x17/a7:   0000005d
x2/sp:    02200000	x18/s2:   00000000
x3/gp:    00000001	x19/s3:   00000000
x4/tp:    00000002	x20/s4:   00000000
x5/t0:    00000002	x21/s5:   00000000
x6/t1:    0000a500	x22/s6:   00000000
x7/t2:    00000000	x23/s7:   00000000
x8/s0/fp: 00000000	x24/s8:   00000000
x9/s1:    00000000	x25/s9:   00000000
x10/a0:   00000000	x26/s10:  00000000
x11/a1:   00000000	x27/s11:  00000000
x12/a2:   00000000	x28/t3:   00000000
x13/a3:   00000000	x29/t4:   00000000
x14/a4:   0000a500	x30/t5:   00000000
x15/a5:   00000000	x31/t6:   00000000
[0;32mSUCCESS: << Test 0: rv32ui-p-add >> pass (@ 3893.0ns) (friscv_testbench.sv:906)[0m

[0;34mINFO: Stop testsuite 'FRISCV Testbench' (@ 3893.0ns) (friscv_testbench.sv:908)[0m
  [1;33m- Warning number:  0[0m
  [1;35m- Critical number: 0[0m
  [1;31m- Error number:    0[0m
  [0;32m- STATUS: 1/1 test(s) passed[0m

friscv_testbench.sv:930: $finish called at 3893000 (1ps)

SVUT (@ 18:39:50) Stop friscv_testbench.sv

SVUT (@ 18:39:50) Elapsed time: 0:00:08.072519


[0;34mINFO: Execute ./tests/rv32um-p-rem.v[0m
Sources didn't change, will not compile the testbench
  - Config file:      config.cfg
  - BOOT_ADDR:        65536
  - TIMEOUT:          100000
  - MIN_PC:           65908
  - TB_CHOICE:        1 (0=CORE, 1=PLATFORM)
  - TCNAME:           rv32um-p-rem
  - SIMULATOR:        icarus
  - NO_VCD:           1
  - INTERACTIVE:      0
  - RAM_MODE:         compliance

       ______    ____  ________
      / ___/ |  / / / / /_  __/
      \__ \| | / / / / / / /  
     ___/ /| |/ / /_/ / / /   
    /____/ |___/\____/ /_/

    v1.10.0

SVUT (@ 18:39:50) Run with Icarus Verilog

SVUT (@ 18:39:50) Start friscv_testbench.sv

SVUT (@ 18:39:50) vvp svut.out 
WARNING: ../common/axi4l_ram.sv:112: $readmemh(test.v): Not enough words in the file for the requested range [0:268435455].
[0;34mINFO: No VCD trace will be created (@ 0) (friscv_testbench.sv:769)[0m
[0;34mINFO: Boot address: 0x00010000 (@ 0.0ns) (friscv_testbench.sv:794)[0m

[0;34mINFO: Start testsuite << FRISCV Testbench >> (@ 0.0ns) (friscv_testbench.sv:896)[0m

[0;34mINFO: Starting << Test 0: rv32ui-p-add >> (@ 0.0ns) (friscv_testbench.sv:898)[0m
[0;34mControlUnit: INFO: (@ 1037.0ns) IDLE -> Boot the processor [0m
[0;34mControlUnit: INFO: (@ 1065.0ns) JAL [0m
[0;37mControlUnit: DEBUG: (@ 1065.0ns) PC=00010000 - 0480006f / Imm20: 00024 / rd: 00  / JAL / J-type [0m
[0;37mControlUnit: DEBUG: (@ 1093.0ns) PC=00010048 - 00000093 / Imm12: 000 / Rs1: 00 / Funct3: 0 / Rd: 01 / ARITH / I-type [0m
[0;37mControlUnit: DEBUG: (@ 1095.0ns) PC=0001004c - 00000113 / Imm12: 000 / Rs1: 00 / Funct3: 0 / Rd: 02 / ARITH / I-type [0m
[0;37mControlUnit: DEBUG: (@ 1113.0ns) PC=00010050 - 00000193 / Imm12: 000 / Rs1: 00 / Funct3: 0 / Rd: 03 / ARITH / I-type [0m
[0;37mControlUnit: DEBUG: (@ 1115.0ns) PC=00010054 - 00000213 / Imm12: 000 / Rs1: 00 / Funct3: 0 / Rd: 04 / ARITH / I-type [0m
[0;37mControlUnit: DEBUG: (@ 1117.0ns) PC=00010058 - 00000293 / Imm12: 000 / Rs1: 00 / Funct3: 0 / Rd: 05 / ARITH / I-type [0m
[0;37mControlUnit: DEBUG: (@ 1119.0ns) PC=0001005c - 00000313 / Imm12: 000 / Rs1: 00 / Funct3: 0 / Rd: 06 / ARITH / I-type [0m
[0;37mControlUnit: DEBUG: (@ 1137.0ns) PC=00010060 - 00000393 / Imm12: 000 / Rs1: 00 / Funct3: 0 / Rd: 07 / ARITH / I-type [0m
[0;37mControlUnit: DEBUG: (@ 1139.0ns) PC=00010064 - 00000413 / Imm12: 000 / Rs1: 00 / Funct3: 0 / Rd: 08 / ARITH / I-type [0m
[0;37mControlUnit: DEBUG: (@ 1141.0ns) PC=00010068 - 00000493 / Imm12: 000 / Rs1: 00 / Funct3: 0 / Rd: 09 / ARITH / I-type [0m
[0;37mControlUnit: DEBUG: (@ 1143.0ns) PC=0001006c - 00000513 / Imm12: 000 / Rs1: 00 / Funct3: 0 / Rd: 0a / ARITH / I-type [0m
[0;37mControlUnit: DEBUG: (@ 1161.0ns) PC=00010070 - 00000593 / Imm12: 000 / Rs1: 00 / Funct3: 0 / Rd: 0b / ARITH / I-type [0m
[0;37mControlUnit: DEBUG: (@ 1163.0ns) PC=00010074 - 00000613 / Imm12: 000 / Rs1: 00 / Funct3: 0 / Rd: 0c / ARITH / I-type [0m
[0;37mControlUnit: DEBUG: (@ 1165.0ns) PC=00010078 - 00000693 / Imm12: 000 / Rs1: 00 / Funct3: 0 / Rd: 0d / ARITH / I-type [0m
[0;37mControlUnit: DEBUG: (@ 1167.0ns) PC=0001007c - 00000713 / Imm12: 000 / Rs1: 00 / Funct3: 0 / Rd: 0e / ARITH / I-type [0m
[0;37mControlUnit: DEBUG: (@ 1185.0ns) PC=00010080 - 00000793 / Imm12: 000 / Rs1: 00 / Funct3: 0 / Rd: 0f / ARITH / I-type [0m
[0;37mControlUnit: DEBUG: (@ 1187.0ns) PC=00010084 - 00000813 / Imm12: 000 / Rs1: 00 / Funct3: 0 / Rd: 10 / ARITH / I-type [0m
[0;37mControlUnit: DEBUG: (@ 1189.0ns) PC=00010088 - 00000893 / Imm12: 000 / Rs1: 00 / Funct3: 0 / Rd: 11 / ARITH / I-type [0m
[0;37mControlUnit: DEBUG: (@ 1191.0ns) PC=0001008c - 00000913 / Imm12: 000 / Rs1: 00 / Funct3: 0 / Rd: 12 / ARITH / I-type [0m
[0;37mControlUnit: DEBUG: (@ 1209.0ns) PC=00010090 - 00000993 / Imm12: 000 / Rs1: 00 / Funct3: 0 / Rd: 13 / ARITH / I-type [0m
[0;37mControlUnit: DEBUG: (@ 1211.0ns) PC=00010094 - 00000a13 / Imm12: 000 / Rs1: 00 / Funct3: 0 / Rd: 14 / ARITH / I-type [0m
[0;37mControlUnit: DEBUG: (@ 1213.0ns) PC=00010098 - 00000a93 / Imm12: 000 / Rs1: 00 / Funct3: 0 / Rd: 15 / ARITH / I-type [0m
[0;37mControlUnit: DEBUG: (@ 1215.0ns) PC=0001009c - 00000b13 / Imm12: 000 / Rs1: 00 / Funct3: 0 / Rd: 16 / ARITH / I-type [0m
[0;37mControlUnit: DEBUG: (@ 1235.0ns) PC=000100a0 - 00000b93 / Imm12: 000 / Rs1: 00 / Funct3: 0 / Rd: 17 / ARITH / I-type [0m
[0;37mControlUnit: DEBUG: (@ 1237.0ns) PC=000100a4 - 00000c13 / Imm12: 000 / Rs1: 00 / Funct3: 0 / Rd: 18 / ARITH / I-type [0m
[0;37mControlUnit: DEBUG: (@ 1239.0ns) PC=000100a8 - 00000c93 / Imm12: 000 / Rs1: 00 / Funct3: 0 / Rd: 19 / ARITH / I-type [0m
[0;37mControlUnit: DEBUG: (@ 1241.0ns) PC=000100ac - 00000d13 / Imm12: 000 / Rs1: 00 / Funct3: 0 / Rd: 1a / ARITH / I-type [0m
[0;37mControlUnit: DEBUG: (@ 1263.0ns) PC=000100b0 - 00000d93 / Imm12: 000 / Rs1: 00 / Funct3: 0 / Rd: 1b / ARITH / I-type [0m
[0;37mControlUnit: DEBUG: (@ 1265.0ns) PC=000100b4 - 00000e13 / Imm12: 000 / Rs1: 00 / Funct3: 0 / Rd: 1c / ARITH / I-type [0m
[0;37mControlUnit: DEBUG: (@ 1267.0ns) PC=000100b8 - 00000e93 / Imm12: 000 / Rs1: 00 / Funct3: 0 / Rd: 1d / ARITH / I-type [0m
[0;37mControlUnit: DEBUG: (@ 1269.0ns) PC=000100bc - 00000f13 / Imm12: 000 / Rs1: 00 / Funct3: 0 / Rd: 1e / ARITH / I-type [0m
[0;37mControlUnit: DEBUG: (@ 1287.0ns) PC=000100c0 - 00000f93 / Imm12: 000 / Rs1: 00 / Funct3: 0 / Rd: 1f / ARITH / I-type [0m
[0;37mControlUnit: DEBUG: (@ 1293.0ns) PC=000100c4 - f1402573 / Csr: f14 / Rs1: 00 / Funct3: 2 / Rd: 0a / CSR / I-type [0m
[0;37mControlUnit: DEBUG: (@ 1295.0ns) PC=000100c8 - 00051063 / Imm12: 000 / Rs2: 00 / Rs1: 0a / Funct3: 1 / BRANCH / B-type [0m
[0;37mControlUnit: DEBUG: (@ 1297.0ns) PC=000100cc - 00000297 / Imm20: 00000 / Rd: 05 / AUIPC / U-type [0m
[0;37mControlUnit: DEBUG: (@ 1311.0ns) PC=000100d0 - 01028293 / Imm12: 010 / Rs1: 05 / Funct3: 0 / Rd: 05 / ARITH / I-type [0m
[0;37mControlUnit: DEBUG: (@ 1317.0ns) PC=000100d4 - 30529073 / Csr: 305 / Rs1: 05 / Funct3: 1 / Rd: 00 / CSR / I-type [0m
[0;37mControlUnit: DEBUG: (@ 1319.0ns) PC=000100d8 - 18005073 / Csr: 180 / Rs1: 00 / Funct3: 5 / Rd: 00 / CSR / I-type [0m
[0;37mControlUnit: DEBUG: (@ 1321.0ns) PC=000100dc - 00000297 / Imm20: 00000 / Rd: 05 / AUIPC / U-type [0m
[0;37mControlUnit: DEBUG: (@ 1337.0ns) PC=000100e0 - 02028293 / Imm12: 020 / Rs1: 05 / Funct3: 0 / Rd: 05 / ARITH / I-type [0m
[0;37mControlUnit: DEBUG: (@ 1343.0ns) PC=000100e4 - 30529073 / Csr: 305 / Rs1: 05 / Funct3: 1 / Rd: 00 / CSR / I-type [0m
[0;37mControlUnit: DEBUG: (@ 1345.0ns) PC=000100e8 - 800002b7 / Imm20: 80000 / Rd: 05 / LUI / U-type [0m
[0;37mControlUnit: DEBUG: (@ 1347.0ns) PC=000100ec - fff28293 / Imm12: fff / Rs1: 05 / Funct3: 0 / Rd: 05 / ARITH / I-type [0m
[0;37mControlUnit: DEBUG: (@ 1365.0ns) PC=000100f0 - 3b029073 / Csr: 3b0 / Rs1: 05 / Funct3: 1 / Rd: 00 / CSR / I-type [0m
[0;37mControlUnit: DEBUG: (@ 1367.0ns) PC=000100f4 - 01f00293 / Imm12: 01f / Rs1: 00 / Funct3: 0 / Rd: 05 / ARITH / I-type [0m
[0;37mControlUnit: DEBUG: (@ 1373.0ns) PC=000100f8 - 3a029073 / Csr: 3a0 / Rs1: 05 / Funct3: 1 / Rd: 00 / CSR / I-type [0m
[0;37mControlUnit: DEBUG: (@ 1375.0ns) PC=000100fc - 30405073 / Csr: 304 / Rs1: 00 / Funct3: 5 / Rd: 00 / CSR / I-type [0m
[0;37mControlUnit: DEBUG: (@ 1395.0ns) PC=00010100 - 00000297 / Imm20: 00000 / Rd: 05 / AUIPC / U-type [0m
[0;37mControlUnit: DEBUG: (@ 1397.0ns) PC=00010104 - 01428293 / Imm12: 014 / Rs1: 05 / Funct3: 0 / Rd: 05 / ARITH / I-type [0m
[0;37mControlUnit: DEBUG: (@ 1403.0ns) PC=00010108 - 30529073 / Csr: 305 / Rs1: 05 / Funct3: 1 / Rd: 00 / CSR / I-type [0m
[0;37mControlUnit: DEBUG: (@ 1405.0ns) PC=0001010c - 30205073 / Csr: 302 / Rs1: 00 / Funct3: 5 / Rd: 00 / CSR / I-type [0m
[0;37mControlUnit: DEBUG: (@ 1427.0ns) PC=00010110 - 30305073 / Csr: 303 / Rs1: 00 / Funct3: 5 / Rd: 00 / CSR / I-type [0m
[0;37mControlUnit: DEBUG: (@ 1429.0ns) PC=00010114 - 00000193 / Imm12: 000 / Rs1: 00 / Funct3: 0 / Rd: 03 / ARITH / I-type [0m
[0;37mControlUnit: DEBUG: (@ 1435.0ns) PC=00010118 - 00000297 / Imm20: 00000 / Rd: 05 / AUIPC / U-type [0m
[0;37mControlUnit: DEBUG: (@ 1437.0ns) PC=0001011c - eec28293 / Imm12: eec / Rs1: 05 / Funct3: 0 / Rd: 05 / ARITH / I-type [0m
[0;37mControlUnit: DEBUG: (@ 1461.0ns) PC=00010120 - 30529073 / Csr: 305 / Rs1: 05 / Funct3: 1 / Rd: 00 / CSR / I-type [0m
[0;37mControlUnit: DEBUG: (@ 1463.0ns) PC=00010124 - 00100513 / Imm12: 001 / Rs1: 00 / Funct3: 0 / Rd: 0a / ARITH / I-type [0m
[0;37mControlUnit: DEBUG: (@ 1465.0ns) PC=00010128 - 01f51513 / Imm12: 01f / Rs1: 0a / Funct3: 1 / Rd: 0a / ARITH / I-type [0m
[0;37mControlUnit: DEBUG: (@ 1471.0ns) PC=0001012c - 00054c63 / Imm12: 00c / Rs2: 00 / Rs1: 0a / Funct3: 4 / BRANCH / B-type [0m
[0;34mControlUnit: INFO: (@ 1471.0ns) Branching [0m
[0;37mControlUnit: DEBUG: (@ 1535.0ns) PC=00010144 - 00000293 / Imm12: 000 / Rs1: 00 / Funct3: 0 / Rd: 05 / ARITH / I-type [0m
[0;37mControlUnit: DEBUG: (@ 1541.0ns) PC=00010148 - 00028a63 / Imm12: 00a / Rs2: 00 / Rs1: 05 / Funct3: 0 / BRANCH / B-type [0m
[0;34mControlUnit: INFO: (@ 1541.0ns) Branching [0m
[0;37mControlUnit: DEBUG: (@ 1575.0ns) PC=0001015c - 30005073 / Csr: 300 / Rs1: 00 / Funct3: 5 / Rd: 00 / CSR / I-type [0m
[0;37mControlUnit: DEBUG: (@ 1617.0ns) PC=00010160 - 00000297 / Imm20: 00000 / Rd: 05 / AUIPC / U-type [0m
[0;37mControlUnit: DEBUG: (@ 1619.0ns) PC=00010164 - 01428293 / Imm12: 014 / Rs1: 05 / Funct3: 0 / Rd: 05 / ARITH / I-type [0m
[0;37mControlUnit: DEBUG: (@ 1625.0ns) PC=00010168 - 34129073 / Csr: 341 / Rs1: 05 / Funct3: 1 / Rd: 00 / CSR / I-type [0m
[0;37mControlUnit: DEBUG: (@ 1627.0ns) PC=0001016c - f1402573 / Csr: f14 / Rs1: 00 / Funct3: 2 / Rd: 0a / CSR / I-type [0m
[0;37mControlUnit: DEBUG: (@ 1661.0ns) PC=00010170 - 30200073 / Csr: 302 / Rs1: 00 / Funct3: 0 / Rd: 00 / MRET - I-type [0m
[0;34mControlUnit: INFO: (@ 1661.0ns) MRET -> Machine Return [0m
[0;37mControlUnit: DEBUG: (@ 1667.0ns) PC=00010174 - 01400093 / Imm12: 014 / Rs1: 00 / Funct3: 0 / Rd: 01 / ARITH / I-type [0m
[0;37mControlUnit: DEBUG: (@ 1669.0ns) PC=00010178 - 00600113 / Imm12: 006 / Rs1: 00 / Funct3: 0 / Rd: 02 / ARITH / I-type [0m
[0;37mControlUnit: DEBUG: (@ 1671.0ns) PC=0001017c - 0220e733 / Funct7: 01 / Rs2: 02 / Rs1: 01 / Funct3: 6 / Rd: 0e / MULDIV / R-type [0m
[0;37mControlUnit: DEBUG: (@ 1707.0ns) PC=00010180 - 00200393 / Imm12: 002 / Rs1: 00 / Funct3: 0 / Rd: 07 / ARITH / I-type [0m
[0;37mControlUnit: DEBUG: (@ 1709.0ns) PC=00010184 - 00200193 / Imm12: 002 / Rs1: 00 / Funct3: 0 / Rd: 03 / ARITH / I-type [0m
[0;37mControlUnit: DEBUG: (@ 1743.0ns) PC=00010188 - 0c771463 / Imm12: 064 / Rs2: 07 / Rs1: 0e / Funct3: 1 / BRANCH / B-type [0m
[0;37mControlUnit: DEBUG: (@ 1745.0ns) PC=0001018c - fec00093 / Imm12: fec / Rs1: 00 / Funct3: 0 / Rd: 01 / ARITH / I-type [0m
[0;37mControlUnit: DEBUG: (@ 1755.0ns) PC=00010190 - 00600113 / Imm12: 006 / Rs1: 00 / Funct3: 0 / Rd: 02 / ARITH / I-type [0m
[0;37mControlUnit: DEBUG: (@ 1757.0ns) PC=00010194 - 0220e733 / Funct7: 01 / Rs2: 02 / Rs1: 01 / Funct3: 6 / Rd: 0e / MULDIV / R-type [0m
[0;37mControlUnit: DEBUG: (@ 1759.0ns) PC=00010198 - ffe00393 / Imm12: ffe / Rs1: 00 / Funct3: 0 / Rd: 07 / ARITH / I-type [0m
[0;37mControlUnit: DEBUG: (@ 1761.0ns) PC=0001019c - 00300193 / Imm12: 003 / Rs1: 00 / Funct3: 0 / Rd: 03 / ARITH / I-type [0m
[0;37mControlUnit: DEBUG: (@ 1829.0ns) PC=000101a0 - 0a771863 / Imm12: 058 / Rs2: 07 / Rs1: 0e / Funct3: 1 / BRANCH / B-type [0m
[0;37mControlUnit: DEBUG: (@ 1831.0ns) PC=000101a4 - 01400093 / Imm12: 014 / Rs1: 00 / Funct3: 0 / Rd: 01 / ARITH / I-type [0m
[0;37mControlUnit: DEBUG: (@ 1833.0ns) PC=000101a8 - ffa00113 / Imm12: ffa / Rs1: 00 / Funct3: 0 / Rd: 02 / ARITH / I-type [0m
[0;37mControlUnit: DEBUG: (@ 1835.0ns) PC=000101ac - 0220e733 / Funct7: 01 / Rs2: 02 / Rs1: 01 / Funct3: 6 / Rd: 0e / MULDIV / R-type [0m
[0;37mControlUnit: DEBUG: (@ 1837.0ns) PC=000101b0 - 00200393 / Imm12: 002 / Rs1: 00 / Funct3: 0 / Rd: 07 / ARITH / I-type [0m
[0;37mControlUnit: DEBUG: (@ 1839.0ns) PC=000101b4 - 00400193 / Imm12: 004 / Rs1: 00 / Funct3: 0 / Rd: 03 / ARITH / I-type [0m
[0;37mControlUnit: DEBUG: (@ 1907.0ns) PC=000101b8 - 08771c63 / Imm12: 04c / Rs2: 07 / Rs1: 0e / Funct3: 1 / BRANCH / B-type [0m
[0;37mControlUnit: DEBUG: (@ 1909.0ns) PC=000101bc - fec00093 / Imm12: fec / Rs1: 00 / Funct3: 0 / Rd: 01 / ARITH / I-type [0m
[0;37mControlUnit: DEBUG: (@ 1911.0ns) PC=000101c0 - ffa00113 / Imm12: ffa / Rs1: 00 / Funct3: 0 / Rd: 02 / ARITH / I-type [0m
[0;37mControlUnit: DEBUG: (@ 1913.0ns) PC=000101c4 - 0220e733 / Funct7: 01 / Rs2: 02 / Rs1: 01 / Funct3: 6 / Rd: 0e / MULDIV / R-type [0m
[0;37mControlUnit: DEBUG: (@ 1915.0ns) PC=000101c8 - ffe00393 / Imm12: ffe / Rs1: 00 / Funct3: 0 / Rd: 07 / ARITH / I-type [0m
[0;37mControlUnit: DEBUG: (@ 1917.0ns) PC=000101cc - 00500193 / Imm12: 005 / Rs1: 00 / Funct3: 0 / Rd: 03 / ARITH / I-type [0m
[0;37mControlUnit: DEBUG: (@ 1985.0ns) PC=000101d0 - 08771063 / Imm12: 040 / Rs2: 07 / Rs1: 0e / Funct3: 1 / BRANCH / B-type [0m
[0;37mControlUnit: DEBUG: (@ 1987.0ns) PC=000101d4 - 800000b7 / Imm20: 80000 / Rd: 01 / LUI / U-type [0m
[0;37mControlUnit: DEBUG: (@ 1989.0ns) PC=000101d8 - 00100113 / Imm12: 001 / Rs1: 00 / Funct3: 0 / Rd: 02 / ARITH / I-type [0m
[0;37mControlUnit: DEBUG: (@ 1991.0ns) PC=000101dc - 0220e733 / Funct7: 01 / Rs2: 02 / Rs1: 01 / Funct3: 6 / Rd: 0e / MULDIV / R-type [0m
[0;37mControlUnit: DEBUG: (@ 1993.0ns) PC=000101e0 - 00000393 / Imm12: 000 / Rs1: 00 / Funct3: 0 / Rd: 07 / ARITH / I-type [0m
[0;37mControlUnit: DEBUG: (@ 1995.0ns) PC=000101e4 - 00600193 / Imm12: 006 / Rs1: 00 / Funct3: 0 / Rd: 03 / ARITH / I-type [0m
[0;37mControlUnit: DEBUG: (@ 2063.0ns) PC=000101e8 - 06771463 / Imm12: 034 / Rs2: 07 / Rs1: 0e / Funct3: 1 / BRANCH / B-type [0m
[0;37mControlUnit: DEBUG: (@ 2065.0ns) PC=000101ec - 800000b7 / Imm20: 80000 / Rd: 01 / LUI / U-type [0m
[0;37mControlUnit: DEBUG: (@ 2067.0ns) PC=000101f0 - fff00113 / Imm12: fff / Rs1: 00 / Funct3: 0 / Rd: 02 / ARITH / I-type [0m
[0;37mControlUnit: DEBUG: (@ 2069.0ns) PC=000101f4 - 0220e733 / Funct7: 01 / Rs2: 02 / Rs1: 01 / Funct3: 6 / Rd: 0e / MULDIV / R-type [0m
[0;37mControlUnit: DEBUG: (@ 2071.0ns) PC=000101f8 - 00000393 / Imm12: 000 / Rs1: 00 / Funct3: 0 / Rd: 07 / ARITH / I-type [0m
[0;37mControlUnit: DEBUG: (@ 2073.0ns) PC=000101fc - 00700193 / Imm12: 007 / Rs1: 00 / Funct3: 0 / Rd: 03 / ARITH / I-type [0m
[0;37mControlUnit: DEBUG: (@ 2141.0ns) PC=00010200 - 04771863 / Imm12: 028 / Rs2: 07 / Rs1: 0e / Funct3: 1 / BRANCH / B-type [0m
[0;37mControlUnit: DEBUG: (@ 2143.0ns) PC=00010204 - 800000b7 / Imm20: 80000 / Rd: 01 / LUI / U-type [0m
[0;37mControlUnit: DEBUG: (@ 2145.0ns) PC=00010208 - 00000113 / Imm12: 000 / Rs1: 00 / Funct3: 0 / Rd: 02 / ARITH / I-type [0m
[0;37mControlUnit: DEBUG: (@ 2147.0ns) PC=0001020c - 0220e733 / Funct7: 01 / Rs2: 02 / Rs1: 01 / Funct3: 6 / Rd: 0e / MULDIV / R-type [0m
[0;37mControlUnit: DEBUG: (@ 2153.0ns) PC=00010210 - 800003b7 / Imm20: 80000 / Rd: 07 / LUI / U-type [0m
[0;37mControlUnit: DEBUG: (@ 2155.0ns) PC=00010214 - 00800193 / Imm12: 008 / Rs1: 00 / Funct3: 0 / Rd: 03 / ARITH / I-type [0m
[0;37mControlUnit: DEBUG: (@ 2161.0ns) PC=00010218 - 02771c63 / Imm12: 01c / Rs2: 07 / Rs1: 0e / Funct3: 1 / BRANCH / B-type [0m
[0;37mControlUnit: DEBUG: (@ 2163.0ns) PC=0001021c - 00100093 / Imm12: 001 / Rs1: 00 / Funct3: 0 / Rd: 01 / ARITH / I-type [0m
[0;37mControlUnit: DEBUG: (@ 2167.0ns) PC=00010220 - 00000113 / Imm12: 000 / Rs1: 00 / Funct3: 0 / Rd: 02 / ARITH / I-type [0m
[0;37mControlUnit: DEBUG: (@ 2169.0ns) PC=00010224 - 0220e733 / Funct7: 01 / Rs2: 02 / Rs1: 01 / Funct3: 6 / Rd: 0e / MULDIV / R-type [0m
[0;37mControlUnit: DEBUG: (@ 2171.0ns) PC=00010228 - 00100393 / Imm12: 001 / Rs1: 00 / Funct3: 0 / Rd: 07 / ARITH / I-type [0m
[0;37mControlUnit: DEBUG: (@ 2173.0ns) PC=0001022c - 00900193 / Imm12: 009 / Rs1: 00 / Funct3: 0 / Rd: 03 / ARITH / I-type [0m
[0;37mControlUnit: DEBUG: (@ 2197.0ns) PC=00010230 - 02771063 / Imm12: 010 / Rs2: 07 / Rs1: 0e / Funct3: 1 / BRANCH / B-type [0m
[0;37mControlUnit: DEBUG: (@ 2199.0ns) PC=00010234 - 00000093 / Imm12: 000 / Rs1: 00 / Funct3: 0 / Rd: 01 / ARITH / I-type [0m
[0;37mControlUnit: DEBUG: (@ 2201.0ns) PC=00010238 - 00000113 / Imm12: 000 / Rs1: 00 / Funct3: 0 / Rd: 02 / ARITH / I-type [0m
[0;37mControlUnit: DEBUG: (@ 2203.0ns) PC=0001023c - 0220e733 / Funct7: 01 / Rs2: 02 / Rs1: 01 / Funct3: 6 / Rd: 0e / MULDIV / R-type [0m
[0;37mControlUnit: DEBUG: (@ 2221.0ns) PC=00010240 - 00000393 / Imm12: 000 / Rs1: 00 / Funct3: 0 / Rd: 07 / ARITH / I-type [0m
[0;37mControlUnit: DEBUG: (@ 2223.0ns) PC=00010244 - 00a00193 / Imm12: 00a / Rs1: 00 / Funct3: 0 / Rd: 03 / ARITH / I-type [0m
[0;37mControlUnit: DEBUG: (@ 2229.0ns) PC=00010248 - 00771463 / Imm12: 004 / Rs2: 07 / Rs1: 0e / Funct3: 1 / BRANCH / B-type [0m
[0;37mControlUnit: DEBUG: (@ 2231.0ns) PC=0001024c - 02301263 / Imm12: 012 / Rs2: 03 / Rs1: 00 / Funct3: 1 / BRANCH / B-type [0m
[0;34mControlUnit: INFO: (@ 2231.0ns) Branching [0m
[0;37mControlUnit: DEBUG: (@ 2263.0ns) PC=00010270 - 0ff0000f / Imm12: 000 / Rs1: 00 / Funct3: 0 / Rd: 00 / FENCE / I-type [0m
[0;37mControlUnit: DEBUG: (@ 2265.0ns) PC=00010274 - 00100193 / Imm12: 001 / Rs1: 00 / Funct3: 0 / Rd: 03 / ARITH / I-type [0m
[0;37mControlUnit: DEBUG: (@ 2267.0ns) PC=00010278 - 05d00893 / Imm12: 05d / Rs1: 00 / Funct3: 0 / Rd: 11 / ARITH / I-type [0m
[0;37mControlUnit: DEBUG: (@ 2269.0ns) PC=0001027c - 00000513 / Imm12: 000 / Rs1: 00 / Funct3: 0 / Rd: 0a / ARITH / I-type [0m
[0;37mControlUnit: DEBUG: (@ 2293.0ns) PC=00010280 - 00100073 / Imm12: 001 / Rs1: 00 / Funct3: 0 / Rd: 00 / EBREAK - I-type [0m
[0;34mControlUnit: INFO: (@ 2293.0ns) EBREAK -> Stop the processor [0m

[0;34mINFO: PC=0x10280 (@ 2295.0ns) (friscv_testbench.sv:803)[0m
[0;34mINFO: X31=0x0 (@ 2295.0ns) (friscv_testbench.sv:809)[0m
[0;34mINFO: Halt on EBREAK (@ 2295.0ns) (friscv_testbench.sv:816)[0m
[0;34mINFO: Halt on MRET (@ 2295.0ns) (friscv_testbench.sv:817)[0m
pc:       00010280	x16/a6:   00000000
x1/ra:    00000000	x17/a7:   0000005d
x2/sp:    00000000	x18/s2:   00000000
x3/gp:    00000001	x19/s3:   00000000
x4/tp:    00000000	x20/s4:   00000000
x5/t0:    00010174	x21/s5:   00000000
x6/t1:    00000000	x22/s6:   00000000
x7/t2:    00000000	x23/s7:   00000000
x8/s0/fp: 00000000	x24/s8:   00000000
x9/s1:    00000000	x25/s9:   00000000
x10/a0:   00000000	x26/s10:  00000000
x11/a1:   00000000	x27/s11:  00000000
x12/a2:   00000000	x28/t3:   00000000
x13/a3:   00000000	x29/t4:   00000000
x14/a4:   00000000	x30/t5:   00000000
x15/a5:   00000000	x31/t6:   00000000
[0;32mSUCCESS: << Test 0: rv32ui-p-add >> pass (@ 2295.0ns) (friscv_testbench.sv:906)[0m

[0;34mINFO: Stop testsuite 'FRISCV Testbench' (@ 2295.0ns) (friscv_testbench.sv:908)[0m
  [1;33m- Warning number:  0[0m
  [1;35m- Critical number: 0[0m
  [1;31m- Error number:    0[0m
  [0;32m- STATUS: 1/1 test(s) passed[0m

friscv_testbench.sv:930: $finish called at 2295000 (1ps)

SVUT (@ 18:39:58) Stop friscv_testbench.sv

SVUT (@ 18:39:58) Elapsed time: 0:00:08.108798


[0;34mINFO: Execute ./tests/rv32um-p-remu.v[0m
Sources didn't change, will not compile the testbench
  - Config file:      config.cfg
  - BOOT_ADDR:        65536
  - TIMEOUT:          100000
  - MIN_PC:           65908
  - TB_CHOICE:        1 (0=CORE, 1=PLATFORM)
  - TCNAME:           rv32um-p-remu
  - SIMULATOR:        icarus
  - NO_VCD:           1
  - INTERACTIVE:      0
  - RAM_MODE:         compliance

       ______    ____  ________
      / ___/ |  / / / / /_  __/
      \__ \| | / / / / / / /  
     ___/ /| |/ / /_/ / / /   
    /____/ |___/\____/ /_/

    v1.10.0

SVUT (@ 18:39:59) Run with Icarus Verilog

SVUT (@ 18:39:59) Start friscv_testbench.sv

SVUT (@ 18:39:59) vvp svut.out 
WARNING: ../common/axi4l_ram.sv:112: $readmemh(test.v): Not enough words in the file for the requested range [0:268435455].
[0;34mINFO: No VCD trace will be created (@ 0) (friscv_testbench.sv:769)[0m
[0;34mINFO: Boot address: 0x00010000 (@ 0.0ns) (friscv_testbench.sv:794)[0m

[0;34mINFO: Start testsuite << FRISCV Testbench >> (@ 0.0ns) (friscv_testbench.sv:896)[0m

[0;34mINFO: Starting << Test 0: rv32ui-p-add >> (@ 0.0ns) (friscv_testbench.sv:898)[0m
[0;34mControlUnit: INFO: (@ 1037.0ns) IDLE -> Boot the processor [0m
[0;34mControlUnit: INFO: (@ 1065.0ns) JAL [0m
[0;37mControlUnit: DEBUG: (@ 1065.0ns) PC=00010000 - 0480006f / Imm20: 00024 / rd: 00  / JAL / J-type [0m
[0;37mControlUnit: DEBUG: (@ 1093.0ns) PC=00010048 - 00000093 / Imm12: 000 / Rs1: 00 / Funct3: 0 / Rd: 01 / ARITH / I-type [0m
[0;37mControlUnit: DEBUG: (@ 1095.0ns) PC=0001004c - 00000113 / Imm12: 000 / Rs1: 00 / Funct3: 0 / Rd: 02 / ARITH / I-type [0m
[0;37mControlUnit: DEBUG: (@ 1113.0ns) PC=00010050 - 00000193 / Imm12: 000 / Rs1: 00 / Funct3: 0 / Rd: 03 / ARITH / I-type [0m
[0;37mControlUnit: DEBUG: (@ 1115.0ns) PC=00010054 - 00000213 / Imm12: 000 / Rs1: 00 / Funct3: 0 / Rd: 04 / ARITH / I-type [0m
[0;37mControlUnit: DEBUG: (@ 1117.0ns) PC=00010058 - 00000293 / Imm12: 000 / Rs1: 00 / Funct3: 0 / Rd: 05 / ARITH / I-type [0m
[0;37mControlUnit: DEBUG: (@ 1119.0ns) PC=0001005c - 00000313 / Imm12: 000 / Rs1: 00 / Funct3: 0 / Rd: 06 / ARITH / I-type [0m
[0;37mControlUnit: DEBUG: (@ 1137.0ns) PC=00010060 - 00000393 / Imm12: 000 / Rs1: 00 / Funct3: 0 / Rd: 07 / ARITH / I-type [0m
[0;37mControlUnit: DEBUG: (@ 1139.0ns) PC=00010064 - 00000413 / Imm12: 000 / Rs1: 00 / Funct3: 0 / Rd: 08 / ARITH / I-type [0m
[0;37mControlUnit: DEBUG: (@ 1141.0ns) PC=00010068 - 00000493 / Imm12: 000 / Rs1: 00 / Funct3: 0 / Rd: 09 / ARITH / I-type [0m
[0;37mControlUnit: DEBUG: (@ 1143.0ns) PC=0001006c - 00000513 / Imm12: 000 / Rs1: 00 / Funct3: 0 / Rd: 0a / ARITH / I-type [0m
[0;37mControlUnit: DEBUG: (@ 1161.0ns) PC=00010070 - 00000593 / Imm12: 000 / Rs1: 00 / Funct3: 0 / Rd: 0b / ARITH / I-type [0m
[0;37mControlUnit: DEBUG: (@ 1163.0ns) PC=00010074 - 00000613 / Imm12: 000 / Rs1: 00 / Funct3: 0 / Rd: 0c / ARITH / I-type [0m
[0;37mControlUnit: DEBUG: (@ 1165.0ns) PC=00010078 - 00000693 / Imm12: 000 / Rs1: 00 / Funct3: 0 / Rd: 0d / ARITH / I-type [0m
[0;37mControlUnit: DEBUG: (@ 1167.0ns) PC=0001007c - 00000713 / Imm12: 000 / Rs1: 00 / Funct3: 0 / Rd: 0e / ARITH / I-type [0m
[0;37mControlUnit: DEBUG: (@ 1185.0ns) PC=00010080 - 00000793 / Imm12: 000 / Rs1: 00 / Funct3: 0 / Rd: 0f / ARITH / I-type [0m
[0;37mControlUnit: DEBUG: (@ 1187.0ns) PC=00010084 - 00000813 / Imm12: 000 / Rs1: 00 / Funct3: 0 / Rd: 10 / ARITH / I-type [0m
[0;37mControlUnit: DEBUG: (@ 1189.0ns) PC=00010088 - 00000893 / Imm12: 000 / Rs1: 00 / Funct3: 0 / Rd: 11 / ARITH / I-type [0m
[0;37mControlUnit: DEBUG: (@ 1191.0ns) PC=0001008c - 00000913 / Imm12: 000 / Rs1: 00 / Funct3: 0 / Rd: 12 / ARITH / I-type [0m
[0;37mControlUnit: DEBUG: (@ 1209.0ns) PC=00010090 - 00000993 / Imm12: 000 / Rs1: 00 / Funct3: 0 / Rd: 13 / ARITH / I-type [0m
[0;37mControlUnit: DEBUG: (@ 1211.0ns) PC=00010094 - 00000a13 / Imm12: 000 / Rs1: 00 / Funct3: 0 / Rd: 14 / ARITH / I-type [0m
[0;37mControlUnit: DEBUG: (@ 1213.0ns) PC=00010098 - 00000a93 / Imm12: 000 / Rs1: 00 / Funct3: 0 / Rd: 15 / ARITH / I-type [0m
[0;37mControlUnit: DEBUG: (@ 1215.0ns) PC=0001009c - 00000b13 / Imm12: 000 / Rs1: 00 / Funct3: 0 / Rd: 16 / ARITH / I-type [0m
[0;37mControlUnit: DEBUG: (@ 1235.0ns) PC=000100a0 - 00000b93 / Imm12: 000 / Rs1: 00 / Funct3: 0 / Rd: 17 / ARITH / I-type [0m
[0;37mControlUnit: DEBUG: (@ 1237.0ns) PC=000100a4 - 00000c13 / Imm12: 000 / Rs1: 00 / Funct3: 0 / Rd: 18 / ARITH / I-type [0m
[0;37mControlUnit: DEBUG: (@ 1239.0ns) PC=000100a8 - 00000c93 / Imm12: 000 / Rs1: 00 / Funct3: 0 / Rd: 19 / ARITH / I-type [0m
[0;37mControlUnit: DEBUG: (@ 1241.0ns) PC=000100ac - 00000d13 / Imm12: 000 / Rs1: 00 / Funct3: 0 / Rd: 1a / ARITH / I-type [0m
[0;37mControlUnit: DEBUG: (@ 1263.0ns) PC=000100b0 - 00000d93 / Imm12: 000 / Rs1: 00 / Funct3: 0 / Rd: 1b / ARITH / I-type [0m
[0;37mControlUnit: DEBUG: (@ 1265.0ns) PC=000100b4 - 00000e13 / Imm12: 000 / Rs1: 00 / Funct3: 0 / Rd: 1c / ARITH / I-type [0m
[0;37mControlUnit: DEBUG: (@ 1267.0ns) PC=000100b8 - 00000e93 / Imm12: 000 / Rs1: 00 / Funct3: 0 / Rd: 1d / ARITH / I-type [0m
[0;37mControlUnit: DEBUG: (@ 1269.0ns) PC=000100bc - 00000f13 / Imm12: 000 / Rs1: 00 / Funct3: 0 / Rd: 1e / ARITH / I-type [0m
[0;37mControlUnit: DEBUG: (@ 1287.0ns) PC=000100c0 - 00000f93 / Imm12: 000 / Rs1: 00 / Funct3: 0 / Rd: 1f / ARITH / I-type [0m
[0;37mControlUnit: DEBUG: (@ 1293.0ns) PC=000100c4 - f1402573 / Csr: f14 / Rs1: 00 / Funct3: 2 / Rd: 0a / CSR / I-type [0m
[0;37mControlUnit: DEBUG: (@ 1295.0ns) PC=000100c8 - 00051063 / Imm12: 000 / Rs2: 00 / Rs1: 0a / Funct3: 1 / BRANCH / B-type [0m
[0;37mControlUnit: DEBUG: (@ 1297.0ns) PC=000100cc - 00000297 / Imm20: 00000 / Rd: 05 / AUIPC / U-type [0m
[0;37mControlUnit: DEBUG: (@ 1311.0ns) PC=000100d0 - 01028293 / Imm12: 010 / Rs1: 05 / Funct3: 0 / Rd: 05 / ARITH / I-type [0m
[0;37mControlUnit: DEBUG: (@ 1317.0ns) PC=000100d4 - 30529073 / Csr: 305 / Rs1: 05 / Funct3: 1 / Rd: 00 / CSR / I-type [0m
[0;37mControlUnit: DEBUG: (@ 1319.0ns) PC=000100d8 - 18005073 / Csr: 180 / Rs1: 00 / Funct3: 5 / Rd: 00 / CSR / I-type [0m
[0;37mControlUnit: DEBUG: (@ 1321.0ns) PC=000100dc - 00000297 / Imm20: 00000 / Rd: 05 / AUIPC / U-type [0m
[0;37mControlUnit: DEBUG: (@ 1337.0ns) PC=000100e0 - 02028293 / Imm12: 020 / Rs1: 05 / Funct3: 0 / Rd: 05 / ARITH / I-type [0m
[0;37mControlUnit: DEBUG: (@ 1343.0ns) PC=000100e4 - 30529073 / Csr: 305 / Rs1: 05 / Funct3: 1 / Rd: 00 / CSR / I-type [0m
[0;37mControlUnit: DEBUG: (@ 1345.0ns) PC=000100e8 - 800002b7 / Imm20: 80000 / Rd: 05 / LUI / U-type [0m
[0;37mControlUnit: DEBUG: (@ 1347.0ns) PC=000100ec - fff28293 / Imm12: fff / Rs1: 05 / Funct3: 0 / Rd: 05 / ARITH / I-type [0m
[0;37mControlUnit: DEBUG: (@ 1365.0ns) PC=000100f0 - 3b029073 / Csr: 3b0 / Rs1: 05 / Funct3: 1 / Rd: 00 / CSR / I-type [0m
[0;37mControlUnit: DEBUG: (@ 1367.0ns) PC=000100f4 - 01f00293 / Imm12: 01f / Rs1: 00 / Funct3: 0 / Rd: 05 / ARITH / I-type [0m
[0;37mControlUnit: DEBUG: (@ 1373.0ns) PC=000100f8 - 3a029073 / Csr: 3a0 / Rs1: 05 / Funct3: 1 / Rd: 00 / CSR / I-type [0m
[0;37mControlUnit: DEBUG: (@ 1375.0ns) PC=000100fc - 30405073 / Csr: 304 / Rs1: 00 / Funct3: 5 / Rd: 00 / CSR / I-type [0m
[0;37mControlUnit: DEBUG: (@ 1395.0ns) PC=00010100 - 00000297 / Imm20: 00000 / Rd: 05 / AUIPC / U-type [0m
[0;37mControlUnit: DEBUG: (@ 1397.0ns) PC=00010104 - 01428293 / Imm12: 014 / Rs1: 05 / Funct3: 0 / Rd: 05 / ARITH / I-type [0m
[0;37mControlUnit: DEBUG: (@ 1403.0ns) PC=00010108 - 30529073 / Csr: 305 / Rs1: 05 / Funct3: 1 / Rd: 00 / CSR / I-type [0m
[0;37mControlUnit: DEBUG: (@ 1405.0ns) PC=0001010c - 30205073 / Csr: 302 / Rs1: 00 / Funct3: 5 / Rd: 00 / CSR / I-type [0m
[0;37mControlUnit: DEBUG: (@ 1427.0ns) PC=00010110 - 30305073 / Csr: 303 / Rs1: 00 / Funct3: 5 / Rd: 00 / CSR / I-type [0m
[0;37mControlUnit: DEBUG: (@ 1429.0ns) PC=00010114 - 00000193 / Imm12: 000 / Rs1: 00 / Funct3: 0 / Rd: 03 / ARITH / I-type [0m
[0;37mControlUnit: DEBUG: (@ 1435.0ns) PC=00010118 - 00000297 / Imm20: 00000 / Rd: 05 / AUIPC / U-type [0m
[0;37mControlUnit: DEBUG: (@ 1437.0ns) PC=0001011c - eec28293 / Imm12: eec / Rs1: 05 / Funct3: 0 / Rd: 05 / ARITH / I-type [0m
[0;37mControlUnit: DEBUG: (@ 1461.0ns) PC=00010120 - 30529073 / Csr: 305 / Rs1: 05 / Funct3: 1 / Rd: 00 / CSR / I-type [0m
[0;37mControlUnit: DEBUG: (@ 1463.0ns) PC=00010124 - 00100513 / Imm12: 001 / Rs1: 00 / Funct3: 0 / Rd: 0a / ARITH / I-type [0m
[0;37mControlUnit: DEBUG: (@ 1465.0ns) PC=00010128 - 01f51513 / Imm12: 01f / Rs1: 0a / Funct3: 1 / Rd: 0a / ARITH / I-type [0m
[0;37mControlUnit: DEBUG: (@ 1471.0ns) PC=0001012c - 00054c63 / Imm12: 00c / Rs2: 00 / Rs1: 0a / Funct3: 4 / BRANCH / B-type [0m
[0;34mControlUnit: INFO: (@ 1471.0ns) Branching [0m
[0;37mControlUnit: DEBUG: (@ 1535.0ns) PC=00010144 - 00000293 / Imm12: 000 / Rs1: 00 / Funct3: 0 / Rd: 05 / ARITH / I-type [0m
[0;37mControlUnit: DEBUG: (@ 1541.0ns) PC=00010148 - 00028a63 / Imm12: 00a / Rs2: 00 / Rs1: 05 / Funct3: 0 / BRANCH / B-type [0m
[0;34mControlUnit: INFO: (@ 1541.0ns) Branching [0m
[0;37mControlUnit: DEBUG: (@ 1575.0ns) PC=0001015c - 30005073 / Csr: 300 / Rs1: 00 / Funct3: 5 / Rd: 00 / CSR / I-type [0m
[0;37mControlUnit: DEBUG: (@ 1617.0ns) PC=00010160 - 00000297 / Imm20: 00000 / Rd: 05 / AUIPC / U-type [0m
[0;37mControlUnit: DEBUG: (@ 1619.0ns) PC=00010164 - 01428293 / Imm12: 014 / Rs1: 05 / Funct3: 0 / Rd: 05 / ARITH / I-type [0m
[0;37mControlUnit: DEBUG: (@ 1625.0ns) PC=00010168 - 34129073 / Csr: 341 / Rs1: 05 / Funct3: 1 / Rd: 00 / CSR / I-type [0m
[0;37mControlUnit: DEBUG: (@ 1627.0ns) PC=0001016c - f1402573 / Csr: f14 / Rs1: 00 / Funct3: 2 / Rd: 0a / CSR / I-type [0m
[0;37mControlUnit: DEBUG: (@ 1661.0ns) PC=00010170 - 30200073 / Csr: 302 / Rs1: 00 / Funct3: 0 / Rd: 00 / MRET - I-type [0m
[0;34mControlUnit: INFO: (@ 1661.0ns) MRET -> Machine Return [0m
[0;37mControlUnit: DEBUG: (@ 1667.0ns) PC=00010174 - 01400093 / Imm12: 014 / Rs1: 00 / Funct3: 0 / Rd: 01 / ARITH / I-type [0m
[0;37mControlUnit: DEBUG: (@ 1669.0ns) PC=00010178 - 00600113 / Imm12: 006 / Rs1: 00 / Funct3: 0 / Rd: 02 / ARITH / I-type [0m
[0;37mControlUnit: DEBUG: (@ 1671.0ns) PC=0001017c - 0220f733 / Funct7: 01 / Rs2: 02 / Rs1: 01 / Funct3: 7 / Rd: 0e / MULDIV / R-type [0m
[0;37mControlUnit: DEBUG: (@ 1707.0ns) PC=00010180 - 00200393 / Imm12: 002 / Rs1: 00 / Funct3: 0 / Rd: 07 / ARITH / I-type [0m
[0;37mControlUnit: DEBUG: (@ 1709.0ns) PC=00010184 - 00200193 / Imm12: 002 / Rs1: 00 / Funct3: 0 / Rd: 03 / ARITH / I-type [0m
[0;37mControlUnit: DEBUG: (@ 1743.0ns) PC=00010188 - 0c771463 / Imm12: 064 / Rs2: 07 / Rs1: 0e / Funct3: 1 / BRANCH / B-type [0m
[0;37mControlUnit: DEBUG: (@ 1745.0ns) PC=0001018c - fec00093 / Imm12: fec / Rs1: 00 / Funct3: 0 / Rd: 01 / ARITH / I-type [0m
[0;37mControlUnit: DEBUG: (@ 1755.0ns) PC=00010190 - 00600113 / Imm12: 006 / Rs1: 00 / Funct3: 0 / Rd: 02 / ARITH / I-type [0m
[0;37mControlUnit: DEBUG: (@ 1757.0ns) PC=00010194 - 0220f733 / Funct7: 01 / Rs2: 02 / Rs1: 01 / Funct3: 7 / Rd: 0e / MULDIV / R-type [0m
[0;37mControlUnit: DEBUG: (@ 1759.0ns) PC=00010198 - 00200393 / Imm12: 002 / Rs1: 00 / Funct3: 0 / Rd: 07 / ARITH / I-type [0m
[0;37mControlUnit: DEBUG: (@ 1761.0ns) PC=0001019c - 00300193 / Imm12: 003 / Rs1: 00 / Funct3: 0 / Rd: 03 / ARITH / I-type [0m
[0;37mControlUnit: DEBUG: (@ 1829.0ns) PC=000101a0 - 0a771863 / Imm12: 058 / Rs2: 07 / Rs1: 0e / Funct3: 1 / BRANCH / B-type [0m
[0;37mControlUnit: DEBUG: (@ 1831.0ns) PC=000101a4 - 01400093 / Imm12: 014 / Rs1: 00 / Funct3: 0 / Rd: 01 / ARITH / I-type [0m
[0;37mControlUnit: DEBUG: (@ 1833.0ns) PC=000101a8 - ffa00113 / Imm12: ffa / Rs1: 00 / Funct3: 0 / Rd: 02 / ARITH / I-type [0m
[0;37mControlUnit: DEBUG: (@ 1835.0ns) PC=000101ac - 0220f733 / Funct7: 01 / Rs2: 02 / Rs1: 01 / Funct3: 7 / Rd: 0e / MULDIV / R-type [0m
[0;37mControlUnit: DEBUG: (@ 1837.0ns) PC=000101b0 - 01400393 / Imm12: 014 / Rs1: 00 / Funct3: 0 / Rd: 07 / ARITH / I-type [0m
[0;37mControlUnit: DEBUG: (@ 1839.0ns) PC=000101b4 - 00400193 / Imm12: 004 / Rs1: 00 / Funct3: 0 / Rd: 03 / ARITH / I-type [0m
[0;37mControlUnit: DEBUG: (@ 1907.0ns) PC=000101b8 - 08771c63 / Imm12: 04c / Rs2: 07 / Rs1: 0e / Funct3: 1 / BRANCH / B-type [0m
[0;37mControlUnit: DEBUG: (@ 1909.0ns) PC=000101bc - fec00093 / Imm12: fec / Rs1: 00 / Funct3: 0 / Rd: 01 / ARITH / I-type [0m
[0;37mControlUnit: DEBUG: (@ 1911.0ns) PC=000101c0 - ffa00113 / Imm12: ffa / Rs1: 00 / Funct3: 0 / Rd: 02 / ARITH / I-type [0m
[0;37mControlUnit: DEBUG: (@ 1913.0ns) PC=000101c4 - 0220f733 / Funct7: 01 / Rs2: 02 / Rs1: 01 / Funct3: 7 / Rd: 0e / MULDIV / R-type [0m
[0;37mControlUnit: DEBUG: (@ 1915.0ns) PC=000101c8 - fec00393 / Imm12: fec / Rs1: 00 / Funct3: 0 / Rd: 07 / ARITH / I-type [0m
[0;37mControlUnit: DEBUG: (@ 1917.0ns) PC=000101cc - 00500193 / Imm12: 005 / Rs1: 00 / Funct3: 0 / Rd: 03 / ARITH / I-type [0m
[0;37mControlUnit: DEBUG: (@ 1985.0ns) PC=000101d0 - 08771063 / Imm12: 040 / Rs2: 07 / Rs1: 0e / Funct3: 1 / BRANCH / B-type [0m
[0;37mControlUnit: DEBUG: (@ 1987.0ns) PC=000101d4 - 800000b7 / Imm20: 80000 / Rd: 01 / LUI / U-type [0m
[0;37mControlUnit: DEBUG: (@ 1989.0ns) PC=000101d8 - 00100113 / Imm12: 001 / Rs1: 00 / Funct3: 0 / Rd: 02 / ARITH / I-type [0m
[0;37mControlUnit: DEBUG: (@ 1991.0ns) PC=000101dc - 0220f733 / Funct7: 01 / Rs2: 02 / Rs1: 01 / Funct3: 7 / Rd: 0e / MULDIV / R-type [0m
[0;37mControlUnit: DEBUG: (@ 1993.0ns) PC=000101e0 - 00000393 / Imm12: 000 / Rs1: 00 / Funct3: 0 / Rd: 07 / ARITH / I-type [0m
[0;37mControlUnit: DEBUG: (@ 1995.0ns) PC=000101e4 - 00600193 / Imm12: 006 / Rs1: 00 / Funct3: 0 / Rd: 03 / ARITH / I-type [0m
[0;37mControlUnit: DEBUG: (@ 2063.0ns) PC=000101e8 - 06771463 / Imm12: 034 / Rs2: 07 / Rs1: 0e / Funct3: 1 / BRANCH / B-type [0m
[0;37mControlUnit: DEBUG: (@ 2065.0ns) PC=000101ec - 800000b7 / Imm20: 80000 / Rd: 01 / LUI / U-type [0m
[0;37mControlUnit: DEBUG: (@ 2067.0ns) PC=000101f0 - fff00113 / Imm12: fff / Rs1: 00 / Funct3: 0 / Rd: 02 / ARITH / I-type [0m
[0;37mControlUnit: DEBUG: (@ 2069.0ns) PC=000101f4 - 0220f733 / Funct7: 01 / Rs2: 02 / Rs1: 01 / Funct3: 7 / Rd: 0e / MULDIV / R-type [0m
[0;37mControlUnit: DEBUG: (@ 2141.0ns) PC=000101f8 - 800003b7 / Imm20: 80000 / Rd: 07 / LUI / U-type [0m
[0;37mControlUnit: DEBUG: (@ 2143.0ns) PC=000101fc - 00700193 / Imm12: 007 / Rs1: 00 / Funct3: 0 / Rd: 03 / ARITH / I-type [0m
[0;37mControlUnit: DEBUG: (@ 2149.0ns) PC=00010200 - 04771863 / Imm12: 028 / Rs2: 07 / Rs1: 0e / Funct3: 1 / BRANCH / B-type [0m
[0;37mControlUnit: DEBUG: (@ 2151.0ns) PC=00010204 - 800000b7 / Imm20: 80000 / Rd: 01 / LUI / U-type [0m
[0;37mControlUnit: DEBUG: (@ 2153.0ns) PC=00010208 - 00000113 / Imm12: 000 / Rs1: 00 / Funct3: 0 / Rd: 02 / ARITH / I-type [0m
[0;37mControlUnit: DEBUG: (@ 2155.0ns) PC=0001020c - 0220f733 / Funct7: 01 / Rs2: 02 / Rs1: 01 / Funct3: 7 / Rd: 0e / MULDIV / R-type [0m
[0;37mControlUnit: DEBUG: (@ 2161.0ns) PC=00010210 - 800003b7 / Imm20: 80000 / Rd: 07 / LUI / U-type [0m
[0;37mControlUnit: DEBUG: (@ 2163.0ns) PC=00010214 - 00800193 / Imm12: 008 / Rs1: 00 / Funct3: 0 / Rd: 03 / ARITH / I-type [0m
[0;37mControlUnit: DEBUG: (@ 2169.0ns) PC=00010218 - 02771c63 / Imm12: 01c / Rs2: 07 / Rs1: 0e / Funct3: 1 / BRANCH / B-type [0m
[0;37mControlUnit: DEBUG: (@ 2171.0ns) PC=0001021c - 00100093 / Imm12: 001 / Rs1: 00 / Funct3: 0 / Rd: 01 / ARITH / I-type [0m
[0;37mControlUnit: DEBUG: (@ 2175.0ns) PC=00010220 - 00000113 / Imm12: 000 / Rs1: 00 / Funct3: 0 / Rd: 02 / ARITH / I-type [0m
[0;37mControlUnit: DEBUG: (@ 2177.0ns) PC=00010224 - 0220f733 / Funct7: 01 / Rs2: 02 / Rs1: 01 / Funct3: 7 / Rd: 0e / MULDIV / R-type [0m
[0;37mControlUnit: DEBUG: (@ 2179.0ns) PC=00010228 - 00100393 / Imm12: 001 / Rs1: 00 / Funct3: 0 / Rd: 07 / ARITH / I-type [0m
[0;37mControlUnit: DEBUG: (@ 2181.0ns) PC=0001022c - 00900193 / Imm12: 009 / Rs1: 00 / Funct3: 0 / Rd: 03 / ARITH / I-type [0m
[0;37mControlUnit: DEBUG: (@ 2205.0ns) PC=00010230 - 02771063 / Imm12: 010 / Rs2: 07 / Rs1: 0e / Funct3: 1 / BRANCH / B-type [0m
[0;37mControlUnit: DEBUG: (@ 2207.0ns) PC=00010234 - 00000093 / Imm12: 000 / Rs1: 00 / Funct3: 0 / Rd: 01 / ARITH / I-type [0m
[0;37mControlUnit: DEBUG: (@ 2209.0ns) PC=00010238 - 00000113 / Imm12: 000 / Rs1: 00 / Funct3: 0 / Rd: 02 / ARITH / I-type [0m
[0;37mControlUnit: DEBUG: (@ 2211.0ns) PC=0001023c - 0220f733 / Funct7: 01 / Rs2: 02 / Rs1: 01 / Funct3: 7 / Rd: 0e / MULDIV / R-type [0m
[0;37mControlUnit: DEBUG: (@ 2229.0ns) PC=00010240 - 00000393 / Imm12: 000 / Rs1: 00 / Funct3: 0 / Rd: 07 / ARITH / I-type [0m
[0;37mControlUnit: DEBUG: (@ 2231.0ns) PC=00010244 - 00a00193 / Imm12: 00a / Rs1: 00 / Funct3: 0 / Rd: 03 / ARITH / I-type [0m
[0;37mControlUnit: DEBUG: (@ 2237.0ns) PC=00010248 - 00771463 / Imm12: 004 / Rs2: 07 / Rs1: 0e / Funct3: 1 / BRANCH / B-type [0m
[0;37mControlUnit: DEBUG: (@ 2239.0ns) PC=0001024c - 02301263 / Imm12: 012 / Rs2: 03 / Rs1: 00 / Funct3: 1 / BRANCH / B-type [0m
[0;34mControlUnit: INFO: (@ 2239.0ns) Branching [0m
[0;37mControlUnit: DEBUG: (@ 2271.0ns) PC=00010270 - 0ff0000f / Imm12: 000 / Rs1: 00 / Funct3: 0 / Rd: 00 / FENCE / I-type [0m
[0;37mControlUnit: DEBUG: (@ 2273.0ns) PC=00010274 - 00100193 / Imm12: 001 / Rs1: 00 / Funct3: 0 / Rd: 03 / ARITH / I-type [0m
[0;37mControlUnit: DEBUG: (@ 2275.0ns) PC=00010278 - 05d00893 / Imm12: 05d / Rs1: 00 / Funct3: 0 / Rd: 11 / ARITH / I-type [0m
[0;37mControlUnit: DEBUG: (@ 2277.0ns) PC=0001027c - 00000513 / Imm12: 000 / Rs1: 00 / Funct3: 0 / Rd: 0a / ARITH / I-type [0m
[0;37mControlUnit: DEBUG: (@ 2301.0ns) PC=00010280 - 00100073 / Imm12: 001 / Rs1: 00 / Funct3: 0 / Rd: 00 / EBREAK - I-type [0m
[0;34mControlUnit: INFO: (@ 2301.0ns) EBREAK -> Stop the processor [0m

[0;34mINFO: PC=0x10280 (@ 2303.0ns) (friscv_testbench.sv:803)[0m
[0;34mINFO: X31=0x0 (@ 2303.0ns) (friscv_testbench.sv:809)[0m
[0;34mINFO: Halt on EBREAK (@ 2303.0ns) (friscv_testbench.sv:816)[0m
[0;34mINFO: Halt on MRET (@ 2303.0ns) (friscv_testbench.sv:817)[0m
pc:       00010280	x16/a6:   00000000
x1/ra:    00000000	x17/a7:   0000005d
x2/sp:    00000000	x18/s2:   00000000
x3/gp:    00000001	x19/s3:   00000000
x4/tp:    00000000	x20/s4:   00000000
x5/t0:    00010174	x21/s5:   00000000
x6/t1:    00000000	x22/s6:   00000000
x7/t2:    00000000	x23/s7:   00000000
x8/s0/fp: 00000000	x24/s8:   00000000
x9/s1:    00000000	x25/s9:   00000000
x10/a0:   00000000	x26/s10:  00000000
x11/a1:   00000000	x27/s11:  00000000
x12/a2:   00000000	x28/t3:   00000000
x13/a3:   00000000	x29/t4:   00000000
x14/a4:   00000000	x30/t5:   00000000
x15/a5:   00000000	x31/t6:   00000000
[0;32mSUCCESS: << Test 0: rv32ui-p-add >> pass (@ 2303.0ns) (friscv_testbench.sv:906)[0m

[0;34mINFO: Stop testsuite 'FRISCV Testbench' (@ 2303.0ns) (friscv_testbench.sv:908)[0m
  [1;33m- Warning number:  0[0m
  [1;35m- Critical number: 0[0m
  [1;31m- Error number:    0[0m
  [0;32m- STATUS: 1/1 test(s) passed[0m

friscv_testbench.sv:930: $finish called at 2303000 (1ps)

SVUT (@ 18:40:06) Stop friscv_testbench.sv

SVUT (@ 18:40:06) Elapsed time: 0:00:07.537142


Check status:
  ✅ rv32um-p-div
  ✅ rv32um-p-divu
  ✅ rv32um-p-mul
  ✅ rv32um-p-mulh
  ✅ rv32um-p-mulhsu
  ✅ rv32um-p-mulhu
  ✅ rv32um-p-rem
  ✅ rv32um-p-remu

[0;32mSUCCESS: Testsuite successfully terminated ^^[0m
